ukprn,year,cah1,ft,pt
10000080,2014/15,25,70.0,0.0
10000080,2015/16,25,70.0,0.0
10000080,2016/17,25,60.0,0.0
10000080,2017/18,25,45.0,0.0
10000080,2018/19,25,20.0,0.0
10000163,2017/18,02,355.0,80.0
10000163,2018/19,02,465.0,120.0
10000163,2018/19,03,10.0,0.0
10000163,2019/20,02,565.0,135.0
10000163,2019/20,03,15.0,0.0
10000163,2020/21,02,725.0,115.0
10000163,2020/21,03,25.0,0.0
10000163,2020/21,04,5.0,0.0
10000163,2021/22,02,865.0,110.0
10000163,2021/22,03,35.0,0.0
10000163,2021/22,04,10.0,0.0
10000163,2021/22,15,0.0,5.0
10000163,2021/22,23,0.0,5.0
10000163,2022/23,01,0.0,5.0
10000163,2022/23,02,960.0,140.0
10000163,2022/23,03,30.0,5.0
10000163,2022/23,04,20.0,10.0
10000163,2022/23,15,0.0,10.0
10000163,2023/24,01,0.0,10.0
10000163,2023/24,02,1000.0,305.0
10000163,2023/24,03,25.0,5.0
10000163,2023/24,04,0.0,40.0
10000163,2023/24,15,0.0,35.0
10000163,2024/25,01,0.0,10.0
10000163,2024/25,02,1255.0,425.0
10000163,2024/25,03,75.0,0.0
10000163,2024/25,04,15.0,30.0
10000163,2024/25,11,40.0,0.0
10000163,2024/25,15,5.0,25.0
10000163,2024/25,17,230.0,0.0
10000216,2015/16,20,70.0,0.0
10000216,2016/17,20,60.0,0.0
10000216,2017/18,20,70.0,10.0
10000216,2018/19,20,55.0,10.0
10000216,2019/20,20,55.0,10.0
10000216,2020/21,17,0.0,5.0
10000216,2020/21,20,50.0,15.0
10000216,2021/22,17,0.0,5.0
10000216,2021/22,20,65.0,15.0
10000216,2022/23,17,0.0,5.0
10000216,2022/23,20,35.0,15.0
10000216,2023/24,20,35.0,10.0
10000216,2024/25,20,30.0,10.0
10000248,2014/15,25,195.0,0.0
10000248,2015/16,25,185.0,0.0
10000248,2016/17,25,180.0,0.0
10000248,2017/18,25,255.0,0.0
10000248,2018/19,25,260.0,0.0
10000248,2019/20,25,260.0,0.0
10000248,2020/21,25,270.0,0.0
10000291,2014/15,02,2935.0,2605.0
10000291,2014/15,03,1095.0,95.0
10000291,2014/15,04,665.0,25.0
10000291,2014/15,05,80.0,0.0
10000291,2014/15,06,105.0,25.0
10000291,2014/15,07,345.0,5.0
10000291,2014/15,10,510.0,200.0
10000291,2014/15,11,700.0,55.0
10000291,2014/15,13,340.0,605.0
10000291,2014/15,15,1535.0,200.0
10000291,2014/15,16,710.0,25.0
10000291,2014/15,17,2410.0,565.0
10000291,2014/15,19,545.0,110.0
10000291,2014/15,20,280.0,115.0
10000291,2014/15,22,865.0,285.0
10000291,2014/15,23,65.0,10.0
10000291,2014/15,24,480.0,20.0
10000291,2014/15,25,1085.0,145.0
10000291,2015/16,02,3545.0,2105.0
10000291,2015/16,03,1100.0,115.0
10000291,2015/16,04,735.0,30.0
10000291,2015/16,05,105.0,0.0
10000291,2015/16,06,140.0,15.0
10000291,2015/16,07,390.0,15.0
10000291,2015/16,10,505.0,205.0
10000291,2015/16,11,750.0,40.0
10000291,2015/16,13,255.0,770.0
10000291,2015/16,15,1270.0,325.0
10000291,2015/16,16,760.0,20.0
10000291,2015/16,17,3640.0,505.0
10000291,2015/16,19,470.0,95.0
10000291,2015/16,20,290.0,65.0
10000291,2015/16,22,685.0,275.0
10000291,2015/16,23,30.0,10.0
10000291,2015/16,24,485.0,15.0
10000291,2015/16,25,1035.0,130.0
10000291,2016/17,02,4105.0,2140.0
10000291,2016/17,03,1265.0,120.0
10000291,2016/17,04,495.0,50.0
10000291,2016/17,05,105.0,0.0
10000291,2016/17,06,15.0,0.0
10000291,2016/17,07,365.0,10.0
10000291,2016/17,10,520.0,195.0
10000291,2016/17,11,850.0,40.0
10000291,2016/17,13,325.0,710.0
10000291,2016/17,15,1155.0,310.0
10000291,2016/17,16,810.0,25.0
10000291,2016/17,17,4460.0,490.0
10000291,2016/17,19,575.0,90.0
10000291,2016/17,20,245.0,55.0
10000291,2016/17,22,730.0,385.0
10000291,2016/17,23,5.0,0.0
10000291,2016/17,24,305.0,15.0
10000291,2016/17,25,1385.0,145.0
10000291,2017/18,02,4740.0,2085.0
10000291,2017/18,03,1260.0,120.0
10000291,2017/18,04,615.0,60.0
10000291,2017/18,05,100.0,0.0
10000291,2017/18,06,5.0,0.0
10000291,2017/18,07,390.0,10.0
10000291,2017/18,10,500.0,130.0
10000291,2017/18,11,850.0,40.0
10000291,2017/18,13,350.0,790.0
10000291,2017/18,15,1225.0,325.0
10000291,2017/18,16,750.0,25.0
10000291,2017/18,17,5070.0,375.0
10000291,2017/18,19,420.0,100.0
10000291,2017/18,20,180.0,30.0
10000291,2017/18,22,700.0,425.0
10000291,2017/18,23,15.0,0.0
10000291,2017/18,24,305.0,15.0
10000291,2017/18,25,1345.0,135.0
10000291,2018/19,01,100.0,0.0
10000291,2018/19,02,4790.0,2205.0
10000291,2018/19,03,1280.0,155.0
10000291,2018/19,04,625.0,65.0
10000291,2018/19,05,100.0,0.0
10000291,2018/19,07,370.0,10.0
10000291,2018/19,10,435.0,155.0
10000291,2018/19,11,810.0,65.0
10000291,2018/19,13,365.0,855.0
10000291,2018/19,15,1205.0,285.0
10000291,2018/19,16,725.0,25.0
10000291,2018/19,17,5775.0,535.0
10000291,2018/19,19,360.0,95.0
10000291,2018/19,20,155.0,40.0
10000291,2018/19,22,690.0,415.0
10000291,2018/19,23,15.0,0.0
10000291,2018/19,24,225.0,10.0
10000291,2018/19,25,1410.0,155.0
10000291,2019/20,01,215.0,25.0
10000291,2019/20,02,4200.0,2030.0
10000291,2019/20,03,750.0,110.0
10000291,2019/20,04,620.0,50.0
10000291,2019/20,05,85.0,0.0
10000291,2019/20,06,110.0,5.0
10000291,2019/20,07,360.0,0.0
10000291,2019/20,10,510.0,175.0
10000291,2019/20,11,920.0,75.0
10000291,2019/20,13,390.0,905.0
10000291,2019/20,15,2740.0,530.0
10000291,2019/20,16,705.0,15.0
10000291,2019/20,17,7590.0,590.0
10000291,2019/20,19,295.0,70.0
10000291,2019/20,20,130.0,65.0
10000291,2019/20,22,420.0,220.0
10000291,2019/20,23,45.0,35.0
10000291,2019/20,24,190.0,50.0
10000291,2019/20,25,1335.0,155.0
10000291,2020/21,01,325.0,10.0
10000291,2020/21,02,4925.0,2600.0
10000291,2020/21,03,720.0,95.0
10000291,2020/21,04,735.0,65.0
10000291,2020/21,05,75.0,0.0
10000291,2020/21,06,95.0,5.0
10000291,2020/21,07,365.0,5.0
10000291,2020/21,10,675.0,160.0
10000291,2020/21,11,965.0,75.0
10000291,2020/21,13,400.0,875.0
10000291,2020/21,15,3190.0,610.0
10000291,2020/21,16,755.0,10.0
10000291,2020/21,17,10600.0,925.0
10000291,2020/21,19,275.0,50.0
10000291,2020/21,20,130.0,90.0
10000291,2020/21,22,485.0,160.0
10000291,2020/21,23,45.0,30.0
10000291,2020/21,24,180.0,85.0
10000291,2020/21,25,1220.0,155.0
10000291,2021/22,01,435.0,10.0
10000291,2021/22,02,5800.0,2860.0
10000291,2021/22,03,735.0,90.0
10000291,2021/22,04,770.0,85.0
10000291,2021/22,05,75.0,0.0
10000291,2021/22,06,100.0,5.0
10000291,2021/22,07,385.0,5.0
10000291,2021/22,10,970.0,155.0
10000291,2021/22,11,1120.0,75.0
10000291,2021/22,13,475.0,785.0
10000291,2021/22,15,3740.0,995.0
10000291,2021/22,16,700.0,10.0
10000291,2021/22,17,10950.0,1105.0
10000291,2021/22,19,215.0,50.0
10000291,2021/22,20,125.0,110.0
10000291,2021/22,22,480.0,285.0
10000291,2021/22,23,30.0,25.0
10000291,2021/22,24,180.0,100.0
10000291,2021/22,25,1040.0,125.0
10000291,2022/23,01,535.0,10.0
10000291,2022/23,02,6190.0,2855.0
10000291,2022/23,03,765.0,75.0
10000291,2022/23,04,870.0,85.0
10000291,2022/23,05,40.0,0.0
10000291,2022/23,06,90.0,5.0
10000291,2022/23,07,430.0,5.0
10000291,2022/23,10,1080.0,170.0
10000291,2022/23,11,1380.0,180.0
10000291,2022/23,13,635.0,720.0
10000291,2022/23,15,4020.0,1375.0
10000291,2022/23,16,765.0,10.0
10000291,2022/23,17,9215.0,690.0
10000291,2022/23,19,215.0,35.0
10000291,2022/23,20,135.0,110.0
10000291,2022/23,22,570.0,385.0
10000291,2022/23,23,25.0,25.0
10000291,2022/23,24,205.0,0.0
10000291,2022/23,25,1075.0,105.0
10000291,2022/23,26,10.0,0.0
10000291,2023/24,01,540.0,10.0
10000291,2023/24,02,6470.0,2775.0
10000291,2023/24,03,730.0,80.0
10000291,2023/24,04,990.0,85.0
10000291,2023/24,05,190.0,110.0
10000291,2023/24,06,330.0,150.0
10000291,2023/24,07,425.0,0.0
10000291,2023/24,10,905.0,255.0
10000291,2023/24,11,1605.0,135.0
10000291,2023/24,13,625.0,660.0
10000291,2023/24,15,4355.0,1710.0
10000291,2023/24,16,875.0,20.0
10000291,2023/24,17,8195.0,655.0
10000291,2023/24,19,200.0,30.0
10000291,2023/24,20,125.0,120.0
10000291,2023/24,22,600.0,450.0
10000291,2023/24,23,20.0,25.0
10000291,2023/24,24,220.0,5.0
10000291,2023/24,25,1105.0,110.0
10000291,2023/24,26,10.0,15.0
10000291,2024/25,01,605.0,10.0
10000291,2024/25,02,6145.0,2530.0
10000291,2024/25,03,655.0,65.0
10000291,2024/25,04,940.0,85.0
10000291,2024/25,05,220.0,40.0
10000291,2024/25,06,530.0,20.0
10000291,2024/25,07,355.0,0.0
10000291,2024/25,10,730.0,195.0
10000291,2024/25,11,1775.0,110.0
10000291,2024/25,13,440.0,725.0
10000291,2024/25,15,4185.0,1660.0
10000291,2024/25,16,1065.0,40.0
10000291,2024/25,17,7695.0,625.0
10000291,2024/25,19,225.0,20.0
10000291,2024/25,20,105.0,115.0
10000291,2024/25,22,625.0,425.0
10000291,2024/25,23,20.0,20.0
10000291,2024/25,24,195.0,5.0
10000291,2024/25,25,1065.0,100.0
10000291,2024/25,26,5.0,20.0
10000381,2014/15,25,235.0,10.0
10000381,2015/16,25,235.0,10.0
10000381,2016/17,25,235.0,15.0
10000381,2017/18,25,265.0,20.0
10000381,2018/19,25,265.0,10.0
10000381,2019/20,25,275.0,0.0
10000381,2020/21,25,385.0,0.0
10000381,2021/22,25,345.0,0.0
10000381,2022/23,25,345.0,0.0
10000381,2023/24,25,325.0,0.0
10000381,2024/25,25,340.0,0.0
10000385,2014/15,13,140.0,5.0
10000385,2014/15,17,100.0,0.0
10000385,2014/15,24,30.0,0.0
10000385,2014/15,25,2635.0,45.0
10000385,2015/16,13,125.0,0.0
10000385,2015/16,17,110.0,0.0
10000385,2015/16,25,2965.0,45.0
10000385,2016/17,13,125.0,5.0
10000385,2016/17,17,105.0,0.0
10000385,2016/17,25,3015.0,60.0
10000385,2017/18,13,110.0,5.0
10000385,2017/18,17,95.0,0.0
10000385,2017/18,19,20.0,0.0
10000385,2017/18,25,3195.0,70.0
10000385,2018/19,13,115.0,0.0
10000385,2018/19,17,75.0,0.0
10000385,2018/19,19,40.0,0.0
10000385,2018/19,25,3095.0,60.0
10000385,2019/20,13,120.0,0.0
10000385,2019/20,17,100.0,0.0
10000385,2019/20,19,70.0,0.0
10000385,2019/20,25,3080.0,75.0
10000385,2020/21,13,135.0,0.0
10000385,2020/21,17,110.0,0.0
10000385,2020/21,19,80.0,0.0
10000385,2020/21,25,3130.0,65.0
10000385,2021/22,13,165.0,0.0
10000385,2021/22,17,115.0,0.0
10000385,2021/22,19,100.0,0.0
10000385,2021/22,25,3285.0,65.0
10000385,2022/23,10,5.0,0.0
10000385,2022/23,13,175.0,5.0
10000385,2022/23,17,115.0,0.0
10000385,2022/23,19,110.0,0.0
10000385,2022/23,25,3405.0,80.0
10000385,2023/24,10,5.0,0.0
10000385,2023/24,11,10.0,0.0
10000385,2023/24,13,185.0,15.0
10000385,2023/24,17,100.0,0.0
10000385,2023/24,19,115.0,10.0
10000385,2023/24,25,3405.0,115.0
10000385,2024/25,10,5.0,0.0
10000385,2024/25,11,80.0,0.0
10000385,2024/25,13,155.0,20.0
10000385,2024/25,17,105.0,0.0
10000385,2024/25,19,100.0,20.0
10000385,2024/25,22,0.0,10.0
10000385,2024/25,25,3075.0,165.0
10000571,2014/15,02,90.0,5.0
10000571,2014/15,03,85.0,5.0
10000571,2014/15,04,320.0,15.0
10000571,2014/15,10,25.0,5.0
10000571,2014/15,11,5.0,0.0
10000571,2014/15,15,100.0,5.0
10000571,2014/15,17,805.0,15.0
10000571,2014/15,19,685.0,70.0
10000571,2014/15,20,375.0,25.0
10000571,2014/15,22,1215.0,745.0
10000571,2014/15,23,5.0,0.0
10000571,2014/15,24,305.0,10.0
10000571,2014/15,25,2095.0,170.0
10000571,2014/15,26,190.0,5.0
10000571,2015/16,02,105.0,5.0
10000571,2015/16,03,100.0,0.0
10000571,2015/16,04,355.0,15.0
10000571,2015/16,10,20.0,5.0
10000571,2015/16,11,40.0,0.0
10000571,2015/16,15,135.0,5.0
10000571,2015/16,17,850.0,15.0
10000571,2015/16,19,690.0,70.0
10000571,2015/16,20,360.0,25.0
10000571,2015/16,22,1200.0,670.0
10000571,2015/16,23,10.0,0.0
10000571,2015/16,24,425.0,10.0
10000571,2015/16,25,2140.0,150.0
10000571,2015/16,26,225.0,5.0
10000571,2016/17,02,110.0,5.0
10000571,2016/17,03,115.0,0.0
10000571,2016/17,04,405.0,15.0
10000571,2016/17,07,5.0,0.0
10000571,2016/17,09,5.0,0.0
10000571,2016/17,10,10.0,0.0
10000571,2016/17,11,90.0,5.0
10000571,2016/17,15,235.0,10.0
10000571,2016/17,17,835.0,15.0
10000571,2016/17,19,730.0,65.0
10000571,2016/17,20,335.0,35.0
10000571,2016/17,22,1210.0,520.0
10000571,2016/17,23,10.0,0.0
10000571,2016/17,24,505.0,10.0
10000571,2016/17,25,2285.0,175.0
10000571,2016/17,26,245.0,5.0
10000571,2017/18,02,110.0,0.0
10000571,2017/18,03,110.0,0.0
10000571,2017/18,04,470.0,25.0
10000571,2017/18,09,10.0,0.0
10000571,2017/18,10,5.0,0.0
10000571,2017/18,11,125.0,5.0
10000571,2017/18,15,320.0,10.0
10000571,2017/18,17,780.0,30.0
10000571,2017/18,19,725.0,80.0
10000571,2017/18,20,320.0,25.0
10000571,2017/18,22,1200.0,555.0
10000571,2017/18,24,550.0,10.0
10000571,2017/18,25,2185.0,185.0
10000571,2017/18,26,245.0,5.0
10000571,2018/19,02,115.0,0.0
10000571,2018/19,03,120.0,5.0
10000571,2018/19,04,420.0,25.0
10000571,2018/19,09,10.0,0.0
10000571,2018/19,11,135.0,10.0
10000571,2018/19,15,355.0,15.0
10000571,2018/19,17,695.0,55.0
10000571,2018/19,19,685.0,95.0
10000571,2018/19,20,265.0,20.0
10000571,2018/19,22,1195.0,580.0
10000571,2018/19,24,505.0,10.0
10000571,2018/19,25,2180.0,200.0
10000571,2018/19,26,195.0,5.0
10000571,2019/20,02,105.0,45.0
10000571,2019/20,03,100.0,0.0
10000571,2019/20,04,505.0,30.0
10000571,2019/20,07,50.0,0.0
10000571,2019/20,09,20.0,0.0
10000571,2019/20,11,130.0,10.0
10000571,2019/20,15,475.0,15.0
10000571,2019/20,17,1160.0,55.0
10000571,2019/20,19,580.0,110.0
10000571,2019/20,20,235.0,20.0
10000571,2019/20,22,1160.0,560.0
10000571,2019/20,23,30.0,0.0
10000571,2019/20,24,580.0,15.0
10000571,2019/20,25,2240.0,215.0
10000571,2019/20,26,185.0,20.0
10000571,2020/21,02,110.0,65.0
10000571,2020/21,03,90.0,5.0
10000571,2020/21,04,490.0,35.0
10000571,2020/21,07,100.0,0.0
10000571,2020/21,09,25.0,0.0
10000571,2020/21,10,115.0,5.0
10000571,2020/21,11,160.0,20.0
10000571,2020/21,15,450.0,25.0
10000571,2020/21,16,25.0,0.0
10000571,2020/21,17,1210.0,170.0
10000571,2020/21,19,560.0,120.0
10000571,2020/21,20,210.0,20.0
10000571,2020/21,22,1130.0,915.0
10000571,2020/21,24,545.0,30.0
10000571,2020/21,25,2205.0,205.0
10000571,2020/21,26,165.0,20.0
10000571,2021/22,02,105.0,80.0
10000571,2021/22,03,105.0,5.0
10000571,2021/22,04,485.0,30.0
10000571,2021/22,07,120.0,0.0
10000571,2021/22,10,105.0,5.0
10000571,2021/22,11,240.0,15.0
10000571,2021/22,13,1280.0,0.0
10000571,2021/22,15,475.0,25.0
10000571,2021/22,16,70.0,0.0
10000571,2021/22,17,3945.0,75.0
10000571,2021/22,19,460.0,90.0
10000571,2021/22,20,190.0,10.0
10000571,2021/22,22,1085.0,1020.0
10000571,2021/22,24,580.0,10.0
10000571,2021/22,25,2350.0,115.0
10000571,2021/22,26,150.0,15.0
10000571,2022/23,02,75.0,90.0
10000571,2022/23,03,110.0,5.0
10000571,2022/23,04,595.0,25.0
10000571,2022/23,10,135.0,5.0
10000571,2022/23,11,300.0,15.0
10000571,2022/23,13,3405.0,65.0
10000571,2022/23,15,435.0,25.0
10000571,2022/23,16,155.0,5.0
10000571,2022/23,17,6040.0,255.0
10000571,2022/23,19,360.0,85.0
10000571,2022/23,20,140.0,20.0
10000571,2022/23,22,750.0,1065.0
10000571,2022/23,24,645.0,15.0
10000571,2022/23,25,2265.0,105.0
10000571,2022/23,26,135.0,15.0
10000571,2023/24,02,100.0,95.0
10000571,2023/24,03,115.0,0.0
10000571,2023/24,04,600.0,15.0
10000571,2023/24,11,395.0,10.0
10000571,2023/24,13,5170.0,35.0
10000571,2023/24,15,1000.0,15.0
10000571,2023/24,16,180.0,0.0
10000571,2023/24,17,11125.0,205.0
10000571,2023/24,19,360.0,85.0
10000571,2023/24,20,140.0,20.0
10000571,2023/24,22,625.0,1235.0
10000571,2023/24,24,705.0,10.0
10000571,2023/24,25,2130.0,70.0
10000571,2023/24,26,130.0,10.0
10000571,2024/25,02,170.0,105.0
10000571,2024/25,03,120.0,0.0
10000571,2024/25,04,920.0,5.0
10000571,2024/25,07,10.0,0.0
10000571,2024/25,11,985.0,5.0
10000571,2024/25,13,7010.0,0.0
10000571,2024/25,15,1410.0,5.0
10000571,2024/25,16,1005.0,0.0
10000571,2024/25,17,12475.0,10.0
10000571,2024/25,19,385.0,90.0
10000571,2024/25,20,155.0,15.0
10000571,2024/25,22,450.0,700.0
10000571,2024/25,24,695.0,5.0
10000571,2024/25,25,2025.0,70.0
10000571,2024/25,26,130.0,5.0
10000712,2014/15,03,425.0,75.0
10000712,2014/15,06,335.0,10.0
10000712,2014/15,15,65.0,125.0
10000712,2014/15,17,2205.0,315.0
10000712,2014/15,22,530.0,360.0
10000712,2014/15,25,395.0,15.0
10000712,2015/16,03,375.0,80.0
10000712,2015/16,06,440.0,10.0
10000712,2015/16,15,155.0,95.0
10000712,2015/16,17,2255.0,335.0
10000712,2015/16,22,455.0,270.0
10000712,2015/16,25,540.0,15.0
10000712,2016/17,03,330.0,60.0
10000712,2016/17,06,505.0,20.0
10000712,2016/17,15,220.0,90.0
10000712,2016/17,17,2275.0,295.0
10000712,2016/17,22,345.0,220.0
10000712,2016/17,25,540.0,30.0
10000712,2017/18,03,345.0,50.0
10000712,2017/18,06,585.0,15.0
10000712,2017/18,15,245.0,125.0
10000712,2017/18,17,2255.0,230.0
10000712,2017/18,22,285.0,245.0
10000712,2017/18,25,525.0,30.0
10000712,2018/19,02,65.0,0.0
10000712,2018/19,03,360.0,45.0
10000712,2018/19,06,570.0,25.0
10000712,2018/19,15,245.0,110.0
10000712,2018/19,17,2230.0,170.0
10000712,2018/19,22,270.0,255.0
10000712,2018/19,25,540.0,20.0
10000712,2019/20,02,135.0,5.0
10000712,2019/20,03,470.0,45.0
10000712,2019/20,06,600.0,25.0
10000712,2019/20,13,390.0,25.0
10000712,2019/20,15,435.0,250.0
10000712,2019/20,17,1745.0,170.0
10000712,2019/20,22,50.0,75.0
10000712,2019/20,25,500.0,15.0
10000712,2020/21,02,305.0,15.0
10000712,2020/21,03,455.0,70.0
10000712,2020/21,06,670.0,30.0
10000712,2020/21,13,485.0,35.0
10000712,2020/21,15,445.0,205.0
10000712,2020/21,17,1710.0,175.0
10000712,2020/21,22,75.0,40.0
10000712,2020/21,23,0.0,5.0
10000712,2020/21,25,515.0,20.0
10000712,2021/22,02,460.0,60.0
10000712,2021/22,03,445.0,30.0
10000712,2021/22,06,795.0,30.0
10000712,2021/22,11,35.0,0.0
10000712,2021/22,13,455.0,30.0
10000712,2021/22,15,345.0,220.0
10000712,2021/22,17,1420.0,165.0
10000712,2021/22,22,105.0,25.0
10000712,2021/22,25,520.0,20.0
10000712,2022/23,02,655.0,380.0
10000712,2022/23,03,460.0,25.0
10000712,2022/23,06,1085.0,30.0
10000712,2022/23,10,35.0,10.0
10000712,2022/23,11,120.0,0.0
10000712,2022/23,13,300.0,15.0
10000712,2022/23,15,335.0,195.0
10000712,2022/23,17,2190.0,100.0
10000712,2022/23,22,110.0,45.0
10000712,2022/23,25,385.0,20.0
10000712,2023/24,02,800.0,490.0
10000712,2023/24,03,405.0,30.0
10000712,2023/24,06,1035.0,30.0
10000712,2023/24,10,50.0,0.0
10000712,2023/24,11,355.0,5.0
10000712,2023/24,13,275.0,35.0
10000712,2023/24,15,320.0,170.0
10000712,2023/24,17,2400.0,155.0
10000712,2023/24,22,70.0,30.0
10000712,2023/24,25,210.0,10.0
10000712,2024/25,02,875.0,445.0
10000712,2024/25,03,310.0,40.0
10000712,2024/25,04,30.0,5.0
10000712,2024/25,06,1045.0,35.0
10000712,2024/25,10,60.0,10.0
10000712,2024/25,11,495.0,10.0
10000712,2024/25,13,265.0,70.0
10000712,2024/25,15,305.0,150.0
10000712,2024/25,17,2315.0,150.0
10000712,2024/25,22,55.0,15.0
10000712,2024/25,25,75.0,10.0
10000824,2014/15,02,2055.0,2325.0
10000824,2014/15,03,670.0,35.0
10000824,2014/15,04,720.0,25.0
10000824,2014/15,06,15.0,10.0
10000824,2014/15,07,300.0,35.0
10000824,2014/15,10,350.0,205.0
10000824,2014/15,11,1210.0,115.0
10000824,2014/15,15,405.0,920.0
10000824,2014/15,16,360.0,95.0
10000824,2014/15,17,4640.0,390.0
10000824,2014/15,19,290.0,5.0
10000824,2014/15,20,140.0,20.0
10000824,2014/15,22,10.0,50.0
10000824,2014/15,24,1380.0,110.0
10000824,2014/15,25,1085.0,95.0
10000824,2014/15,26,140.0,20.0
10000824,2015/16,02,2135.0,2520.0
10000824,2015/16,03,725.0,35.0
10000824,2015/16,04,770.0,20.0
10000824,2015/16,06,10.0,10.0
10000824,2015/16,07,300.0,30.0
10000824,2015/16,10,360.0,210.0
10000824,2015/16,11,1290.0,110.0
10000824,2015/16,15,420.0,765.0
10000824,2015/16,16,365.0,80.0
10000824,2015/16,17,4710.0,395.0
10000824,2015/16,19,300.0,5.0
10000824,2015/16,20,450.0,235.0
10000824,2015/16,22,25.0,50.0
10000824,2015/16,24,1405.0,75.0
10000824,2015/16,25,1055.0,75.0
10000824,2015/16,26,105.0,25.0
10000824,2016/17,02,2375.0,2585.0
10000824,2016/17,03,845.0,50.0
10000824,2016/17,04,900.0,25.0
10000824,2016/17,06,15.0,10.0
10000824,2016/17,07,335.0,35.0
10000824,2016/17,10,415.0,195.0
10000824,2016/17,11,1445.0,155.0
10000824,2016/17,15,515.0,690.0
10000824,2016/17,16,300.0,90.0
10000824,2016/17,17,4765.0,495.0
10000824,2016/17,19,300.0,5.0
10000824,2016/17,20,475.0,235.0
10000824,2016/17,22,0.0,45.0
10000824,2016/17,24,1620.0,80.0
10000824,2016/17,25,870.0,55.0
10000824,2016/17,26,125.0,20.0
10000824,2017/18,02,2030.0,1760.0
10000824,2017/18,03,880.0,45.0
10000824,2017/18,04,955.0,25.0
10000824,2017/18,06,15.0,10.0
10000824,2017/18,07,345.0,40.0
10000824,2017/18,10,400.0,205.0
10000824,2017/18,11,1435.0,150.0
10000824,2017/18,15,550.0,450.0
10000824,2017/18,16,295.0,80.0
10000824,2017/18,17,4690.0,480.0
10000824,2017/18,19,300.0,10.0
10000824,2017/18,20,455.0,225.0
10000824,2017/18,22,0.0,65.0
10000824,2017/18,23,10.0,0.0
10000824,2017/18,24,1585.0,70.0
10000824,2017/18,25,955.0,50.0
10000824,2017/18,26,135.0,10.0
10000824,2018/19,02,1855.0,1505.0
10000824,2018/19,03,945.0,30.0
10000824,2018/19,04,955.0,30.0
10000824,2018/19,06,10.0,5.0
10000824,2018/19,07,380.0,15.0
10000824,2018/19,10,335.0,145.0
10000824,2018/19,11,1485.0,105.0
10000824,2018/19,15,630.0,265.0
10000824,2018/19,16,320.0,85.0
10000824,2018/19,17,4610.0,345.0
10000824,2018/19,19,295.0,0.0
10000824,2018/19,20,460.0,225.0
10000824,2018/19,22,0.0,45.0
10000824,2018/19,23,25.0,0.0
10000824,2018/19,24,1490.0,40.0
10000824,2018/19,25,1015.0,40.0
10000824,2018/19,26,150.0,15.0
10000824,2019/20,02,1790.0,1060.0
10000824,2019/20,03,775.0,40.0
10000824,2019/20,04,1080.0,55.0
10000824,2019/20,06,5.0,0.0
10000824,2019/20,07,395.0,20.0
10000824,2019/20,10,280.0,100.0
10000824,2019/20,11,1890.0,135.0
10000824,2019/20,15,950.0,285.0
10000824,2019/20,16,530.0,90.0
10000824,2019/20,17,4230.0,295.0
10000824,2019/20,19,295.0,10.0
10000824,2019/20,20,420.0,210.0
10000824,2019/20,22,0.0,30.0
10000824,2019/20,23,35.0,0.0
10000824,2019/20,24,955.0,40.0
10000824,2019/20,25,1155.0,30.0
10000824,2019/20,26,185.0,30.0
10000824,2020/21,02,2280.0,1120.0
10000824,2020/21,03,810.0,20.0
10000824,2020/21,04,1090.0,25.0
10000824,2020/21,07,440.0,10.0
10000824,2020/21,10,320.0,80.0
10000824,2020/21,11,1990.0,105.0
10000824,2020/21,15,980.0,325.0
10000824,2020/21,16,525.0,60.0
10000824,2020/21,17,4135.0,150.0
10000824,2020/21,19,250.0,5.0
10000824,2020/21,20,365.0,205.0
10000824,2020/21,22,0.0,5.0
10000824,2020/21,23,40.0,0.0
10000824,2020/21,24,895.0,20.0
10000824,2020/21,25,1180.0,25.0
10000824,2020/21,26,195.0,55.0
10000824,2021/22,01,5.0,0.0
10000824,2021/22,02,2445.0,1425.0
10000824,2021/22,03,895.0,25.0
10000824,2021/22,04,1110.0,45.0
10000824,2021/22,07,430.0,20.0
10000824,2021/22,10,275.0,90.0
10000824,2021/22,11,1760.0,155.0
10000824,2021/22,15,955.0,340.0
10000824,2021/22,16,510.0,60.0
10000824,2021/22,17,4115.0,200.0
10000824,2021/22,19,175.0,10.0
10000824,2021/22,20,380.0,185.0
10000824,2021/22,22,0.0,40.0
10000824,2021/22,23,40.0,0.0
10000824,2021/22,24,870.0,30.0
10000824,2021/22,25,1090.0,40.0
10000824,2021/22,26,195.0,45.0
10000824,2022/23,01,15.0,0.0
10000824,2022/23,02,2670.0,1550.0
10000824,2022/23,03,905.0,60.0
10000824,2022/23,04,1120.0,75.0
10000824,2022/23,07,455.0,25.0
10000824,2022/23,10,240.0,105.0
10000824,2022/23,11,2040.0,175.0
10000824,2022/23,15,1045.0,380.0
10000824,2022/23,16,620.0,115.0
10000824,2022/23,17,4145.0,250.0
10000824,2022/23,19,140.0,5.0
10000824,2022/23,20,195.0,40.0
10000824,2022/23,22,0.0,65.0
10000824,2022/23,23,55.0,0.0
10000824,2022/23,24,1000.0,95.0
10000824,2022/23,25,1075.0,50.0
10000824,2022/23,26,200.0,30.0
10000824,2023/24,01,10.0,5.0
10000824,2023/24,02,2735.0,1400.0
10000824,2023/24,03,910.0,50.0
10000824,2023/24,04,1170.0,60.0
10000824,2023/24,07,445.0,30.0
10000824,2023/24,10,280.0,80.0
10000824,2023/24,11,2070.0,120.0
10000824,2023/24,15,1095.0,315.0
10000824,2023/24,16,635.0,105.0
10000824,2023/24,17,4060.0,230.0
10000824,2023/24,19,125.0,15.0
10000824,2023/24,20,180.0,15.0
10000824,2023/24,22,0.0,55.0
10000824,2023/24,23,50.0,10.0
10000824,2023/24,24,1020.0,80.0
10000824,2023/24,25,1005.0,30.0
10000824,2023/24,26,190.0,50.0
10000824,2024/25,01,15.0,5.0
10000824,2024/25,02,2580.0,1330.0
10000824,2024/25,03,790.0,35.0
10000824,2024/25,04,1090.0,65.0
10000824,2024/25,07,430.0,15.0
10000824,2024/25,10,270.0,70.0
10000824,2024/25,11,1770.0,135.0
10000824,2024/25,15,935.0,375.0
10000824,2024/25,16,595.0,110.0
10000824,2024/25,17,3450.0,235.0
10000824,2024/25,19,115.0,10.0
10000824,2024/25,20,175.0,10.0
10000824,2024/25,22,0.0,45.0
10000824,2024/25,23,35.0,10.0
10000824,2024/25,24,925.0,80.0
10000824,2024/25,25,900.0,25.0
10000824,2024/25,26,185.0,45.0
10000886,2014/15,01,350.0,160.0
10000886,2014/15,02,2250.0,1965.0
10000886,2014/15,03,995.0,90.0
10000886,2014/15,04,205.0,105.0
10000886,2014/15,05,5.0,0.0
10000886,2014/15,06,5.0,15.0
10000886,2014/15,07,295.0,15.0
10000886,2014/15,09,195.0,10.0
10000886,2014/15,10,1045.0,175.0
10000886,2014/15,11,590.0,110.0
10000886,2014/15,13,605.0,115.0
10000886,2014/15,15,970.0,415.0
10000886,2014/15,16,175.0,35.0
10000886,2014/15,17,2655.0,300.0
10000886,2014/15,19,560.0,320.0
10000886,2014/15,20,470.0,60.0
10000886,2014/15,22,1455.0,715.0
10000886,2014/15,23,40.0,0.0
10000886,2014/15,24,595.0,65.0
10000886,2014/15,25,1820.0,165.0
10000886,2014/15,26,500.0,55.0
10000886,2015/16,01,355.0,140.0
10000886,2015/16,02,2255.0,2230.0
10000886,2015/16,03,1025.0,85.0
10000886,2015/16,04,250.0,120.0
10000886,2015/16,06,0.0,5.0
10000886,2015/16,07,245.0,20.0
10000886,2015/16,09,185.0,15.0
10000886,2015/16,10,1040.0,140.0
10000886,2015/16,11,620.0,110.0
10000886,2015/16,13,555.0,125.0
10000886,2015/16,15,1065.0,385.0
10000886,2015/16,16,190.0,35.0
10000886,2015/16,17,2695.0,285.0
10000886,2015/16,19,600.0,300.0
10000886,2015/16,20,520.0,65.0
10000886,2015/16,22,1320.0,690.0
10000886,2015/16,23,30.0,0.0
10000886,2015/16,24,645.0,65.0
10000886,2015/16,25,1945.0,180.0
10000886,2015/16,26,530.0,60.0
10000886,2016/17,01,375.0,195.0
10000886,2016/17,02,2500.0,2165.0
10000886,2016/17,03,915.0,85.0
10000886,2016/17,04,330.0,135.0
10000886,2016/17,06,0.0,5.0
10000886,2016/17,07,180.0,10.0
10000886,2016/17,09,190.0,10.0
10000886,2016/17,10,1010.0,130.0
10000886,2016/17,11,650.0,120.0
10000886,2016/17,13,510.0,185.0
10000886,2016/17,15,1130.0,360.0
10000886,2016/17,16,210.0,40.0
10000886,2016/17,17,2745.0,305.0
10000886,2016/17,19,670.0,45.0
10000886,2016/17,20,545.0,70.0
10000886,2016/17,22,1295.0,1025.0
10000886,2016/17,23,35.0,0.0
10000886,2016/17,24,570.0,65.0
10000886,2016/17,25,2065.0,205.0
10000886,2016/17,26,540.0,45.0
10000886,2017/18,01,375.0,125.0
10000886,2017/18,02,2630.0,1950.0
10000886,2017/18,03,945.0,70.0
10000886,2017/18,04,410.0,135.0
10000886,2017/18,07,175.0,5.0
10000886,2017/18,09,185.0,25.0
10000886,2017/18,10,920.0,125.0
10000886,2017/18,11,640.0,95.0
10000886,2017/18,13,490.0,170.0
10000886,2017/18,15,1210.0,335.0
10000886,2017/18,16,315.0,35.0
10000886,2017/18,17,2525.0,280.0
10000886,2017/18,19,660.0,70.0
10000886,2017/18,20,525.0,55.0
10000886,2017/18,22,1240.0,1190.0
10000886,2017/18,23,30.0,0.0
10000886,2017/18,24,650.0,40.0
10000886,2017/18,25,2130.0,215.0
10000886,2017/18,26,550.0,35.0
10000886,2018/19,01,390.0,150.0
10000886,2018/19,02,2225.0,1900.0
10000886,2018/19,03,1265.0,95.0
10000886,2018/19,04,440.0,145.0
10000886,2018/19,07,195.0,5.0
10000886,2018/19,09,175.0,20.0
10000886,2018/19,10,795.0,125.0
10000886,2018/19,11,545.0,100.0
10000886,2018/19,13,460.0,170.0
10000886,2018/19,15,1285.0,325.0
10000886,2018/19,16,340.0,30.0
10000886,2018/19,17,2315.0,280.0
10000886,2018/19,19,595.0,65.0
10000886,2018/19,20,465.0,55.0
10000886,2018/19,22,1200.0,995.0
10000886,2018/19,23,35.0,0.0
10000886,2018/19,24,620.0,40.0
10000886,2018/19,25,1945.0,185.0
10000886,2018/19,26,455.0,35.0
10000886,2019/20,01,420.0,170.0
10000886,2019/20,02,2570.0,1525.0
10000886,2019/20,03,875.0,100.0
10000886,2019/20,04,460.0,55.0
10000886,2019/20,07,140.0,10.0
10000886,2019/20,09,115.0,20.0
10000886,2019/20,10,730.0,135.0
10000886,2019/20,11,515.0,95.0
10000886,2019/20,13,455.0,185.0
10000886,2019/20,15,1315.0,380.0
10000886,2019/20,16,360.0,50.0
10000886,2019/20,17,2065.0,275.0
10000886,2019/20,19,500.0,50.0
10000886,2019/20,20,235.0,40.0
10000886,2019/20,22,1130.0,545.0
10000886,2019/20,23,275.0,25.0
10000886,2019/20,24,555.0,45.0
10000886,2019/20,25,1950.0,170.0
10000886,2019/20,26,420.0,25.0
10000886,2020/21,01,460.0,155.0
10000886,2020/21,02,2700.0,1330.0
10000886,2020/21,03,730.0,70.0
10000886,2020/21,04,505.0,65.0
10000886,2020/21,07,85.0,10.0
10000886,2020/21,09,110.0,10.0
10000886,2020/21,10,755.0,80.0
10000886,2020/21,11,495.0,85.0
10000886,2020/21,13,445.0,145.0
10000886,2020/21,15,1255.0,325.0
10000886,2020/21,16,375.0,40.0
10000886,2020/21,17,1875.0,195.0
10000886,2020/21,19,445.0,45.0
10000886,2020/21,20,195.0,40.0
10000886,2020/21,22,1180.0,275.0
10000886,2020/21,23,210.0,30.0
10000886,2020/21,24,695.0,60.0
10000886,2020/21,25,1800.0,160.0
10000886,2020/21,26,290.0,65.0
10000886,2021/22,01,485.0,180.0
10000886,2021/22,02,2720.0,1400.0
10000886,2021/22,03,690.0,75.0
10000886,2021/22,04,585.0,110.0
10000886,2021/22,07,50.0,5.0
10000886,2021/22,09,80.0,20.0
10000886,2021/22,10,625.0,155.0
10000886,2021/22,11,500.0,110.0
10000886,2021/22,13,430.0,135.0
10000886,2021/22,15,1240.0,365.0
10000886,2021/22,16,330.0,80.0
10000886,2021/22,17,1755.0,240.0
10000886,2021/22,19,380.0,50.0
10000886,2021/22,20,180.0,40.0
10000886,2021/22,22,1180.0,275.0
10000886,2021/22,23,215.0,30.0
10000886,2021/22,24,770.0,65.0
10000886,2021/22,25,1830.0,180.0
10000886,2021/22,26,235.0,40.0
10000886,2022/23,01,530.0,175.0
10000886,2022/23,02,2520.0,1675.0
10000886,2022/23,03,625.0,80.0
10000886,2022/23,04,555.0,115.0
10000886,2022/23,07,25.0,10.0
10000886,2022/23,09,55.0,20.0
10000886,2022/23,10,620.0,155.0
10000886,2022/23,11,620.0,95.0
10000886,2022/23,13,395.0,195.0
10000886,2022/23,15,1295.0,465.0
10000886,2022/23,16,330.0,65.0
10000886,2022/23,17,1785.0,250.0
10000886,2022/23,19,405.0,60.0
10000886,2022/23,20,205.0,35.0
10000886,2022/23,22,975.0,365.0
10000886,2022/23,23,90.0,25.0
10000886,2022/23,24,805.0,100.0
10000886,2022/23,25,1700.0,180.0
10000886,2022/23,26,205.0,55.0
10000886,2023/24,01,555.0,165.0
10000886,2023/24,02,2430.0,1390.0
10000886,2023/24,03,600.0,85.0
10000886,2023/24,04,555.0,105.0
10000886,2023/24,07,10.0,0.0
10000886,2023/24,09,35.0,10.0
10000886,2023/24,10,565.0,115.0
10000886,2023/24,11,610.0,85.0
10000886,2023/24,13,445.0,175.0
10000886,2023/24,15,1275.0,365.0
10000886,2023/24,16,375.0,40.0
10000886,2023/24,17,1635.0,210.0
10000886,2023/24,19,425.0,25.0
10000886,2023/24,20,175.0,10.0
10000886,2023/24,22,850.0,245.0
10000886,2023/24,23,90.0,35.0
10000886,2023/24,24,825.0,70.0
10000886,2023/24,25,1700.0,115.0
10000886,2023/24,26,240.0,40.0
10000886,2024/25,01,565.0,190.0
10000886,2024/25,02,2685.0,1600.0
10000886,2024/25,03,655.0,95.0
10000886,2024/25,04,550.0,100.0
10000886,2024/25,07,10.0,0.0
10000886,2024/25,09,20.0,5.0
10000886,2024/25,10,675.0,95.0
10000886,2024/25,11,730.0,55.0
10000886,2024/25,13,450.0,195.0
10000886,2024/25,15,1370.0,380.0
10000886,2024/25,16,460.0,30.0
10000886,2024/25,17,1560.0,145.0
10000886,2024/25,19,395.0,35.0
10000886,2024/25,20,155.0,10.0
10000886,2024/25,22,815.0,250.0
10000886,2024/25,23,75.0,30.0
10000886,2024/25,24,880.0,70.0
10000886,2024/25,25,1675.0,105.0
10000886,2024/25,26,230.0,45.0
10000894,2015/16,20,10.0,20.0
10000894,2016/17,20,10.0,15.0
10000894,2017/18,20,15.0,35.0
10000894,2018/19,20,10.0,45.0
10000894,2019/20,20,5.0,50.0
10000894,2020/21,20,5.0,55.0
10000894,2021/22,20,10.0,60.0
10000894,2022/23,20,5.0,45.0
10000894,2023/24,20,0.0,40.0
10000894,2024/25,20,5.0,40.0
10000936,2016/17,02,255.0,215.0
10000936,2017/18,02,255.0,240.0
10000936,2018/19,02,255.0,235.0
10000936,2019/20,02,250.0,215.0
10000936,2020/21,02,240.0,200.0
10000936,2021/22,02,245.0,225.0
10000936,2022/23,02,230.0,190.0
10000936,2022/23,03,10.0,0.0
10000936,2022/23,17,30.0,0.0
10000936,2023/24,02,190.0,230.0
10000936,2023/24,03,35.0,0.0
10000936,2023/24,11,10.0,0.0
10000936,2023/24,17,85.0,0.0
10000939,2014/15,17,295.0,0.0
10000939,2014/15,25,45.0,0.0
10000939,2015/16,17,160.0,0.0
10000939,2015/16,25,50.0,0.0
10000939,2016/17,17,60.0,0.0
10000939,2016/17,25,25.0,0.0
10000961,2014/15,02,605.0,125.0
10000961,2014/15,03,935.0,60.0
10000961,2014/15,04,520.0,40.0
10000961,2014/15,07,15.0,0.0
10000961,2014/15,09,435.0,25.0
10000961,2014/15,10,2020.0,505.0
10000961,2014/15,11,905.0,65.0
10000961,2014/15,15,1215.0,120.0
10000961,2014/15,16,610.0,40.0
10000961,2014/15,17,3115.0,65.0
10000961,2014/15,19,290.0,45.0
10000961,2014/15,20,150.0,5.0
10000961,2014/15,22,285.0,80.0
10000961,2014/15,24,220.0,10.0
10000961,2014/15,25,1100.0,50.0
10000961,2014/15,26,35.0,20.0
10000961,2015/16,02,640.0,115.0
10000961,2015/16,03,945.0,65.0
10000961,2015/16,04,545.0,35.0
10000961,2015/16,07,10.0,5.0
10000961,2015/16,09,420.0,20.0
10000961,2015/16,10,2140.0,490.0
10000961,2015/16,11,955.0,65.0
10000961,2015/16,15,1255.0,120.0
10000961,2015/16,16,665.0,55.0
10000961,2015/16,17,3115.0,85.0
10000961,2015/16,19,310.0,45.0
10000961,2015/16,20,135.0,5.0
10000961,2015/16,22,315.0,60.0
10000961,2015/16,24,240.0,10.0
10000961,2015/16,25,1190.0,35.0
10000961,2015/16,26,60.0,15.0
10000961,2016/17,02,740.0,110.0
10000961,2016/17,03,980.0,60.0
10000961,2016/17,04,575.0,30.0
10000961,2016/17,07,10.0,5.0
10000961,2016/17,09,380.0,25.0
10000961,2016/17,10,1780.0,470.0
10000961,2016/17,11,955.0,65.0
10000961,2016/17,15,1175.0,155.0
10000961,2016/17,16,715.0,35.0
10000961,2016/17,17,2525.0,55.0
10000961,2016/17,19,290.0,45.0
10000961,2016/17,20,145.0,5.0
10000961,2016/17,22,330.0,65.0
10000961,2016/17,24,200.0,10.0
10000961,2016/17,25,1085.0,40.0
10000961,2016/17,26,45.0,15.0
10000961,2017/18,02,775.0,75.0
10000961,2017/18,03,1140.0,55.0
10000961,2017/18,04,670.0,30.0
10000961,2017/18,07,10.0,5.0
10000961,2017/18,09,450.0,30.0
10000961,2017/18,10,1845.0,480.0
10000961,2017/18,11,1085.0,70.0
10000961,2017/18,15,1305.0,145.0
10000961,2017/18,16,820.0,30.0
10000961,2017/18,17,2715.0,85.0
10000961,2017/18,19,325.0,40.0
10000961,2017/18,20,165.0,5.0
10000961,2017/18,22,360.0,70.0
10000961,2017/18,24,185.0,10.0
10000961,2017/18,25,980.0,40.0
10000961,2017/18,26,50.0,10.0
10000961,2018/19,02,735.0,60.0
10000961,2018/19,03,1260.0,50.0
10000961,2018/19,04,770.0,30.0
10000961,2018/19,07,10.0,0.0
10000961,2018/19,09,410.0,20.0
10000961,2018/19,10,1870.0,480.0
10000961,2018/19,11,1240.0,65.0
10000961,2018/19,15,1375.0,135.0
10000961,2018/19,16,950.0,35.0
10000961,2018/19,17,2950.0,70.0
10000961,2018/19,19,290.0,35.0
10000961,2018/19,20,160.0,10.0
10000961,2018/19,22,390.0,115.0
10000961,2018/19,23,10.0,0.0
10000961,2018/19,24,245.0,10.0
10000961,2018/19,25,950.0,30.0
10000961,2018/19,26,50.0,5.0
10000961,2019/20,01,0.0,5.0
10000961,2019/20,02,770.0,125.0
10000961,2019/20,03,1325.0,60.0
10000961,2019/20,04,845.0,45.0
10000961,2019/20,09,425.0,30.0
10000961,2019/20,10,2410.0,465.0
10000961,2019/20,11,1410.0,55.0
10000961,2019/20,15,1440.0,105.0
10000961,2019/20,16,1030.0,35.0
10000961,2019/20,17,3150.0,75.0
10000961,2019/20,19,280.0,30.0
10000961,2019/20,20,150.0,10.0
10000961,2019/20,22,450.0,135.0
10000961,2019/20,23,45.0,0.0
10000961,2019/20,24,205.0,10.0
10000961,2019/20,25,385.0,15.0
10000961,2019/20,26,60.0,5.0
10000961,2020/21,01,0.0,5.0
10000961,2020/21,02,985.0,245.0
10000961,2020/21,03,1445.0,55.0
10000961,2020/21,04,1050.0,195.0
10000961,2020/21,09,350.0,15.0
10000961,2020/21,10,2705.0,360.0
10000961,2020/21,11,1755.0,65.0
10000961,2020/21,15,1495.0,110.0
10000961,2020/21,16,1050.0,55.0
10000961,2020/21,17,3810.0,80.0
10000961,2020/21,19,235.0,45.0
10000961,2020/21,20,140.0,5.0
10000961,2020/21,22,575.0,95.0
10000961,2020/21,23,75.0,0.0
10000961,2020/21,24,240.0,10.0
10000961,2020/21,25,380.0,15.0
10000961,2020/21,26,95.0,5.0
10000961,2021/22,01,0.0,5.0
10000961,2021/22,02,1060.0,300.0
10000961,2021/22,03,1440.0,70.0
10000961,2021/22,04,1005.0,320.0
10000961,2021/22,09,255.0,30.0
10000961,2021/22,10,2920.0,415.0
10000961,2021/22,11,1985.0,100.0
10000961,2021/22,15,1460.0,145.0
10000961,2021/22,16,1080.0,80.0
10000961,2021/22,17,4095.0,100.0
10000961,2021/22,19,205.0,40.0
10000961,2021/22,20,105.0,15.0
10000961,2021/22,22,535.0,75.0
10000961,2021/22,23,85.0,0.0
10000961,2021/22,24,215.0,5.0
10000961,2021/22,25,300.0,10.0
10000961,2021/22,26,195.0,5.0
10000961,2022/23,01,110.0,10.0
10000961,2022/23,02,1105.0,345.0
10000961,2022/23,03,1305.0,110.0
10000961,2022/23,04,900.0,300.0
10000961,2022/23,09,260.0,25.0
10000961,2022/23,10,2910.0,350.0
10000961,2022/23,11,1990.0,150.0
10000961,2022/23,13,10.0,15.0
10000961,2022/23,15,1345.0,160.0
10000961,2022/23,16,1100.0,60.0
10000961,2022/23,17,3990.0,115.0
10000961,2022/23,19,190.0,45.0
10000961,2022/23,20,65.0,15.0
10000961,2022/23,22,445.0,90.0
10000961,2022/23,23,80.0,0.0
10000961,2022/23,24,175.0,10.0
10000961,2022/23,25,265.0,20.0
10000961,2022/23,26,305.0,5.0
10000961,2023/24,01,210.0,15.0
10000961,2023/24,02,1005.0,430.0
10000961,2023/24,03,1120.0,55.0
10000961,2023/24,04,640.0,375.0
10000961,2023/24,09,240.0,20.0
10000961,2023/24,10,2175.0,270.0
10000961,2023/24,11,1910.0,110.0
10000961,2023/24,13,15.0,35.0
10000961,2023/24,15,985.0,175.0
10000961,2023/24,16,1080.0,55.0
10000961,2023/24,17,3140.0,55.0
10000961,2023/24,19,160.0,30.0
10000961,2023/24,20,55.0,0.0
10000961,2023/24,22,390.0,70.0
10000961,2023/24,23,50.0,0.0
10000961,2023/24,24,150.0,10.0
10000961,2023/24,25,240.0,15.0
10000961,2023/24,26,180.0,0.0
10000961,2024/25,01,350.0,15.0
10000961,2024/25,02,915.0,335.0
10000961,2024/25,03,965.0,60.0
10000961,2024/25,04,655.0,205.0
10000961,2024/25,09,215.0,10.0
10000961,2024/25,10,1725.0,180.0
10000961,2024/25,11,1825.0,70.0
10000961,2024/25,13,5.0,40.0
10000961,2024/25,15,815.0,135.0
10000961,2024/25,16,840.0,50.0
10000961,2024/25,17,2255.0,45.0
10000961,2024/25,19,130.0,25.0
10000961,2024/25,20,60.0,0.0
10000961,2024/25,22,230.0,75.0
10000961,2024/25,23,40.0,25.0
10000961,2024/25,24,110.0,5.0
10000961,2024/25,25,205.0,5.0
10000961,2024/25,26,85.0,5.0
10000975,2014/15,02,1740.0,1330.0
10000975,2014/15,03,280.0,25.0
10000975,2014/15,04,215.0,70.0
10000975,2014/15,06,30.0,0.0
10000975,2014/15,10,290.0,80.0
10000975,2014/15,11,265.0,0.0
10000975,2014/15,15,520.0,35.0
10000975,2014/15,16,120.0,5.0
10000975,2014/15,17,1820.0,760.0
10000975,2014/15,22,0.0,335.0
10000975,2014/15,24,185.0,0.0
10000975,2014/15,25,845.0,80.0
10000975,2015/16,02,1745.0,1470.0
10000975,2015/16,03,315.0,10.0
10000975,2015/16,04,220.0,80.0
10000975,2015/16,06,15.0,0.0
10000975,2015/16,10,260.0,40.0
10000975,2015/16,11,275.0,5.0
10000975,2015/16,15,460.0,25.0
10000975,2015/16,16,110.0,0.0
10000975,2015/16,17,2030.0,410.0
10000975,2015/16,19,10.0,0.0
10000975,2015/16,22,0.0,245.0
10000975,2015/16,24,190.0,0.0
10000975,2015/16,25,635.0,35.0
10000975,2016/17,02,1905.0,1525.0
10000975,2016/17,03,410.0,15.0
10000975,2016/17,04,205.0,80.0
10000975,2016/17,10,165.0,30.0
10000975,2016/17,11,275.0,15.0
10000975,2016/17,15,535.0,15.0
10000975,2016/17,16,90.0,5.0
10000975,2016/17,17,2170.0,315.0
10000975,2016/17,19,25.0,0.0
10000975,2016/17,22,15.0,285.0
10000975,2016/17,24,255.0,0.0
10000975,2016/17,25,495.0,40.0
10000975,2017/18,02,1765.0,1365.0
10000975,2017/18,03,630.0,5.0
10000975,2017/18,04,180.0,100.0
10000975,2017/18,10,130.0,25.0
10000975,2017/18,11,260.0,15.0
10000975,2017/18,15,475.0,15.0
10000975,2017/18,16,70.0,0.0
10000975,2017/18,17,2710.0,265.0
10000975,2017/18,19,20.0,0.0
10000975,2017/18,22,15.0,240.0
10000975,2017/18,24,350.0,0.0
10000975,2017/18,25,415.0,30.0
10000975,2018/19,02,1730.0,1500.0
10000975,2018/19,03,890.0,10.0
10000975,2018/19,04,170.0,125.0
10000975,2018/19,10,120.0,40.0
10000975,2018/19,11,250.0,30.0
10000975,2018/19,15,875.0,20.0
10000975,2018/19,16,35.0,0.0
10000975,2018/19,17,3700.0,330.0
10000975,2018/19,19,10.0,0.0
10000975,2018/19,22,40.0,265.0
10000975,2018/19,24,410.0,0.0
10000975,2018/19,25,380.0,40.0
10000975,2019/20,02,1450.0,1310.0
10000975,2019/20,03,645.0,30.0
10000975,2019/20,04,155.0,130.0
10000975,2019/20,10,80.0,35.0
10000975,2019/20,11,280.0,35.0
10000975,2019/20,15,1430.0,100.0
10000975,2019/20,16,120.0,0.0
10000975,2019/20,17,6890.0,270.0
10000975,2019/20,19,5.0,0.0
10000975,2019/20,22,25.0,210.0
10000975,2019/20,24,365.0,5.0
10000975,2019/20,25,485.0,25.0
10000975,2020/21,01,15.0,0.0
10000975,2020/21,02,1755.0,1360.0
10000975,2020/21,03,745.0,50.0
10000975,2020/21,04,175.0,155.0
10000975,2020/21,10,90.0,20.0
10000975,2020/21,11,265.0,55.0
10000975,2020/21,15,1605.0,110.0
10000975,2020/21,16,145.0,155.0
10000975,2020/21,17,9500.0,310.0
10000975,2020/21,22,295.0,145.0
10000975,2020/21,24,435.0,5.0
10000975,2020/21,25,555.0,15.0
10000975,2021/22,01,25.0,0.0
10000975,2021/22,02,1585.0,1515.0
10000975,2021/22,03,500.0,45.0
10000975,2021/22,04,155.0,145.0
10000975,2021/22,07,5.0,0.0
10000975,2021/22,10,105.0,25.0
10000975,2021/22,11,420.0,65.0
10000975,2021/22,13,10.0,0.0
10000975,2021/22,15,1830.0,135.0
10000975,2021/22,16,145.0,495.0
10000975,2021/22,17,11695.0,300.0
10000975,2021/22,22,370.0,135.0
10000975,2021/22,24,270.0,0.0
10000975,2021/22,25,585.0,20.0
10000975,2022/23,01,20.0,0.0
10000975,2022/23,02,1460.0,1515.0
10000975,2022/23,03,340.0,25.0
10000975,2022/23,04,140.0,130.0
10000975,2022/23,07,20.0,0.0
10000975,2022/23,10,95.0,25.0
10000975,2022/23,11,350.0,65.0
10000975,2022/23,13,10.0,0.0
10000975,2022/23,15,2175.0,155.0
10000975,2022/23,16,140.0,665.0
10000975,2022/23,17,12675.0,285.0
10000975,2022/23,19,5.0,0.0
10000975,2022/23,22,25.0,130.0
10000975,2022/23,24,160.0,0.0
10000975,2022/23,25,660.0,20.0
10000975,2023/24,01,35.0,0.0
10000975,2023/24,02,1370.0,1560.0
10000975,2023/24,03,175.0,35.0
10000975,2023/24,04,125.0,110.0
10000975,2023/24,07,20.0,0.0
10000975,2023/24,10,105.0,40.0
10000975,2023/24,11,400.0,85.0
10000975,2023/24,13,20.0,0.0
10000975,2023/24,15,1985.0,205.0
10000975,2023/24,16,140.0,445.0
10000975,2023/24,17,11500.0,315.0
10000975,2023/24,22,50.0,170.0
10000975,2023/24,24,20.0,0.0
10000975,2023/24,25,760.0,15.0
10000975,2024/25,01,40.0,0.0
10000975,2024/25,02,1465.0,1450.0
10000975,2024/25,03,165.0,50.0
10000975,2024/25,04,185.0,75.0
10000975,2024/25,07,30.0,0.0
10000975,2024/25,10,180.0,40.0
10000975,2024/25,11,460.0,100.0
10000975,2024/25,13,35.0,0.0
10000975,2024/25,15,1965.0,195.0
10000975,2024/25,16,130.0,160.0
10000975,2024/25,17,10240.0,415.0
10000975,2024/25,22,70.0,170.0
10000975,2024/25,24,15.0,0.0
10000975,2024/25,25,850.0,15.0
10001143,2014/15,02,1850.0,1490.0
10001143,2014/15,03,715.0,30.0
10001143,2014/15,04,505.0,10.0
10001143,2014/15,06,75.0,0.0
10001143,2014/15,07,220.0,5.0
10001143,2014/15,09,15.0,0.0
10001143,2014/15,10,15.0,0.0
10001143,2014/15,11,220.0,25.0
10001143,2014/15,13,5.0,0.0
10001143,2014/15,15,1705.0,530.0
10001143,2014/15,16,395.0,135.0
10001143,2014/15,17,1205.0,140.0
10001143,2014/15,19,565.0,125.0
10001143,2014/15,20,480.0,105.0
10001143,2014/15,22,1475.0,2175.0
10001143,2014/15,23,5.0,150.0
10001143,2014/15,24,360.0,10.0
10001143,2014/15,25,1080.0,35.0
10001143,2014/15,26,170.0,0.0
10001143,2015/16,02,2035.0,1350.0
10001143,2015/16,03,710.0,25.0
10001143,2015/16,04,535.0,15.0
10001143,2015/16,06,80.0,0.0
10001143,2015/16,07,195.0,5.0
10001143,2015/16,09,20.0,0.0
10001143,2015/16,10,10.0,0.0
10001143,2015/16,11,285.0,10.0
10001143,2015/16,13,25.0,0.0
10001143,2015/16,15,1200.0,225.0
10001143,2015/16,16,375.0,150.0
10001143,2015/16,17,1225.0,150.0
10001143,2015/16,19,600.0,135.0
10001143,2015/16,20,475.0,65.0
10001143,2015/16,22,2135.0,2395.0
10001143,2015/16,23,5.0,95.0
10001143,2015/16,24,350.0,15.0
10001143,2015/16,25,990.0,25.0
10001143,2015/16,26,130.0,5.0
10001143,2016/17,02,2235.0,1045.0
10001143,2016/17,03,715.0,30.0
10001143,2016/17,04,595.0,15.0
10001143,2016/17,06,80.0,0.0
10001143,2016/17,07,190.0,5.0
10001143,2016/17,09,45.0,0.0
10001143,2016/17,10,5.0,0.0
10001143,2016/17,11,285.0,5.0
10001143,2016/17,13,5.0,0.0
10001143,2016/17,15,1240.0,175.0
10001143,2016/17,16,415.0,160.0
10001143,2016/17,17,1145.0,135.0
10001143,2016/17,19,485.0,105.0
10001143,2016/17,20,470.0,40.0
10001143,2016/17,22,2150.0,1925.0
10001143,2016/17,23,15.0,105.0
10001143,2016/17,24,345.0,20.0
10001143,2016/17,25,880.0,25.0
10001143,2016/17,26,115.0,5.0
10001143,2017/18,02,2225.0,1085.0
10001143,2017/18,03,690.0,55.0
10001143,2017/18,04,605.0,45.0
10001143,2017/18,06,80.0,5.0
10001143,2017/18,07,165.0,5.0
10001143,2017/18,09,50.0,0.0
10001143,2017/18,11,275.0,25.0
10001143,2017/18,15,1105.0,205.0
10001143,2017/18,16,435.0,160.0
10001143,2017/18,17,1005.0,155.0
10001143,2017/18,19,385.0,110.0
10001143,2017/18,20,420.0,30.0
10001143,2017/18,22,2205.0,1545.0
10001143,2017/18,23,10.0,115.0
10001143,2017/18,24,320.0,30.0
10001143,2017/18,25,695.0,50.0
10001143,2017/18,26,80.0,5.0
10001143,2018/19,02,2090.0,1060.0
10001143,2018/19,03,665.0,70.0
10001143,2018/19,04,615.0,100.0
10001143,2018/19,06,90.0,5.0
10001143,2018/19,07,190.0,15.0
10001143,2018/19,09,35.0,0.0
10001143,2018/19,11,240.0,30.0
10001143,2018/19,15,955.0,250.0
10001143,2018/19,16,465.0,170.0
10001143,2018/19,17,940.0,145.0
10001143,2018/19,19,355.0,60.0
10001143,2018/19,20,390.0,35.0
10001143,2018/19,22,2215.0,1560.0
10001143,2018/19,23,10.0,125.0
10001143,2018/19,24,335.0,30.0
10001143,2018/19,25,725.0,45.0
10001143,2018/19,26,95.0,5.0
10001143,2019/20,01,10.0,20.0
10001143,2019/20,02,1950.0,930.0
10001143,2019/20,03,665.0,55.0
10001143,2019/20,04,660.0,60.0
10001143,2019/20,06,80.0,5.0
10001143,2019/20,07,135.0,10.0
10001143,2019/20,09,50.0,0.0
10001143,2019/20,10,65.0,5.0
10001143,2019/20,11,320.0,15.0
10001143,2019/20,15,980.0,165.0
10001143,2019/20,16,560.0,170.0
10001143,2019/20,17,885.0,180.0
10001143,2019/20,19,340.0,35.0
10001143,2019/20,20,365.0,55.0
10001143,2019/20,22,2055.0,1290.0
10001143,2019/20,23,5.0,105.0
10001143,2019/20,24,320.0,25.0
10001143,2019/20,25,665.0,35.0
10001143,2019/20,26,70.0,5.0
10001143,2020/21,01,60.0,25.0
10001143,2020/21,02,2150.0,1090.0
10001143,2020/21,03,630.0,30.0
10001143,2020/21,04,655.0,60.0
10001143,2020/21,06,85.0,0.0
10001143,2020/21,07,155.0,10.0
10001143,2020/21,09,10.0,0.0
10001143,2020/21,10,135.0,0.0
10001143,2020/21,11,395.0,10.0
10001143,2020/21,15,1020.0,260.0
10001143,2020/21,16,625.0,125.0
10001143,2020/21,17,3300.0,130.0
10001143,2020/21,19,300.0,25.0
10001143,2020/21,20,345.0,50.0
10001143,2020/21,22,2205.0,1150.0
10001143,2020/21,23,70.0,175.0
10001143,2020/21,24,285.0,15.0
10001143,2020/21,25,705.0,25.0
10001143,2020/21,26,35.0,0.0
10001143,2021/22,01,120.0,25.0
10001143,2021/22,02,2105.0,1390.0
10001143,2021/22,03,555.0,40.0
10001143,2021/22,04,605.0,120.0
10001143,2021/22,06,75.0,0.0
10001143,2021/22,07,160.0,15.0
10001143,2021/22,09,40.0,0.0
10001143,2021/22,10,145.0,5.0
10001143,2021/22,11,370.0,25.0
10001143,2021/22,15,955.0,280.0
10001143,2021/22,16,575.0,75.0
10001143,2021/22,17,11970.0,220.0
10001143,2021/22,19,225.0,65.0
10001143,2021/22,20,285.0,45.0
10001143,2021/22,22,1885.0,1045.0
10001143,2021/22,23,105.0,190.0
10001143,2021/22,24,265.0,15.0
10001143,2021/22,25,620.0,35.0
10001143,2021/22,26,15.0,0.0
10001143,2022/23,01,130.0,20.0
10001143,2022/23,02,2120.0,1250.0
10001143,2022/23,03,510.0,50.0
10001143,2022/23,04,565.0,130.0
10001143,2022/23,06,60.0,5.0
10001143,2022/23,07,200.0,10.0
10001143,2022/23,09,25.0,0.0
10001143,2022/23,10,185.0,10.0
10001143,2022/23,11,450.0,35.0
10001143,2022/23,15,1120.0,345.0
10001143,2022/23,16,560.0,60.0
10001143,2022/23,17,19190.0,855.0
10001143,2022/23,19,205.0,100.0
10001143,2022/23,20,220.0,30.0
10001143,2022/23,22,1325.0,825.0
10001143,2022/23,23,160.0,170.0
10001143,2022/23,24,210.0,10.0
10001143,2022/23,25,560.0,45.0
10001143,2022/23,26,5.0,0.0
10001143,2023/24,01,235.0,15.0
10001143,2023/24,02,2060.0,1600.0
10001143,2023/24,03,440.0,60.0
10001143,2023/24,04,515.0,180.0
10001143,2023/24,06,55.0,5.0
10001143,2023/24,07,185.0,20.0
10001143,2023/24,09,20.0,0.0
10001143,2023/24,10,160.0,30.0
10001143,2023/24,11,535.0,50.0
10001143,2023/24,15,1020.0,380.0
10001143,2023/24,16,440.0,50.0
10001143,2023/24,17,26080.0,980.0
10001143,2023/24,19,160.0,115.0
10001143,2023/24,20,185.0,10.0
10001143,2023/24,22,1205.0,650.0
10001143,2023/24,23,105.0,155.0
10001143,2023/24,24,185.0,15.0
10001143,2023/24,25,495.0,30.0
10001143,2023/24,26,15.0,0.0
10001143,2024/25,01,260.0,15.0
10001143,2024/25,02,2130.0,1100.0
10001143,2024/25,03,445.0,25.0
10001143,2024/25,04,460.0,135.0
10001143,2024/25,06,65.0,0.0
10001143,2024/25,07,180.0,5.0
10001143,2024/25,09,10.0,0.0
10001143,2024/25,10,150.0,15.0
10001143,2024/25,11,570.0,35.0
10001143,2024/25,15,990.0,285.0
10001143,2024/25,16,375.0,35.0
10001143,2024/25,17,27500.0,1010.0
10001143,2024/25,19,150.0,105.0
10001143,2024/25,20,170.0,10.0
10001143,2024/25,22,950.0,375.0
10001143,2024/25,23,115.0,110.0
10001143,2024/25,24,130.0,5.0
10001143,2024/25,25,425.0,20.0
10001143,2024/25,26,20.0,0.0
10001264,2022/23,25,115.0,0.0
10001264,2023/24,25,125.0,0.0
10001264,2024/25,25,130.0,0.0
10001282,2014/15,02,2385.0,2725.0
10001282,2014/15,03,1850.0,125.0
10001282,2014/15,04,820.0,60.0
10001282,2014/15,06,80.0,0.0
10001282,2014/15,07,495.0,180.0
10001282,2014/15,09,210.0,5.0
10001282,2014/15,10,1390.0,240.0
10001282,2014/15,11,1130.0,155.0
10001282,2014/15,13,1145.0,420.0
10001282,2014/15,15,1445.0,160.0
10001282,2014/15,16,1495.0,480.0
10001282,2014/15,17,3385.0,770.0
10001282,2014/15,19,725.0,40.0
10001282,2014/15,20,350.0,25.0
10001282,2014/15,22,665.0,420.0
10001282,2014/15,24,365.0,115.0
10001282,2014/15,25,2585.0,80.0
10001282,2014/15,26,560.0,5.0
10001282,2015/16,02,2470.0,2820.0
10001282,2015/16,03,1910.0,110.0
10001282,2015/16,04,870.0,80.0
10001282,2015/16,06,70.0,0.0
10001282,2015/16,07,555.0,30.0
10001282,2015/16,09,155.0,0.0
10001282,2015/16,10,1400.0,240.0
10001282,2015/16,11,1230.0,210.0
10001282,2015/16,13,1105.0,490.0
10001282,2015/16,15,1480.0,165.0
10001282,2015/16,16,1405.0,505.0
10001282,2015/16,17,3550.0,740.0
10001282,2015/16,19,735.0,30.0
10001282,2015/16,20,340.0,15.0
10001282,2015/16,22,620.0,395.0
10001282,2015/16,24,340.0,105.0
10001282,2015/16,25,2425.0,75.0
10001282,2015/16,26,490.0,5.0
10001282,2016/17,02,2545.0,2195.0
10001282,2016/17,03,2000.0,105.0
10001282,2016/17,04,915.0,85.0
10001282,2016/17,06,50.0,0.0
10001282,2016/17,07,540.0,15.0
10001282,2016/17,09,150.0,0.0
10001282,2016/17,10,1300.0,150.0
10001282,2016/17,11,1270.0,310.0
10001282,2016/17,13,1115.0,635.0
10001282,2016/17,15,1535.0,125.0
10001282,2016/17,16,1370.0,485.0
10001282,2016/17,17,3995.0,620.0
10001282,2016/17,19,620.0,90.0
10001282,2016/17,20,340.0,15.0
10001282,2016/17,22,550.0,320.0
10001282,2016/17,24,300.0,60.0
10001282,2016/17,25,2330.0,75.0
10001282,2016/17,26,450.0,5.0
10001282,2017/18,02,2545.0,2045.0
10001282,2017/18,03,1945.0,75.0
10001282,2017/18,04,990.0,90.0
10001282,2017/18,06,20.0,0.0
10001282,2017/18,07,620.0,10.0
10001282,2017/18,09,125.0,5.0
10001282,2017/18,10,1285.0,150.0
10001282,2017/18,11,1255.0,365.0
10001282,2017/18,13,1115.0,710.0
10001282,2017/18,15,1565.0,180.0
10001282,2017/18,16,1450.0,505.0
10001282,2017/18,17,4080.0,575.0
10001282,2017/18,19,590.0,145.0
10001282,2017/18,20,325.0,15.0
10001282,2017/18,22,550.0,260.0
10001282,2017/18,24,285.0,10.0
10001282,2017/18,25,2215.0,75.0
10001282,2017/18,26,470.0,5.0
10001282,2018/19,02,2450.0,1945.0
10001282,2018/19,03,1910.0,50.0
10001282,2018/19,04,1110.0,70.0
10001282,2018/19,07,595.0,5.0
10001282,2018/19,09,120.0,0.0
10001282,2018/19,10,1335.0,80.0
10001282,2018/19,11,1380.0,315.0
10001282,2018/19,13,1100.0,820.0
10001282,2018/19,15,1620.0,160.0
10001282,2018/19,16,1525.0,470.0
10001282,2018/19,17,4175.0,500.0
10001282,2018/19,19,620.0,35.0
10001282,2018/19,20,320.0,15.0
10001282,2018/19,22,555.0,220.0
10001282,2018/19,24,265.0,5.0
10001282,2018/19,25,2115.0,55.0
10001282,2018/19,26,510.0,0.0
10001282,2019/20,01,120.0,0.0
10001282,2019/20,02,2830.0,995.0
10001282,2019/20,03,1310.0,25.0
10001282,2019/20,04,1375.0,305.0
10001282,2019/20,07,665.0,5.0
10001282,2019/20,09,135.0,0.0
10001282,2019/20,10,1630.0,60.0
10001282,2019/20,11,1855.0,275.0
10001282,2019/20,13,1270.0,865.0
10001282,2019/20,15,1675.0,275.0
10001282,2019/20,16,1975.0,355.0
10001282,2019/20,17,4910.0,725.0
10001282,2019/20,19,540.0,30.0
10001282,2019/20,20,395.0,30.0
10001282,2019/20,22,575.0,215.0
10001282,2019/20,23,80.0,0.0
10001282,2019/20,24,330.0,25.0
10001282,2019/20,25,1960.0,45.0
10001282,2019/20,26,455.0,0.0
10001282,2020/21,01,115.0,0.0
10001282,2020/21,02,3070.0,1010.0
10001282,2020/21,03,1360.0,35.0
10001282,2020/21,04,1665.0,975.0
10001282,2020/21,07,685.0,0.0
10001282,2020/21,09,115.0,0.0
10001282,2020/21,10,1730.0,70.0
10001282,2020/21,11,2230.0,200.0
10001282,2020/21,13,1360.0,1005.0
10001282,2020/21,15,1860.0,310.0
10001282,2020/21,16,2210.0,445.0
10001282,2020/21,17,5690.0,835.0
10001282,2020/21,19,635.0,45.0
10001282,2020/21,20,385.0,45.0
10001282,2020/21,22,605.0,240.0
10001282,2020/21,23,85.0,0.0
10001282,2020/21,24,345.0,25.0
10001282,2020/21,25,2000.0,50.0
10001282,2020/21,26,430.0,0.0
10001282,2021/22,01,125.0,0.0
10001282,2021/22,02,3330.0,960.0
10001282,2021/22,03,1355.0,35.0
10001282,2021/22,04,1750.0,1090.0
10001282,2021/22,07,675.0,0.0
10001282,2021/22,09,115.0,0.0
10001282,2021/22,10,1385.0,50.0
10001282,2021/22,11,2265.0,200.0
10001282,2021/22,13,1305.0,1065.0
10001282,2021/22,15,2735.0,590.0
10001282,2021/22,16,1525.0,295.0
10001282,2021/22,17,6120.0,785.0
10001282,2021/22,19,690.0,35.0
10001282,2021/22,20,370.0,50.0
10001282,2021/22,22,625.0,230.0
10001282,2021/22,23,125.0,0.0
10001282,2021/22,24,335.0,15.0
10001282,2021/22,25,1890.0,50.0
10001282,2021/22,26,395.0,0.0
10001282,2022/23,01,10.0,0.0
10001282,2022/23,02,3430.0,510.0
10001282,2022/23,03,1325.0,30.0
10001282,2022/23,04,1740.0,865.0
10001282,2022/23,07,670.0,5.0
10001282,2022/23,09,120.0,0.0
10001282,2022/23,10,1295.0,80.0
10001282,2022/23,11,2360.0,210.0
10001282,2022/23,13,1395.0,1075.0
10001282,2022/23,15,2750.0,745.0
10001282,2022/23,16,1510.0,210.0
10001282,2022/23,17,7175.0,615.0
10001282,2022/23,19,560.0,25.0
10001282,2022/23,20,310.0,45.0
10001282,2022/23,22,555.0,220.0
10001282,2022/23,23,205.0,0.0
10001282,2022/23,24,345.0,5.0
10001282,2022/23,25,1730.0,35.0
10001282,2022/23,26,395.0,0.0
10001282,2023/24,01,30.0,0.0
10001282,2023/24,02,3170.0,640.0
10001282,2023/24,03,1270.0,30.0
10001282,2023/24,04,1680.0,590.0
10001282,2023/24,07,715.0,5.0
10001282,2023/24,09,105.0,0.0
10001282,2023/24,10,1205.0,95.0
10001282,2023/24,11,2320.0,210.0
10001282,2023/24,13,1205.0,1060.0
10001282,2023/24,15,2575.0,780.0
10001282,2023/24,16,1570.0,205.0
10001282,2023/24,17,6390.0,650.0
10001282,2023/24,19,475.0,20.0
10001282,2023/24,20,335.0,40.0
10001282,2023/24,22,465.0,235.0
10001282,2023/24,23,160.0,0.0
10001282,2023/24,24,295.0,5.0
10001282,2023/24,25,1635.0,30.0
10001282,2023/24,26,420.0,0.0
10001282,2024/25,01,50.0,0.0
10001282,2024/25,02,3095.0,615.0
10001282,2024/25,03,1275.0,35.0
10001282,2024/25,04,1610.0,395.0
10001282,2024/25,07,735.0,5.0
10001282,2024/25,09,115.0,0.0
10001282,2024/25,10,1135.0,110.0
10001282,2024/25,11,2720.0,185.0
10001282,2024/25,13,1080.0,980.0
10001282,2024/25,15,2260.0,665.0
10001282,2024/25,16,1790.0,195.0
10001282,2024/25,17,6330.0,565.0
10001282,2024/25,19,400.0,15.0
10001282,2024/25,20,325.0,35.0
10001282,2024/25,22,370.0,210.0
10001282,2024/25,23,120.0,0.0
10001282,2024/25,24,315.0,5.0
10001282,2024/25,25,1505.0,30.0
10001282,2024/25,26,420.0,0.0
10001386,2014/15,25,75.0,0.0
10001386,2015/16,25,85.0,0.0
10001386,2016/17,25,85.0,0.0
10001386,2017/18,25,85.0,0.0
10001386,2018/19,25,80.0,0.0
10001386,2019/20,25,95.0,0.0
10001386,2020/21,25,95.0,0.0
10001386,2021/22,25,85.0,0.0
10001386,2022/23,25,70.0,0.0
10001386,2023/24,25,80.0,0.0
10001386,2024/25,25,90.0,0.0
10001419,2015/16,20,35.0,0.0
10001419,2016/17,20,40.0,0.0
10001419,2017/18,16,25.0,0.0
10001419,2017/18,17,25.0,0.0
10001419,2017/18,20,30.0,0.0
10001419,2018/19,16,25.0,0.0
10001419,2018/19,17,25.0,0.0
10001419,2018/19,20,25.0,0.0
10001419,2019/20,16,25.0,0.0
10001419,2019/20,17,25.0,0.0
10001419,2019/20,20,35.0,0.0
10001419,2020/21,16,10.0,0.0
10001419,2020/21,17,10.0,0.0
10001419,2020/21,20,25.0,0.0
10001444,2022/23,25,65.0,0.0
10001444,2023/24,25,75.0,0.0
10001444,2024/25,25,70.0,0.0
10001478,2014/15,01,5.0,0.0
10001478,2014/15,02,2150.0,1990.0
10001478,2014/15,04,555.0,45.0
10001478,2014/15,07,10.0,0.0
10001478,2014/15,09,295.0,5.0
10001478,2014/15,10,1340.0,415.0
10001478,2014/15,11,730.0,180.0
10001478,2014/15,13,105.0,5.0
10001478,2014/15,15,1385.0,135.0
10001478,2014/15,16,1855.0,90.0
10001478,2014/15,17,5010.0,580.0
10001478,2014/15,19,180.0,5.0
10001478,2014/15,22,0.0,170.0
10001478,2014/15,24,795.0,50.0
10001478,2014/15,25,140.0,45.0
10001478,2015/16,01,5.0,0.0
10001478,2015/16,02,2200.0,1455.0
10001478,2015/16,04,650.0,70.0
10001478,2015/16,07,10.0,5.0
10001478,2015/16,09,315.0,5.0
10001478,2015/16,10,1400.0,420.0
10001478,2015/16,11,755.0,210.0
10001478,2015/16,13,105.0,5.0
10001478,2015/16,15,1545.0,145.0
10001478,2015/16,16,2065.0,125.0
10001478,2015/16,17,5400.0,645.0
10001478,2015/16,19,140.0,5.0
10001478,2015/16,22,0.0,190.0
10001478,2015/16,24,835.0,70.0
10001478,2015/16,25,170.0,50.0
10001478,2016/17,02,2290.0,1475.0
10001478,2016/17,04,710.0,70.0
10001478,2016/17,07,10.0,0.0
10001478,2016/17,09,300.0,5.0
10001478,2016/17,10,1425.0,440.0
10001478,2016/17,11,820.0,250.0
10001478,2016/17,13,110.0,10.0
10001478,2016/17,15,1660.0,145.0
10001478,2016/17,16,2065.0,170.0
10001478,2016/17,17,5240.0,640.0
10001478,2016/17,19,205.0,10.0
10001478,2016/17,22,0.0,165.0
10001478,2016/17,23,5.0,5.0
10001478,2016/17,24,870.0,60.0
10001478,2016/17,25,210.0,30.0
10001478,2017/18,02,2265.0,1570.0
10001478,2017/18,04,780.0,70.0
10001478,2017/18,07,5.0,0.0
10001478,2017/18,09,275.0,5.0
10001478,2017/18,10,1320.0,345.0
10001478,2017/18,11,925.0,245.0
10001478,2017/18,13,95.0,10.0
10001478,2017/18,15,1800.0,165.0
10001478,2017/18,16,2205.0,220.0
10001478,2017/18,17,5270.0,595.0
10001478,2017/18,19,230.0,10.0
10001478,2017/18,22,0.0,200.0
10001478,2017/18,23,10.0,5.0
10001478,2017/18,24,895.0,55.0
10001478,2017/18,25,195.0,25.0
10001478,2018/19,02,2265.0,1560.0
10001478,2018/19,04,835.0,75.0
10001478,2018/19,07,10.0,0.0
10001478,2018/19,09,305.0,15.0
10001478,2018/19,10,1200.0,395.0
10001478,2018/19,11,930.0,270.0
10001478,2018/19,13,100.0,15.0
10001478,2018/19,15,1875.0,210.0
10001478,2018/19,16,2485.0,250.0
10001478,2018/19,17,5355.0,550.0
10001478,2018/19,19,170.0,10.0
10001478,2018/19,20,45.0,0.0
10001478,2018/19,22,0.0,265.0
10001478,2018/19,23,10.0,5.0
10001478,2018/19,24,750.0,70.0
10001478,2018/19,25,165.0,25.0
10001478,2019/20,02,2190.0,1225.0
10001478,2019/20,04,775.0,75.0
10001478,2019/20,09,485.0,15.0
10001478,2019/20,10,1375.0,375.0
10001478,2019/20,11,1010.0,235.0
10001478,2019/20,15,2095.0,165.0
10001478,2019/20,16,2550.0,175.0
10001478,2019/20,17,5260.0,525.0
10001478,2019/20,19,135.0,5.0
10001478,2019/20,20,85.0,0.0
10001478,2019/20,22,0.0,160.0
10001478,2019/20,23,20.0,10.0
10001478,2019/20,24,800.0,80.0
10001478,2019/20,25,135.0,10.0
10001478,2020/21,02,2635.0,1475.0
10001478,2020/21,04,875.0,70.0
10001478,2020/21,07,5.0,0.0
10001478,2020/21,09,485.0,10.0
10001478,2020/21,10,1390.0,355.0
10001478,2020/21,11,1080.0,230.0
10001478,2020/21,15,2295.0,175.0
10001478,2020/21,16,2845.0,225.0
10001478,2020/21,17,5140.0,485.0
10001478,2020/21,19,150.0,10.0
10001478,2020/21,20,100.0,0.0
10001478,2020/21,22,0.0,160.0
10001478,2020/21,23,20.0,5.0
10001478,2020/21,24,875.0,70.0
10001478,2020/21,25,150.0,10.0
10001478,2021/22,02,2705.0,1425.0
10001478,2021/22,04,875.0,95.0
10001478,2021/22,09,440.0,15.0
10001478,2021/22,10,1265.0,375.0
10001478,2021/22,11,1065.0,235.0
10001478,2021/22,15,2240.0,250.0
10001478,2021/22,16,2615.0,150.0
10001478,2021/22,17,4955.0,490.0
10001478,2021/22,19,155.0,15.0
10001478,2021/22,20,85.0,5.0
10001478,2021/22,22,0.0,160.0
10001478,2021/22,23,10.0,5.0
10001478,2021/22,24,830.0,65.0
10001478,2021/22,25,140.0,15.0
10001478,2022/23,02,2745.0,1575.0
10001478,2022/23,04,970.0,85.0
10001478,2022/23,09,455.0,35.0
10001478,2022/23,10,1225.0,390.0
10001478,2022/23,11,1200.0,185.0
10001478,2022/23,15,2380.0,220.0
10001478,2022/23,16,2765.0,115.0
10001478,2022/23,17,5465.0,420.0
10001478,2022/23,19,220.0,30.0
10001478,2022/23,20,90.0,5.0
10001478,2022/23,22,0.0,185.0
10001478,2022/23,23,15.0,10.0
10001478,2022/23,24,630.0,50.0
10001478,2022/23,25,255.0,25.0
10001478,2023/24,02,2895.0,1470.0
10001478,2023/24,04,1035.0,100.0
10001478,2023/24,09,510.0,25.0
10001478,2023/24,10,1435.0,220.0
10001478,2023/24,11,1275.0,145.0
10001478,2023/24,13,5.0,0.0
10001478,2023/24,15,2725.0,185.0
10001478,2023/24,16,2830.0,100.0
10001478,2023/24,17,5475.0,410.0
10001478,2023/24,19,260.0,20.0
10001478,2023/24,20,115.0,5.0
10001478,2023/24,22,0.0,170.0
10001478,2023/24,23,20.0,5.0
10001478,2023/24,24,710.0,50.0
10001478,2023/24,25,375.0,10.0
10001478,2024/25,01,1365.0,50.0
10001478,2024/25,02,4845.0,1245.0
10001478,2024/25,03,65.0,140.0
10001478,2024/25,04,1070.0,40.0
10001478,2024/25,09,635.0,30.0
10001478,2024/25,10,1550.0,170.0
10001478,2024/25,11,1470.0,245.0
10001478,2024/25,13,5.0,0.0
10001478,2024/25,15,2935.0,375.0
10001478,2024/25,16,2875.0,125.0
10001478,2024/25,17,5270.0,350.0
10001478,2024/25,19,285.0,30.0
10001478,2024/25,20,145.0,10.0
10001478,2024/25,22,0.0,255.0
10001478,2024/25,23,10.0,40.0
10001478,2024/25,24,1005.0,30.0
10001478,2024/25,25,550.0,25.0
10001546,2014/15,02,210.0,0.0
10001546,2015/16,02,205.0,0.0
10001546,2016/17,02,180.0,0.0
10001546,2017/18,02,130.0,0.0
10001546,2018/19,02,170.0,0.0
10001546,2019/20,02,170.0,0.0
10001546,2020/21,02,190.0,0.0
10001546,2021/22,02,185.0,0.0
10001546,2022/23,02,185.0,0.0
10001546,2023/24,02,140.0,0.0
10001546,2024/25,02,150.0,0.0
10001653,2014/15,25,1245.0,15.0
10001653,2015/16,25,1280.0,30.0
10001653,2016/17,25,1240.0,135.0
10001653,2017/18,25,1270.0,155.0
10001653,2018/19,25,1340.0,165.0
10001653,2019/20,19,10.0,0.0
10001653,2019/20,25,960.0,30.0
10001653,2020/21,19,10.0,0.0
10001653,2020/21,25,1010.0,30.0
10001653,2021/22,19,10.0,0.0
10001653,2021/22,25,1050.0,45.0
10001726,2014/15,02,2815.0,1190.0
10001726,2014/15,03,805.0,75.0
10001726,2014/15,04,765.0,210.0
10001726,2014/15,06,55.0,5.0
10001726,2014/15,07,195.0,35.0
10001726,2014/15,09,230.0,10.0
10001726,2014/15,10,3050.0,930.0
10001726,2014/15,11,1215.0,295.0
10001726,2014/15,13,300.0,125.0
10001726,2014/15,15,1790.0,470.0
10001726,2014/15,16,940.0,95.0
10001726,2014/15,17,6500.0,1540.0
10001726,2014/15,19,440.0,30.0
10001726,2014/15,20,145.0,5.0
10001726,2014/15,22,35.0,175.0
10001726,2014/15,23,5.0,35.0
10001726,2014/15,24,720.0,20.0
10001726,2014/15,25,1725.0,50.0
10001726,2014/15,26,540.0,40.0
10001726,2015/16,02,3150.0,1160.0
10001726,2015/16,03,955.0,70.0
10001726,2015/16,04,885.0,240.0
10001726,2015/16,06,5.0,0.0
10001726,2015/16,07,230.0,35.0
10001726,2015/16,09,215.0,15.0
10001726,2015/16,10,3320.0,960.0
10001726,2015/16,11,1355.0,260.0
10001726,2015/16,13,375.0,115.0
10001726,2015/16,15,2020.0,360.0
10001726,2015/16,16,1030.0,70.0
10001726,2015/16,17,7255.0,1165.0
10001726,2015/16,19,440.0,25.0
10001726,2015/16,20,150.0,5.0
10001726,2015/16,22,35.0,145.0
10001726,2015/16,23,10.0,25.0
10001726,2015/16,24,780.0,20.0
10001726,2015/16,25,1855.0,70.0
10001726,2015/16,26,585.0,40.0
10001726,2016/17,02,3435.0,1090.0
10001726,2016/17,03,1095.0,70.0
10001726,2016/17,04,1010.0,325.0
10001726,2016/17,06,5.0,5.0
10001726,2016/17,07,275.0,50.0
10001726,2016/17,09,225.0,15.0
10001726,2016/17,10,3450.0,865.0
10001726,2016/17,11,1525.0,205.0
10001726,2016/17,13,440.0,120.0
10001726,2016/17,15,2265.0,345.0
10001726,2016/17,16,1065.0,65.0
10001726,2016/17,17,8365.0,1055.0
10001726,2016/17,19,470.0,25.0
10001726,2016/17,20,165.0,5.0
10001726,2016/17,22,35.0,125.0
10001726,2016/17,23,15.0,40.0
10001726,2016/17,24,825.0,30.0
10001726,2016/17,25,2020.0,80.0
10001726,2016/17,26,475.0,30.0
10001726,2017/18,02,3675.0,1305.0
10001726,2017/18,03,1090.0,75.0
10001726,2017/18,04,1195.0,395.0
10001726,2017/18,06,10.0,5.0
10001726,2017/18,07,310.0,45.0
10001726,2017/18,09,245.0,20.0
10001726,2017/18,10,3680.0,805.0
10001726,2017/18,11,1600.0,190.0
10001726,2017/18,13,485.0,135.0
10001726,2017/18,15,2605.0,305.0
10001726,2017/18,16,1195.0,70.0
10001726,2017/18,17,9005.0,1240.0
10001726,2017/18,19,480.0,30.0
10001726,2017/18,20,205.0,0.0
10001726,2017/18,22,60.0,155.0
10001726,2017/18,23,10.0,40.0
10001726,2017/18,24,775.0,20.0
10001726,2017/18,25,2130.0,65.0
10001726,2017/18,26,455.0,30.0
10001726,2018/19,02,3615.0,1280.0
10001726,2018/19,03,1135.0,75.0
10001726,2018/19,04,1335.0,330.0
10001726,2018/19,06,10.0,0.0
10001726,2018/19,07,345.0,35.0
10001726,2018/19,09,255.0,20.0
10001726,2018/19,10,3770.0,740.0
10001726,2018/19,11,1680.0,195.0
10001726,2018/19,13,530.0,170.0
10001726,2018/19,15,2810.0,315.0
10001726,2018/19,16,1265.0,60.0
10001726,2018/19,17,9525.0,1155.0
10001726,2018/19,19,435.0,20.0
10001726,2018/19,20,180.0,5.0
10001726,2018/19,22,110.0,185.0
10001726,2018/19,23,10.0,40.0
10001726,2018/19,24,720.0,25.0
10001726,2018/19,25,2085.0,70.0
10001726,2018/19,26,410.0,30.0
10001726,2019/20,02,3575.0,1395.0
10001726,2019/20,03,1225.0,65.0
10001726,2019/20,04,1505.0,310.0
10001726,2019/20,06,25.0,5.0
10001726,2019/20,07,310.0,20.0
10001726,2019/20,09,265.0,20.0
10001726,2019/20,10,4280.0,865.0
10001726,2019/20,11,1935.0,145.0
10001726,2019/20,13,615.0,190.0
10001726,2019/20,15,2820.0,360.0
10001726,2019/20,16,1650.0,85.0
10001726,2019/20,17,10900.0,1525.0
10001726,2019/20,19,380.0,20.0
10001726,2019/20,20,155.0,5.0
10001726,2019/20,22,265.0,330.0
10001726,2019/20,23,75.0,50.0
10001726,2019/20,24,750.0,25.0
10001726,2019/20,25,1810.0,65.0
10001726,2019/20,26,380.0,30.0
10001726,2020/21,02,4020.0,1485.0
10001726,2020/21,03,1175.0,70.0
10001726,2020/21,04,1550.0,410.0
10001726,2020/21,06,45.0,10.0
10001726,2020/21,07,320.0,15.0
10001726,2020/21,09,295.0,20.0
10001726,2020/21,10,4105.0,795.0
10001726,2020/21,11,2105.0,135.0
10001726,2020/21,13,800.0,210.0
10001726,2020/21,15,3080.0,325.0
10001726,2020/21,16,1435.0,95.0
10001726,2020/21,17,10295.0,2205.0
10001726,2020/21,19,310.0,20.0
10001726,2020/21,20,120.0,0.0
10001726,2020/21,22,415.0,380.0
10001726,2020/21,23,75.0,60.0
10001726,2020/21,24,705.0,30.0
10001726,2020/21,25,1660.0,70.0
10001726,2020/21,26,295.0,30.0
10001726,2021/22,02,3960.0,1705.0
10001726,2021/22,03,1095.0,50.0
10001726,2021/22,04,1290.0,340.0
10001726,2021/22,06,50.0,15.0
10001726,2021/22,07,275.0,10.0
10001726,2021/22,09,280.0,20.0
10001726,2021/22,10,3575.0,765.0
10001726,2021/22,11,2040.0,115.0
10001726,2021/22,13,875.0,215.0
10001726,2021/22,15,2945.0,310.0
10001726,2021/22,16,1160.0,80.0
10001726,2021/22,17,11050.0,1965.0
10001726,2021/22,19,255.0,10.0
10001726,2021/22,20,85.0,0.0
10001726,2021/22,22,505.0,480.0
10001726,2021/22,23,65.0,40.0
10001726,2021/22,24,595.0,25.0
10001726,2021/22,25,1565.0,80.0
10001726,2021/22,26,260.0,45.0
10001726,2022/23,02,3975.0,1630.0
10001726,2022/23,03,1295.0,30.0
10001726,2022/23,04,1140.0,210.0
10001726,2022/23,06,55.0,5.0
10001726,2022/23,07,230.0,5.0
10001726,2022/23,09,335.0,15.0
10001726,2022/23,10,2910.0,545.0
10001726,2022/23,11,2005.0,60.0
10001726,2022/23,13,770.0,190.0
10001726,2022/23,15,2590.0,210.0
10001726,2022/23,16,830.0,80.0
10001726,2022/23,17,11510.0,1210.0
10001726,2022/23,19,250.0,10.0
10001726,2022/23,20,65.0,0.0
10001726,2022/23,22,475.0,505.0
10001726,2022/23,23,50.0,50.0
10001726,2022/23,24,460.0,15.0
10001726,2022/23,25,1370.0,55.0
10001726,2022/23,26,210.0,65.0
10001726,2023/24,02,3545.0,1935.0
10001726,2023/24,03,1105.0,20.0
10001726,2023/24,04,860.0,235.0
10001726,2023/24,06,40.0,0.0
10001726,2023/24,07,195.0,0.0
10001726,2023/24,09,200.0,10.0
10001726,2023/24,10,1940.0,440.0
10001726,2023/24,11,2015.0,40.0
10001726,2023/24,13,560.0,210.0
10001726,2023/24,15,1990.0,105.0
10001726,2023/24,16,740.0,40.0
10001726,2023/24,17,9160.0,1010.0
10001726,2023/24,19,195.0,10.0
10001726,2023/24,20,70.0,0.0
10001726,2023/24,22,535.0,410.0
10001726,2023/24,23,20.0,60.0
10001726,2023/24,24,305.0,5.0
10001726,2023/24,25,1175.0,40.0
10001726,2023/24,26,170.0,100.0
10001726,2024/25,02,3385.0,2030.0
10001726,2024/25,03,940.0,15.0
10001726,2024/25,04,850.0,195.0
10001726,2024/25,06,40.0,5.0
10001726,2024/25,07,195.0,0.0
10001726,2024/25,09,360.0,5.0
10001726,2024/25,10,1940.0,410.0
10001726,2024/25,11,2635.0,25.0
10001726,2024/25,13,595.0,215.0
10001726,2024/25,15,2030.0,115.0
10001726,2024/25,16,675.0,5.0
10001726,2024/25,17,9025.0,880.0
10001726,2024/25,19,130.0,5.0
10001726,2024/25,20,75.0,0.0
10001726,2024/25,22,620.0,380.0
10001726,2024/25,23,10.0,25.0
10001726,2024/25,24,295.0,5.0
10001726,2024/25,25,1065.0,55.0
10001726,2024/25,26,155.0,115.0
10001883,2014/15,02,2555.0,1550.0
10001883,2014/15,03,15.0,20.0
10001883,2014/15,04,420.0,30.0
10001883,2014/15,07,330.0,200.0
10001883,2014/15,09,25.0,0.0
10001883,2014/15,10,930.0,170.0
10001883,2014/15,11,1190.0,200.0
10001883,2014/15,13,500.0,210.0
10001883,2014/15,15,1400.0,240.0
10001883,2014/15,16,655.0,735.0
10001883,2014/15,17,3215.0,500.0
10001883,2014/15,19,415.0,25.0
10001883,2014/15,20,165.0,50.0
10001883,2014/15,22,380.0,140.0
10001883,2014/15,24,730.0,40.0
10001883,2014/15,25,2400.0,165.0
10001883,2014/15,26,10.0,45.0
10001883,2015/16,02,2880.0,1480.0
10001883,2015/16,03,25.0,20.0
10001883,2015/16,04,505.0,25.0
10001883,2015/16,07,380.0,145.0
10001883,2015/16,09,55.0,0.0
10001883,2015/16,10,1125.0,95.0
10001883,2015/16,11,1440.0,160.0
10001883,2015/16,13,545.0,155.0
10001883,2015/16,15,1570.0,130.0
10001883,2015/16,16,820.0,635.0
10001883,2015/16,17,3650.0,405.0
10001883,2015/16,19,390.0,20.0
10001883,2015/16,20,200.0,30.0
10001883,2015/16,22,430.0,110.0
10001883,2015/16,24,850.0,20.0
10001883,2015/16,25,2485.0,90.0
10001883,2015/16,26,10.0,35.0
10001883,2016/17,02,3185.0,1315.0
10001883,2016/17,03,40.0,20.0
10001883,2016/17,04,660.0,45.0
10001883,2016/17,07,490.0,130.0
10001883,2016/17,09,85.0,5.0
10001883,2016/17,10,1155.0,110.0
10001883,2016/17,11,1670.0,160.0
10001883,2016/17,13,555.0,165.0
10001883,2016/17,15,1665.0,240.0
10001883,2016/17,16,965.0,625.0
10001883,2016/17,17,4690.0,350.0
10001883,2016/17,19,380.0,20.0
10001883,2016/17,20,200.0,30.0
10001883,2016/17,22,440.0,110.0
10001883,2016/17,24,985.0,30.0
10001883,2016/17,25,2550.0,90.0
10001883,2016/17,26,20.0,30.0
10001883,2017/18,02,3265.0,1400.0
10001883,2017/18,03,65.0,15.0
10001883,2017/18,04,835.0,35.0
10001883,2017/18,07,470.0,140.0
10001883,2017/18,09,80.0,0.0
10001883,2017/18,10,1320.0,75.0
10001883,2017/18,11,1970.0,145.0
10001883,2017/18,13,615.0,140.0
10001883,2017/18,15,1930.0,220.0
10001883,2017/18,16,1190.0,605.0
10001883,2017/18,17,5490.0,315.0
10001883,2017/18,19,375.0,15.0
10001883,2017/18,20,195.0,40.0
10001883,2017/18,22,465.0,145.0
10001883,2017/18,24,1080.0,20.0
10001883,2017/18,25,2890.0,100.0
10001883,2017/18,26,30.0,25.0
10001883,2018/19,02,3270.0,1315.0
10001883,2018/19,03,100.0,15.0
10001883,2018/19,04,920.0,35.0
10001883,2018/19,07,530.0,65.0
10001883,2018/19,09,90.0,0.0
10001883,2018/19,10,1335.0,185.0
10001883,2018/19,11,2125.0,140.0
10001883,2018/19,13,660.0,55.0
10001883,2018/19,15,1910.0,200.0
10001883,2018/19,16,1380.0,180.0
10001883,2018/19,17,5890.0,305.0
10001883,2018/19,19,395.0,10.0
10001883,2018/19,20,205.0,25.0
10001883,2018/19,22,425.0,135.0
10001883,2018/19,24,1190.0,25.0
10001883,2018/19,25,3205.0,205.0
10001883,2018/19,26,20.0,15.0
10001883,2019/20,02,3485.0,1115.0
10001883,2019/20,03,60.0,10.0
10001883,2019/20,04,1060.0,40.0
10001883,2019/20,07,565.0,160.0
10001883,2019/20,09,80.0,0.0
10001883,2019/20,10,1505.0,275.0
10001883,2019/20,11,2440.0,165.0
10001883,2019/20,13,610.0,50.0
10001883,2019/20,15,1940.0,300.0
10001883,2019/20,16,1410.0,485.0
10001883,2019/20,17,6590.0,310.0
10001883,2019/20,19,410.0,15.0
10001883,2019/20,20,210.0,25.0
10001883,2019/20,22,390.0,170.0
10001883,2019/20,24,1040.0,10.0
10001883,2019/20,25,3660.0,440.0
10001883,2019/20,26,85.0,0.0
10001883,2020/21,02,3600.0,1010.0
10001883,2020/21,03,25.0,5.0
10001883,2020/21,04,1085.0,30.0
10001883,2020/21,07,490.0,170.0
10001883,2020/21,09,75.0,0.0
10001883,2020/21,10,1285.0,285.0
10001883,2020/21,11,2300.0,125.0
10001883,2020/21,13,575.0,40.0
10001883,2020/21,15,2000.0,315.0
10001883,2020/21,16,1440.0,525.0
10001883,2020/21,17,5695.0,425.0
10001883,2020/21,19,380.0,20.0
10001883,2020/21,20,160.0,25.0
10001883,2020/21,22,350.0,140.0
10001883,2020/21,24,945.0,10.0
10001883,2020/21,25,3445.0,515.0
10001883,2020/21,26,45.0,0.0
10001883,2021/22,02,3465.0,1040.0
10001883,2021/22,03,55.0,15.0
10001883,2021/22,04,980.0,30.0
10001883,2021/22,07,460.0,240.0
10001883,2021/22,09,50.0,0.0
10001883,2021/22,10,1505.0,260.0
10001883,2021/22,11,2330.0,105.0
10001883,2021/22,13,520.0,60.0
10001883,2021/22,15,2295.0,940.0
10001883,2021/22,16,1130.0,340.0
10001883,2021/22,17,6805.0,370.0
10001883,2021/22,19,315.0,10.0
10001883,2021/22,20,120.0,25.0
10001883,2021/22,22,335.0,135.0
10001883,2021/22,24,730.0,10.0
10001883,2021/22,25,3080.0,540.0
10001883,2021/22,26,40.0,0.0
10001883,2022/23,02,3450.0,985.0
10001883,2022/23,03,50.0,15.0
10001883,2022/23,04,790.0,30.0
10001883,2022/23,07,430.0,230.0
10001883,2022/23,09,40.0,0.0
10001883,2022/23,10,1585.0,250.0
10001883,2022/23,11,2285.0,75.0
10001883,2022/23,13,455.0,50.0
10001883,2022/23,15,2500.0,695.0
10001883,2022/23,16,910.0,185.0
10001883,2022/23,17,8075.0,265.0
10001883,2022/23,19,250.0,10.0
10001883,2022/23,20,85.0,15.0
10001883,2022/23,22,320.0,30.0
10001883,2022/23,24,585.0,5.0
10001883,2022/23,25,2740.0,460.0
10001883,2022/23,26,60.0,0.0
10001883,2023/24,02,3160.0,1175.0
10001883,2023/24,03,95.0,20.0
10001883,2023/24,04,700.0,25.0
10001883,2023/24,07,395.0,185.0
10001883,2023/24,09,30.0,0.0
10001883,2023/24,10,1160.0,240.0
10001883,2023/24,11,2350.0,50.0
10001883,2023/24,13,420.0,45.0
10001883,2023/24,15,1805.0,300.0
10001883,2023/24,16,775.0,120.0
10001883,2023/24,17,7890.0,215.0
10001883,2023/24,19,205.0,10.0
10001883,2023/24,20,70.0,15.0
10001883,2023/24,22,325.0,90.0
10001883,2023/24,24,500.0,10.0
10001883,2023/24,25,2425.0,410.0
10001883,2023/24,26,40.0,0.0
10001883,2024/25,02,2975.0,1185.0
10001883,2024/25,03,105.0,10.0
10001883,2024/25,04,680.0,20.0
10001883,2024/25,07,345.0,155.0
10001883,2024/25,09,15.0,0.0
10001883,2024/25,10,1145.0,240.0
10001883,2024/25,11,2580.0,40.0
10001883,2024/25,13,450.0,25.0
10001883,2024/25,15,1465.0,305.0
10001883,2024/25,16,705.0,40.0
10001883,2024/25,17,6760.0,170.0
10001883,2024/25,19,165.0,10.0
10001883,2024/25,20,65.0,15.0
10001883,2024/25,22,315.0,80.0
10001883,2024/25,24,405.0,10.0
10001883,2024/25,25,2305.0,340.0
10001883,2024/25,26,30.0,0.0
10002113,2014/15,15,220.0,0.0
10002113,2014/15,17,265.0,0.0
10002113,2015/16,15,185.0,0.0
10002113,2015/16,17,180.0,0.0
10002113,2016/17,15,205.0,0.0
10002113,2016/17,17,165.0,0.0
10002113,2017/18,15,180.0,0.0
10002113,2017/18,17,145.0,0.0
10002313,2019/20,17,405.0,0.0
10002313,2020/21,17,535.0,0.0
10002313,2021/22,17,605.0,0.0
10002313,2022/23,17,865.0,0.0
10002313,2023/24,11,45.0,0.0
10002313,2023/24,17,785.0,0.0
10002313,2024/25,11,95.0,0.0
10002313,2024/25,17,790.0,0.0
10002681,2014/15,02,15.0,0.0
10002681,2014/15,10,10.0,0.0
10002681,2014/15,13,425.0,30.0
10002681,2014/15,22,0.0,45.0
10002681,2014/15,25,1260.0,50.0
10002681,2015/16,02,20.0,0.0
10002681,2015/16,10,15.0,0.0
10002681,2015/16,13,445.0,25.0
10002681,2015/16,22,0.0,40.0
10002681,2015/16,25,1460.0,50.0
10002681,2016/17,02,25.0,0.0
10002681,2016/17,10,20.0,0.0
10002681,2016/17,13,460.0,50.0
10002681,2016/17,22,0.0,55.0
10002681,2016/17,25,1520.0,70.0
10002681,2017/18,02,25.0,0.0
10002681,2017/18,10,25.0,0.0
10002681,2017/18,13,500.0,45.0
10002681,2017/18,22,0.0,25.0
10002681,2017/18,25,1620.0,60.0
10002681,2018/19,02,15.0,0.0
10002681,2018/19,10,30.0,0.0
10002681,2018/19,13,510.0,30.0
10002681,2018/19,22,0.0,25.0
10002681,2018/19,24,5.0,0.0
10002681,2018/19,25,1595.0,75.0
10002681,2019/20,02,5.0,0.0
10002681,2019/20,10,50.0,0.0
10002681,2019/20,11,70.0,0.0
10002681,2019/20,13,425.0,45.0
10002681,2019/20,15,30.0,0.0
10002681,2019/20,19,10.0,0.0
10002681,2019/20,20,235.0,5.0
10002681,2019/20,22,0.0,15.0
10002681,2019/20,23,70.0,5.0
10002681,2019/20,24,15.0,0.0
10002681,2019/20,25,1335.0,60.0
10002681,2020/21,02,10.0,0.0
10002681,2020/21,10,80.0,0.0
10002681,2020/21,11,70.0,0.0
10002681,2020/21,13,430.0,50.0
10002681,2020/21,15,30.0,0.0
10002681,2020/21,19,5.0,5.0
10002681,2020/21,20,235.0,10.0
10002681,2020/21,22,5.0,20.0
10002681,2020/21,23,105.0,35.0
10002681,2020/21,24,15.0,0.0
10002681,2020/21,25,1230.0,35.0
10002681,2021/22,02,5.0,0.0
10002681,2021/22,10,85.0,0.0
10002681,2021/22,11,80.0,0.0
10002681,2021/22,13,400.0,35.0
10002681,2021/22,15,35.0,0.0
10002681,2021/22,19,5.0,5.0
10002681,2021/22,20,245.0,5.0
10002681,2021/22,22,0.0,15.0
10002681,2021/22,23,110.0,20.0
10002681,2021/22,24,15.0,0.0
10002681,2021/22,25,1335.0,35.0
10002681,2022/23,02,10.0,0.0
10002681,2022/23,10,85.0,5.0
10002681,2022/23,11,105.0,5.0
10002681,2022/23,13,430.0,50.0
10002681,2022/23,15,30.0,0.0
10002681,2022/23,19,5.0,5.0
10002681,2022/23,20,260.0,15.0
10002681,2022/23,22,0.0,15.0
10002681,2022/23,23,85.0,30.0
10002681,2022/23,24,20.0,0.0
10002681,2022/23,25,1380.0,75.0
10002681,2023/24,02,10.0,0.0
10002681,2023/24,10,75.0,0.0
10002681,2023/24,11,115.0,0.0
10002681,2023/24,13,440.0,50.0
10002681,2023/24,15,40.0,0.0
10002681,2023/24,19,5.0,5.0
10002681,2023/24,20,270.0,10.0
10002681,2023/24,22,0.0,20.0
10002681,2023/24,23,95.0,35.0
10002681,2023/24,24,20.0,0.0
10002681,2023/24,25,1420.0,30.0
10002681,2024/25,02,5.0,0.0
10002681,2024/25,10,70.0,0.0
10002681,2024/25,11,145.0,0.0
10002681,2024/25,13,420.0,55.0
10002681,2024/25,15,45.0,0.0
10002681,2024/25,19,10.0,0.0
10002681,2024/25,20,285.0,10.0
10002681,2024/25,22,15.0,5.0
10002681,2024/25,23,125.0,30.0
10002681,2024/25,24,25.0,0.0
10002681,2024/25,25,1560.0,35.0
10002718,2014/15,02,105.0,120.0
10002718,2014/15,04,635.0,60.0
10002718,2014/15,11,435.0,60.0
10002718,2014/15,13,25.0,15.0
10002718,2014/15,15,1330.0,340.0
10002718,2014/15,17,90.0,5.0
10002718,2014/15,19,675.0,105.0
10002718,2014/15,20,600.0,90.0
10002718,2014/15,22,595.0,90.0
10002718,2014/15,23,25.0,5.0
10002718,2014/15,24,785.0,60.0
10002718,2014/15,25,1685.0,235.0
10002718,2015/16,02,90.0,130.0
10002718,2015/16,04,675.0,65.0
10002718,2015/16,11,540.0,65.0
10002718,2015/16,13,20.0,15.0
10002718,2015/16,15,1450.0,305.0
10002718,2015/16,17,130.0,5.0
10002718,2015/16,19,730.0,85.0
10002718,2015/16,20,620.0,70.0
10002718,2015/16,22,605.0,95.0
10002718,2015/16,23,10.0,0.0
10002718,2015/16,24,845.0,60.0
10002718,2015/16,25,1695.0,225.0
10002718,2016/17,02,90.0,170.0
10002718,2016/17,04,730.0,65.0
10002718,2016/17,11,655.0,65.0
10002718,2016/17,13,25.0,15.0
10002718,2016/17,15,1690.0,310.0
10002718,2016/17,17,225.0,10.0
10002718,2016/17,19,740.0,85.0
10002718,2016/17,20,665.0,55.0
10002718,2016/17,22,655.0,150.0
10002718,2016/17,24,885.0,55.0
10002718,2016/17,25,1780.0,230.0
10002718,2017/18,02,110.0,185.0
10002718,2017/18,04,745.0,75.0
10002718,2017/18,11,730.0,70.0
10002718,2017/18,13,35.0,10.0
10002718,2017/18,15,1900.0,350.0
10002718,2017/18,17,410.0,5.0
10002718,2017/18,19,690.0,100.0
10002718,2017/18,20,640.0,70.0
10002718,2017/18,22,605.0,165.0
10002718,2017/18,24,925.0,65.0
10002718,2017/18,25,1895.0,235.0
10002718,2018/19,02,115.0,150.0
10002718,2018/19,04,770.0,75.0
10002718,2018/19,11,810.0,75.0
10002718,2018/19,13,40.0,15.0
10002718,2018/19,15,1945.0,385.0
10002718,2018/19,17,535.0,25.0
10002718,2018/19,19,645.0,100.0
10002718,2018/19,20,640.0,85.0
10002718,2018/19,22,600.0,180.0
10002718,2018/19,24,920.0,75.0
10002718,2018/19,25,1980.0,250.0
10002718,2019/20,02,120.0,155.0
10002718,2019/20,04,840.0,65.0
10002718,2019/20,11,855.0,105.0
10002718,2019/20,13,20.0,15.0
10002718,2019/20,15,1790.0,295.0
10002718,2019/20,16,40.0,0.0
10002718,2019/20,17,680.0,25.0
10002718,2019/20,19,545.0,100.0
10002718,2019/20,20,580.0,95.0
10002718,2019/20,22,575.0,170.0
10002718,2019/20,23,65.0,10.0
10002718,2019/20,24,920.0,60.0
10002718,2019/20,25,1770.0,210.0
10002718,2020/21,02,115.0,195.0
10002718,2020/21,04,875.0,90.0
10002718,2020/21,11,890.0,85.0
10002718,2020/21,13,20.0,20.0
10002718,2020/21,15,1540.0,345.0
10002718,2020/21,16,95.0,0.0
10002718,2020/21,17,625.0,30.0
10002718,2020/21,19,435.0,120.0
10002718,2020/21,20,520.0,100.0
10002718,2020/21,22,630.0,125.0
10002718,2020/21,23,45.0,10.0
10002718,2020/21,24,955.0,60.0
10002718,2020/21,25,1725.0,195.0
10002718,2021/22,02,125.0,200.0
10002718,2021/22,04,785.0,100.0
10002718,2021/22,11,885.0,105.0
10002718,2021/22,13,15.0,20.0
10002718,2021/22,15,1440.0,320.0
10002718,2021/22,16,150.0,0.0
10002718,2021/22,17,640.0,45.0
10002718,2021/22,19,380.0,130.0
10002718,2021/22,20,460.0,105.0
10002718,2021/22,22,565.0,130.0
10002718,2021/22,23,45.0,5.0
10002718,2021/22,24,905.0,75.0
10002718,2021/22,25,2035.0,205.0
10002718,2022/23,02,115.0,175.0
10002718,2022/23,04,745.0,115.0
10002718,2022/23,11,990.0,90.0
10002718,2022/23,13,10.0,15.0
10002718,2022/23,15,1155.0,260.0
10002718,2022/23,16,185.0,5.0
10002718,2022/23,17,590.0,40.0
10002718,2022/23,19,375.0,105.0
10002718,2022/23,20,355.0,80.0
10002718,2022/23,22,405.0,155.0
10002718,2022/23,23,40.0,5.0
10002718,2022/23,24,940.0,70.0
10002718,2022/23,25,2105.0,215.0
10002718,2023/24,02,105.0,160.0
10002718,2023/24,04,640.0,70.0
10002718,2023/24,09,5.0,0.0
10002718,2023/24,11,920.0,60.0
10002718,2023/24,13,20.0,15.0
10002718,2023/24,15,960.0,210.0
10002718,2023/24,16,195.0,0.0
10002718,2023/24,17,575.0,10.0
10002718,2023/24,19,285.0,85.0
10002718,2023/24,20,330.0,50.0
10002718,2023/24,22,400.0,130.0
10002718,2023/24,23,40.0,5.0
10002718,2023/24,24,890.0,20.0
10002718,2023/24,25,1990.0,160.0
10002718,2024/25,02,110.0,200.0
10002718,2024/25,04,570.0,80.0
10002718,2024/25,09,5.0,0.0
10002718,2024/25,11,915.0,55.0
10002718,2024/25,13,30.0,20.0
10002718,2024/25,15,840.0,160.0
10002718,2024/25,16,180.0,5.0
10002718,2024/25,17,510.0,20.0
10002718,2024/25,19,220.0,60.0
10002718,2024/25,20,275.0,55.0
10002718,2024/25,22,355.0,110.0
10002718,2024/25,23,75.0,5.0
10002718,2024/25,24,790.0,30.0
10002718,2024/25,25,2085.0,160.0
10002735,2014/15,17,975.0,0.0
10002735,2015/16,17,360.0,0.0
10002735,2016/17,17,395.0,0.0
10003212,2019/20,17,1450.0,125.0
10003212,2020/21,17,1475.0,100.0
10003212,2021/22,17,1505.0,155.0
10003212,2022/23,17,1550.0,150.0
10003212,2023/24,17,1545.0,125.0
10003212,2024/25,17,1625.0,100.0
10003239,2014/15,10,10.0,0.0
10003239,2014/15,11,125.0,0.0
10003239,2014/15,15,530.0,0.0
10003239,2014/15,16,20.0,0.0
10003239,2014/15,17,785.0,0.0
10003239,2015/16,11,90.0,0.0
10003239,2015/16,15,540.0,0.0
10003239,2015/16,16,5.0,0.0
10003239,2015/16,17,625.0,0.0
10003239,2016/17,11,65.0,0.0
10003239,2016/17,15,415.0,0.0
10003239,2016/17,17,550.0,0.0
10003239,2017/18,11,90.0,0.0
10003239,2017/18,15,230.0,0.0
10003239,2017/18,17,775.0,0.0
10003239,2018/19,11,120.0,0.0
10003239,2018/19,15,225.0,0.0
10003239,2018/19,17,1140.0,0.0
10003239,2019/20,11,170.0,0.0
10003239,2019/20,15,120.0,0.0
10003239,2019/20,17,1250.0,0.0
10003239,2020/21,11,150.0,0.0
10003239,2020/21,15,80.0,0.0
10003239,2020/21,17,1515.0,0.0
10003239,2021/22,11,135.0,0.0
10003239,2021/22,15,65.0,0.0
10003239,2021/22,17,955.0,0.0
10003239,2021/22,22,210.0,0.0
10003239,2022/23,11,90.0,0.0
10003239,2022/23,15,35.0,0.0
10003239,2022/23,17,830.0,0.0
10003239,2022/23,22,535.0,0.0
10003239,2023/24,11,25.0,0.0
10003239,2023/24,15,165.0,0.0
10003239,2023/24,17,1310.0,0.0
10003239,2023/24,22,210.0,0.0
10003239,2024/25,11,10.0,0.0
10003239,2024/25,15,245.0,0.0
10003239,2024/25,17,1890.0,0.0
10003239,2024/25,22,15.0,0.0
10003270,2014/15,01,2970.0,645.0
10003270,2014/15,02,175.0,0.0
10003270,2014/15,03,1155.0,20.0
10003270,2014/15,07,2200.0,60.0
10003270,2014/15,09,970.0,20.0
10003270,2014/15,10,4900.0,175.0
10003270,2014/15,11,770.0,30.0
10003270,2014/15,17,1410.0,315.0
10003270,2014/15,19,10.0,0.0
10003270,2014/15,22,5.0,60.0
10003270,2014/15,24,50.0,10.0
10003270,2014/15,26,655.0,20.0
10003270,2015/16,01,3055.0,650.0
10003270,2015/16,02,185.0,0.0
10003270,2015/16,03,1270.0,15.0
10003270,2015/16,07,2190.0,60.0
10003270,2015/16,09,980.0,20.0
10003270,2015/16,10,5075.0,170.0
10003270,2015/16,11,845.0,30.0
10003270,2015/16,17,1380.0,315.0
10003270,2015/16,19,10.0,0.0
10003270,2015/16,22,0.0,85.0
10003270,2015/16,24,45.0,10.0
10003270,2015/16,26,630.0,15.0
10003270,2016/17,01,3135.0,695.0
10003270,2016/17,02,200.0,0.0
10003270,2016/17,03,1375.0,10.0
10003270,2016/17,07,2210.0,55.0
10003270,2016/17,09,1040.0,15.0
10003270,2016/17,10,5450.0,145.0
10003270,2016/17,11,850.0,30.0
10003270,2016/17,17,1395.0,290.0
10003270,2016/17,19,10.0,0.0
10003270,2016/17,22,0.0,80.0
10003270,2016/17,24,50.0,10.0
10003270,2016/17,26,635.0,15.0
10003270,2017/18,01,3120.0,755.0
10003270,2017/18,02,215.0,0.0
10003270,2017/18,03,1385.0,10.0
10003270,2017/18,07,2225.0,25.0
10003270,2017/18,09,1075.0,20.0
10003270,2017/18,10,5740.0,120.0
10003270,2017/18,11,925.0,25.0
10003270,2017/18,15,0.0,10.0
10003270,2017/18,17,1555.0,365.0
10003270,2017/18,19,10.0,0.0
10003270,2017/18,22,0.0,90.0
10003270,2017/18,24,40.0,15.0
10003270,2017/18,26,635.0,15.0
10003270,2018/19,01,3465.0,785.0
10003270,2018/19,02,30.0,0.0
10003270,2018/19,03,1415.0,15.0
10003270,2018/19,07,2305.0,25.0
10003270,2018/19,09,1130.0,20.0
10003270,2018/19,10,5940.0,130.0
10003270,2018/19,11,970.0,35.0
10003270,2018/19,15,0.0,35.0
10003270,2018/19,17,1550.0,465.0
10003270,2018/19,19,10.0,0.0
10003270,2018/19,22,5.0,100.0
10003270,2018/19,24,45.0,10.0
10003270,2018/19,26,620.0,15.0
10003270,2019/20,01,3185.0,620.0
10003270,2019/20,02,375.0,0.0
10003270,2019/20,03,1320.0,20.0
10003270,2019/20,07,2195.0,15.0
10003270,2019/20,09,1175.0,15.0
10003270,2019/20,10,6280.0,110.0
10003270,2019/20,11,1055.0,30.0
10003270,2019/20,15,0.0,100.0
10003270,2019/20,17,1680.0,590.0
10003270,2019/20,19,10.0,0.0
10003270,2019/20,22,15.0,105.0
10003270,2019/20,24,35.0,10.0
10003270,2019/20,26,700.0,15.0
10003270,2020/21,01,3530.0,785.0
10003270,2020/21,02,480.0,0.0
10003270,2020/21,03,1455.0,15.0
10003270,2020/21,07,2390.0,10.0
10003270,2020/21,09,1285.0,15.0
10003270,2020/21,10,6675.0,95.0
10003270,2020/21,11,1250.0,30.0
10003270,2020/21,15,0.0,30.0
10003270,2020/21,17,1845.0,545.0
10003270,2020/21,19,10.0,0.0
10003270,2020/21,22,5.0,125.0
10003270,2020/21,24,40.0,10.0
10003270,2020/21,26,735.0,15.0
10003270,2021/22,01,3680.0,600.0
10003270,2021/22,02,545.0,10.0
10003270,2021/22,03,1490.0,10.0
10003270,2021/22,07,2490.0,15.0
10003270,2021/22,09,1260.0,15.0
10003270,2021/22,10,6735.0,70.0
10003270,2021/22,11,1245.0,45.0
10003270,2021/22,15,0.0,35.0
10003270,2021/22,17,1835.0,470.0
10003270,2021/22,19,10.0,0.0
10003270,2021/22,22,0.0,155.0
10003270,2021/22,24,40.0,10.0
10003270,2021/22,26,680.0,15.0
10003270,2022/23,01,3815.0,650.0
10003270,2022/23,02,600.0,15.0
10003270,2022/23,03,1585.0,15.0
10003270,2022/23,07,2545.0,20.0
10003270,2022/23,09,1355.0,20.0
10003270,2022/23,10,6975.0,70.0
10003270,2022/23,11,1385.0,60.0
10003270,2022/23,17,1940.0,435.0
10003270,2022/23,19,10.0,0.0
10003270,2022/23,22,5.0,110.0
10003270,2022/23,24,40.0,10.0
10003270,2022/23,26,585.0,15.0
10003270,2023/24,01,3845.0,625.0
10003270,2023/24,02,580.0,5.0
10003270,2023/24,03,1510.0,20.0
10003270,2023/24,07,2570.0,30.0
10003270,2023/24,09,1380.0,15.0
10003270,2023/24,10,6950.0,65.0
10003270,2023/24,11,1425.0,65.0
10003270,2023/24,17,2130.0,440.0
10003270,2023/24,19,10.0,0.0
10003270,2023/24,22,5.0,115.0
10003270,2023/24,24,40.0,5.0
10003270,2023/24,26,580.0,10.0
10003270,2024/25,01,3855.0,505.0
10003270,2024/25,02,585.0,0.0
10003270,2024/25,03,1425.0,10.0
10003270,2024/25,04,5.0,0.0
10003270,2024/25,07,2515.0,30.0
10003270,2024/25,09,1425.0,15.0
10003270,2024/25,10,6980.0,65.0
10003270,2024/25,11,1495.0,80.0
10003270,2024/25,17,2325.0,450.0
10003270,2024/25,19,10.0,0.0
10003270,2024/25,22,5.0,140.0
10003270,2024/25,23,20.0,0.0
10003270,2024/25,24,45.0,5.0
10003270,2024/25,26,530.0,5.0
10003284,2022/23,25,20.0,10.0
10003284,2023/24,25,25.0,5.0
10003284,2024/25,25,20.0,0.0
10003324,2014/15,01,80.0,215.0
10003324,2015/16,01,115.0,165.0
10003324,2016/17,01,110.0,160.0
10003324,2017/18,01,115.0,175.0
10003324,2018/19,01,110.0,155.0
10003324,2019/20,01,120.0,160.0
10003324,2020/21,01,135.0,170.0
10003324,2021/22,01,145.0,215.0
10003324,2022/23,01,170.0,210.0
10003324,2023/24,01,160.0,185.0
10003324,2024/25,01,170.0,200.0
10003331,2014/15,04,105.0,0.0
10003331,2014/15,17,1715.0,0.0
10003331,2014/15,19,30.0,0.0
10003331,2014/15,24,45.0,0.0
10003331,2014/15,25,205.0,0.0
10003331,2015/16,04,90.0,0.0
10003331,2015/16,17,1580.0,0.0
10003331,2015/16,24,60.0,0.0
10003331,2015/16,25,285.0,0.0
10003331,2016/17,02,10.0,90.0
10003331,2016/17,04,110.0,0.0
10003331,2016/17,09,15.0,0.0
10003331,2016/17,15,120.0,0.0
10003331,2016/17,17,1605.0,0.0
10003331,2016/17,19,95.0,0.0
10003331,2016/17,20,5.0,0.0
10003331,2016/17,24,100.0,0.0
10003331,2016/17,25,230.0,0.0
10003331,2017/18,02,35.0,95.0
10003331,2017/18,04,110.0,0.0
10003331,2017/18,09,25.0,0.0
10003331,2017/18,15,175.0,0.0
10003331,2017/18,17,1570.0,0.0
10003331,2017/18,19,70.0,0.0
10003331,2017/18,20,10.0,0.0
10003331,2017/18,24,110.0,0.0
10003331,2017/18,25,230.0,0.0
10003331,2018/19,02,25.0,100.0
10003331,2018/19,04,85.0,0.0
10003331,2018/19,09,20.0,0.0
10003331,2018/19,15,175.0,0.0
10003331,2018/19,17,1475.0,0.0
10003331,2018/19,19,60.0,0.0
10003331,2018/19,20,15.0,0.0
10003331,2018/19,24,120.0,0.0
10003331,2018/19,25,190.0,0.0
10003331,2019/20,02,25.0,115.0
10003331,2019/20,04,90.0,0.0
10003331,2019/20,09,20.0,0.0
10003331,2019/20,15,45.0,0.0
10003331,2019/20,17,1330.0,0.0
10003331,2019/20,19,10.0,0.0
10003331,2019/20,20,10.0,0.0
10003331,2019/20,22,0.0,10.0
10003331,2019/20,23,265.0,0.0
10003331,2019/20,24,80.0,0.0
10003331,2019/20,25,210.0,0.0
10003566,2014/15,17,270.0,0.0
10003566,2015/16,11,10.0,0.0
10003566,2015/16,16,5.0,0.0
10003566,2015/16,17,305.0,0.0
10003566,2016/17,11,10.0,0.0
10003566,2016/17,16,5.0,0.0
10003566,2016/17,17,315.0,0.0
10003566,2017/18,11,15.0,0.0
10003566,2017/18,16,10.0,0.0
10003566,2017/18,17,370.0,0.0
10003566,2017/18,22,50.0,0.0
10003566,2018/19,11,20.0,0.0
10003566,2018/19,16,15.0,0.0
10003566,2018/19,17,405.0,0.0
10003566,2018/19,22,55.0,0.0
10003566,2019/20,11,5.0,0.0
10003566,2019/20,16,5.0,0.0
10003566,2019/20,17,215.0,0.0
10003566,2019/20,22,20.0,0.0
10003566,2020/21,16,10.0,0.0
10003566,2020/21,17,50.0,0.0
10003566,2021/22,16,5.0,0.0
10003566,2021/22,17,5.0,0.0
10003614,2014/15,02,0.0,15.0
10003614,2014/15,03,255.0,40.0
10003614,2014/15,04,350.0,25.0
10003614,2014/15,07,5.0,0.0
10003614,2014/15,09,10.0,0.0
10003614,2014/15,11,5.0,0.0
10003614,2014/15,15,615.0,20.0
10003614,2014/15,16,200.0,15.0
10003614,2014/15,17,800.0,130.0
10003614,2014/15,19,605.0,70.0
10003614,2014/15,20,675.0,145.0
10003614,2014/15,22,1375.0,1110.0
10003614,2014/15,23,0.0,45.0
10003614,2014/15,24,435.0,15.0
10003614,2014/15,25,500.0,30.0
10003614,2014/15,26,10.0,0.0
10003614,2015/16,02,0.0,5.0
10003614,2015/16,03,215.0,25.0
10003614,2015/16,04,410.0,20.0
10003614,2015/16,15,705.0,40.0
10003614,2015/16,16,215.0,15.0
10003614,2015/16,17,860.0,165.0
10003614,2015/16,19,590.0,75.0
10003614,2015/16,20,710.0,160.0
10003614,2015/16,22,1380.0,845.0
10003614,2015/16,23,5.0,40.0
10003614,2015/16,24,485.0,20.0
10003614,2015/16,25,510.0,25.0
10003614,2015/16,26,25.0,0.0
10003614,2016/17,03,255.0,30.0
10003614,2016/17,04,470.0,25.0
10003614,2016/17,06,10.0,10.0
10003614,2016/17,15,835.0,25.0
10003614,2016/17,16,230.0,10.0
10003614,2016/17,17,870.0,180.0
10003614,2016/17,19,590.0,65.0
10003614,2016/17,20,785.0,155.0
10003614,2016/17,22,1305.0,520.0
10003614,2016/17,23,10.0,25.0
10003614,2016/17,24,515.0,15.0
10003614,2016/17,25,520.0,30.0
10003614,2016/17,26,55.0,0.0
10003614,2017/18,03,310.0,25.0
10003614,2017/18,04,520.0,25.0
10003614,2017/18,06,25.0,20.0
10003614,2017/18,09,5.0,0.0
10003614,2017/18,15,890.0,40.0
10003614,2017/18,16,225.0,5.0
10003614,2017/18,17,820.0,190.0
10003614,2017/18,19,565.0,65.0
10003614,2017/18,20,765.0,140.0
10003614,2017/18,22,1255.0,480.0
10003614,2017/18,23,15.0,35.0
10003614,2017/18,24,515.0,10.0
10003614,2017/18,25,510.0,20.0
10003614,2017/18,26,90.0,0.0
10003614,2018/19,02,60.0,0.0
10003614,2018/19,03,285.0,40.0
10003614,2018/19,04,540.0,30.0
10003614,2018/19,06,40.0,25.0
10003614,2018/19,09,25.0,0.0
10003614,2018/19,11,25.0,0.0
10003614,2018/19,15,920.0,55.0
10003614,2018/19,16,235.0,15.0
10003614,2018/19,17,775.0,190.0
10003614,2018/19,19,575.0,75.0
10003614,2018/19,20,720.0,145.0
10003614,2018/19,22,1315.0,455.0
10003614,2018/19,23,50.0,40.0
10003614,2018/19,24,505.0,15.0
10003614,2018/19,25,505.0,15.0
10003614,2018/19,26,100.0,0.0
10003614,2019/20,02,195.0,5.0
10003614,2019/20,03,270.0,35.0
10003614,2019/20,04,615.0,45.0
10003614,2019/20,06,20.0,10.0
10003614,2019/20,09,35.0,5.0
10003614,2019/20,11,85.0,5.0
10003614,2019/20,15,1155.0,95.0
10003614,2019/20,16,280.0,10.0
10003614,2019/20,17,740.0,210.0
10003614,2019/20,19,565.0,70.0
10003614,2019/20,20,700.0,130.0
10003614,2019/20,22,1200.0,400.0
10003614,2019/20,23,10.0,40.0
10003614,2019/20,24,265.0,10.0
10003614,2019/20,25,690.0,20.0
10003614,2019/20,26,85.0,0.0
10003614,2020/21,02,375.0,15.0
10003614,2020/21,03,245.0,25.0
10003614,2020/21,04,630.0,20.0
10003614,2020/21,06,20.0,10.0
10003614,2020/21,09,45.0,5.0
10003614,2020/21,11,205.0,20.0
10003614,2020/21,15,1245.0,60.0
10003614,2020/21,16,320.0,15.0
10003614,2020/21,17,820.0,125.0
10003614,2020/21,19,505.0,45.0
10003614,2020/21,20,660.0,130.0
10003614,2020/21,22,1250.0,390.0
10003614,2020/21,23,10.0,5.0
10003614,2020/21,24,290.0,10.0
10003614,2020/21,25,650.0,15.0
10003614,2020/21,26,70.0,5.0
10003614,2021/22,02,630.0,40.0
10003614,2021/22,03,210.0,25.0
10003614,2021/22,04,570.0,50.0
10003614,2021/22,06,25.0,10.0
10003614,2021/22,09,35.0,5.0
10003614,2021/22,11,285.0,25.0
10003614,2021/22,15,1275.0,80.0
10003614,2021/22,16,320.0,10.0
10003614,2021/22,17,850.0,110.0
10003614,2021/22,19,420.0,45.0
10003614,2021/22,20,605.0,145.0
10003614,2021/22,22,1100.0,385.0
10003614,2021/22,23,10.0,10.0
10003614,2021/22,24,275.0,10.0
10003614,2021/22,25,635.0,25.0
10003614,2021/22,26,50.0,5.0
10003614,2022/23,02,775.0,60.0
10003614,2022/23,03,175.0,20.0
10003614,2022/23,04,520.0,50.0
10003614,2022/23,06,25.0,10.0
10003614,2022/23,09,25.0,0.0
10003614,2022/23,11,305.0,40.0
10003614,2022/23,15,1115.0,320.0
10003614,2022/23,16,275.0,25.0
10003614,2022/23,17,800.0,135.0
10003614,2022/23,19,325.0,40.0
10003614,2022/23,20,545.0,115.0
10003614,2022/23,22,1010.0,380.0
10003614,2022/23,23,15.0,20.0
10003614,2022/23,24,260.0,10.0
10003614,2022/23,25,590.0,30.0
10003614,2022/23,26,55.0,0.0
10003614,2023/24,02,785.0,115.0
10003614,2023/24,03,185.0,20.0
10003614,2023/24,04,450.0,45.0
10003614,2023/24,06,30.0,5.0
10003614,2023/24,09,10.0,0.0
10003614,2023/24,11,300.0,30.0
10003614,2023/24,15,1020.0,305.0
10003614,2023/24,16,265.0,15.0
10003614,2023/24,17,825.0,90.0
10003614,2023/24,19,280.0,30.0
10003614,2023/24,20,535.0,95.0
10003614,2023/24,22,875.0,325.0
10003614,2023/24,23,5.0,35.0
10003614,2023/24,24,220.0,5.0
10003614,2023/24,25,545.0,15.0
10003614,2023/24,26,45.0,0.0
10003614,2024/25,02,805.0,105.0
10003614,2024/25,03,170.0,25.0
10003614,2024/25,04,500.0,40.0
10003614,2024/25,06,30.0,0.0
10003614,2024/25,09,5.0,0.0
10003614,2024/25,11,240.0,35.0
10003614,2024/25,15,950.0,230.0
10003614,2024/25,16,270.0,5.0
10003614,2024/25,17,570.0,85.0
10003614,2024/25,19,260.0,20.0
10003614,2024/25,20,540.0,85.0
10003614,2024/25,22,800.0,255.0
10003614,2024/25,23,0.0,35.0
10003614,2024/25,24,195.0,10.0
10003614,2024/25,25,520.0,15.0
10003614,2024/25,26,45.0,0.0
10003645,2014/15,01,4070.0,1125.0
10003645,2014/15,02,3910.0,4325.0
10003645,2014/15,03,335.0,10.0
10003645,2014/15,04,145.0,100.0
10003645,2014/15,07,540.0,15.0
10003645,2014/15,09,665.0,50.0
10003645,2014/15,10,190.0,10.0
10003645,2014/15,11,595.0,25.0
10003645,2014/15,15,2095.0,355.0
10003645,2014/15,16,1345.0,275.0
10003645,2014/15,17,1240.0,95.0
10003645,2014/15,19,2005.0,555.0
10003645,2014/15,20,1670.0,290.0
10003645,2014/15,22,400.0,870.0
10003645,2014/15,23,5.0,5.0
10003645,2014/15,24,515.0,50.0
10003645,2014/15,25,180.0,20.0
10003645,2014/15,26,600.0,50.0
10003645,2015/16,01,4050.0,965.0
10003645,2015/16,02,4545.0,2790.0
10003645,2015/16,03,335.0,5.0
10003645,2015/16,04,325.0,145.0
10003645,2015/16,07,635.0,10.0
10003645,2015/16,09,705.0,30.0
10003645,2015/16,10,260.0,5.0
10003645,2015/16,11,770.0,10.0
10003645,2015/16,15,2690.0,510.0
10003645,2015/16,16,1480.0,310.0
10003645,2015/16,17,1250.0,50.0
10003645,2015/16,19,1930.0,530.0
10003645,2015/16,20,1750.0,220.0
10003645,2015/16,22,370.0,590.0
10003645,2015/16,23,85.0,0.0
10003645,2015/16,24,595.0,45.0
10003645,2015/16,25,185.0,25.0
10003645,2015/16,26,655.0,45.0
10003645,2016/17,01,3680.0,720.0
10003645,2016/17,02,4650.0,2435.0
10003645,2016/17,03,355.0,5.0
10003645,2016/17,04,855.0,450.0
10003645,2016/17,07,740.0,30.0
10003645,2016/17,09,800.0,50.0
10003645,2016/17,10,345.0,5.0
10003645,2016/17,11,940.0,40.0
10003645,2016/17,15,2985.0,750.0
10003645,2016/17,16,1545.0,245.0
10003645,2016/17,17,1590.0,105.0
10003645,2016/17,19,1860.0,620.0
10003645,2016/17,20,1920.0,240.0
10003645,2016/17,22,335.0,635.0
10003645,2016/17,24,635.0,60.0
10003645,2016/17,25,175.0,25.0
10003645,2016/17,26,680.0,65.0
10003645,2017/18,01,3730.0,720.0
10003645,2017/18,02,4520.0,2580.0
10003645,2017/18,03,385.0,20.0
10003645,2017/18,04,1200.0,565.0
10003645,2017/18,07,795.0,35.0
10003645,2017/18,09,860.0,60.0
10003645,2017/18,10,465.0,5.0
10003645,2017/18,11,975.0,40.0
10003645,2017/18,15,3330.0,715.0
10003645,2017/18,16,1570.0,265.0
10003645,2017/18,17,1885.0,145.0
10003645,2017/18,19,1795.0,595.0
10003645,2017/18,20,2005.0,245.0
10003645,2017/18,22,370.0,575.0
10003645,2017/18,23,10.0,0.0
10003645,2017/18,24,760.0,65.0
10003645,2017/18,25,195.0,15.0
10003645,2017/18,26,720.0,60.0
10003645,2018/19,01,3865.0,740.0
10003645,2018/19,02,4405.0,2490.0
10003645,2018/19,03,390.0,25.0
10003645,2018/19,04,1325.0,640.0
10003645,2018/19,07,825.0,40.0
10003645,2018/19,09,940.0,45.0
10003645,2018/19,10,595.0,15.0
10003645,2018/19,11,1090.0,40.0
10003645,2018/19,15,3460.0,650.0
10003645,2018/19,16,1530.0,235.0
10003645,2018/19,17,2160.0,175.0
10003645,2018/19,19,1785.0,435.0
10003645,2018/19,20,1935.0,215.0
10003645,2018/19,22,405.0,390.0
10003645,2018/19,23,95.0,5.0
10003645,2018/19,24,970.0,50.0
10003645,2018/19,25,170.0,15.0
10003645,2018/19,26,695.0,60.0
10003645,2019/20,01,3645.0,685.0
10003645,2019/20,02,4370.0,1775.0
10003645,2019/20,03,680.0,50.0
10003645,2019/20,04,1600.0,660.0
10003645,2019/20,07,900.0,35.0
10003645,2019/20,09,960.0,40.0
10003645,2019/20,10,670.0,15.0
10003645,2019/20,11,1130.0,55.0
10003645,2019/20,15,3825.0,770.0
10003645,2019/20,16,1540.0,215.0
10003645,2019/20,17,2325.0,195.0
10003645,2019/20,19,1635.0,365.0
10003645,2019/20,20,1885.0,205.0
10003645,2019/20,22,400.0,275.0
10003645,2019/20,23,330.0,5.0
10003645,2019/20,24,915.0,50.0
10003645,2019/20,25,160.0,15.0
10003645,2019/20,26,675.0,55.0
10003645,2020/21,01,3655.0,555.0
10003645,2020/21,02,4935.0,2655.0
10003645,2020/21,03,835.0,60.0
10003645,2020/21,04,1925.0,680.0
10003645,2020/21,07,970.0,30.0
10003645,2020/21,09,1115.0,45.0
10003645,2020/21,10,965.0,15.0
10003645,2020/21,11,1510.0,115.0
10003645,2020/21,15,4330.0,1325.0
10003645,2020/21,16,1750.0,270.0
10003645,2020/21,17,3220.0,295.0
10003645,2020/21,19,1620.0,230.0
10003645,2020/21,20,1820.0,195.0
10003645,2020/21,22,490.0,250.0
10003645,2020/21,23,335.0,5.0
10003645,2020/21,24,1300.0,75.0
10003645,2020/21,25,140.0,25.0
10003645,2020/21,26,660.0,55.0
10003645,2021/22,01,3705.0,500.0
10003645,2021/22,02,5330.0,2725.0
10003645,2021/22,03,1020.0,100.0
10003645,2021/22,04,2080.0,765.0
10003645,2021/22,07,960.0,40.0
10003645,2021/22,09,1175.0,45.0
10003645,2021/22,10,1005.0,25.0
10003645,2021/22,11,1545.0,160.0
10003645,2021/22,15,4835.0,1450.0
10003645,2021/22,16,1780.0,340.0
10003645,2021/22,17,4225.0,365.0
10003645,2021/22,19,1525.0,335.0
10003645,2021/22,20,1810.0,190.0
10003645,2021/22,22,440.0,210.0
10003645,2021/22,23,380.0,35.0
10003645,2021/22,24,1415.0,70.0
10003645,2021/22,25,170.0,25.0
10003645,2021/22,26,640.0,75.0
10003645,2022/23,01,3720.0,505.0
10003645,2022/23,02,5270.0,2905.0
10003645,2022/23,03,1075.0,100.0
10003645,2022/23,04,2290.0,725.0
10003645,2022/23,07,955.0,55.0
10003645,2022/23,09,1040.0,85.0
10003645,2022/23,10,1195.0,40.0
10003645,2022/23,11,1450.0,190.0
10003645,2022/23,15,4955.0,1380.0
10003645,2022/23,16,1870.0,315.0
10003645,2022/23,17,3325.0,415.0
10003645,2022/23,19,1455.0,205.0
10003645,2022/23,20,1775.0,160.0
10003645,2022/23,22,420.0,185.0
10003645,2022/23,23,390.0,65.0
10003645,2022/23,24,1550.0,80.0
10003645,2022/23,25,165.0,25.0
10003645,2022/23,26,620.0,85.0
10003645,2023/24,01,3805.0,465.0
10003645,2023/24,02,4975.0,2690.0
10003645,2023/24,03,1050.0,95.0
10003645,2023/24,04,2200.0,685.0
10003645,2023/24,07,1000.0,55.0
10003645,2023/24,09,1165.0,70.0
10003645,2023/24,10,1260.0,40.0
10003645,2023/24,11,1410.0,135.0
10003645,2023/24,15,4750.0,1545.0
10003645,2023/24,16,1710.0,360.0
10003645,2023/24,17,2755.0,250.0
10003645,2023/24,19,1385.0,175.0
10003645,2023/24,20,1695.0,175.0
10003645,2023/24,22,390.0,215.0
10003645,2023/24,23,350.0,35.0
10003645,2023/24,24,1535.0,75.0
10003645,2023/24,25,180.0,30.0
10003645,2023/24,26,655.0,75.0
10003645,2024/25,01,3825.0,460.0
10003645,2024/25,02,4715.0,2885.0
10003645,2024/25,03,1065.0,75.0
10003645,2024/25,04,2395.0,630.0
10003645,2024/25,07,1135.0,55.0
10003645,2024/25,09,1190.0,80.0
10003645,2024/25,10,1350.0,30.0
10003645,2024/25,11,1630.0,110.0
10003645,2024/25,15,4920.0,1750.0
10003645,2024/25,16,1925.0,275.0
10003645,2024/25,17,3030.0,280.0
10003645,2024/25,19,1365.0,170.0
10003645,2024/25,20,1600.0,160.0
10003645,2024/25,22,410.0,180.0
10003645,2024/25,23,370.0,25.0
10003645,2024/25,24,1695.0,110.0
10003645,2024/25,25,165.0,25.0
10003645,2024/25,26,720.0,60.0
10003678,2014/15,02,2275.0,435.0
10003678,2014/15,03,1080.0,140.0
10003678,2014/15,04,610.0,175.0
10003678,2014/15,07,245.0,40.0
10003678,2014/15,09,385.0,80.0
10003678,2014/15,10,1920.0,570.0
10003678,2014/15,11,960.0,245.0
10003678,2014/15,13,650.0,270.0
10003678,2014/15,15,1425.0,500.0
10003678,2014/15,16,505.0,90.0
10003678,2014/15,17,2695.0,785.0
10003678,2014/15,19,450.0,105.0
10003678,2014/15,20,300.0,110.0
10003678,2014/15,22,960.0,340.0
10003678,2014/15,24,455.0,55.0
10003678,2014/15,25,2320.0,215.0
10003678,2014/15,26,440.0,95.0
10003678,2015/16,02,2265.0,380.0
10003678,2015/16,03,1010.0,110.0
10003678,2015/16,04,605.0,175.0
10003678,2015/16,07,230.0,30.0
10003678,2015/16,09,435.0,65.0
10003678,2015/16,10,2050.0,425.0
10003678,2015/16,11,905.0,145.0
10003678,2015/16,13,615.0,335.0
10003678,2015/16,15,1335.0,375.0
10003678,2015/16,16,485.0,60.0
10003678,2015/16,17,2575.0,560.0
10003678,2015/16,19,405.0,115.0
10003678,2015/16,20,255.0,80.0
10003678,2015/16,22,980.0,250.0
10003678,2015/16,24,525.0,50.0
10003678,2015/16,25,2405.0,185.0
10003678,2015/16,26,385.0,80.0
10003678,2016/17,02,2220.0,360.0
10003678,2016/17,03,885.0,75.0
10003678,2016/17,04,590.0,195.0
10003678,2016/17,07,135.0,5.0
10003678,2016/17,09,445.0,50.0
10003678,2016/17,10,1890.0,345.0
10003678,2016/17,11,790.0,95.0
10003678,2016/17,13,665.0,320.0
10003678,2016/17,15,1195.0,360.0
10003678,2016/17,16,410.0,35.0
10003678,2016/17,17,2380.0,455.0
10003678,2016/17,19,325.0,85.0
10003678,2016/17,20,225.0,75.0
10003678,2016/17,22,915.0,170.0
10003678,2016/17,23,5.0,0.0
10003678,2016/17,24,575.0,45.0
10003678,2016/17,25,2445.0,145.0
10003678,2016/17,26,295.0,55.0
10003678,2017/18,02,1965.0,295.0
10003678,2017/18,03,1050.0,100.0
10003678,2017/18,04,525.0,225.0
10003678,2017/18,07,460.0,55.0
10003678,2017/18,09,235.0,25.0
10003678,2017/18,10,1685.0,315.0
10003678,2017/18,11,740.0,110.0
10003678,2017/18,13,635.0,295.0
10003678,2017/18,15,1080.0,330.0
10003678,2017/18,16,320.0,35.0
10003678,2017/18,17,1920.0,380.0
10003678,2017/18,19,265.0,60.0
10003678,2017/18,20,340.0,80.0
10003678,2017/18,22,855.0,125.0
10003678,2017/18,24,470.0,30.0
10003678,2017/18,25,2200.0,140.0
10003678,2017/18,26,235.0,35.0
10003678,2018/19,02,2140.0,285.0
10003678,2018/19,03,1035.0,85.0
10003678,2018/19,04,585.0,205.0
10003678,2018/19,07,430.0,25.0
10003678,2018/19,09,140.0,15.0
10003678,2018/19,10,1370.0,360.0
10003678,2018/19,11,920.0,150.0
10003678,2018/19,13,645.0,260.0
10003678,2018/19,15,1080.0,280.0
10003678,2018/19,16,275.0,35.0
10003678,2018/19,17,1670.0,270.0
10003678,2018/19,19,195.0,50.0
10003678,2018/19,20,220.0,70.0
10003678,2018/19,22,795.0,130.0
10003678,2018/19,24,310.0,30.0
10003678,2018/19,25,2360.0,140.0
10003678,2018/19,26,195.0,40.0
10003678,2019/20,01,10.0,5.0
10003678,2019/20,02,2890.0,370.0
10003678,2019/20,03,320.0,35.0
10003678,2019/20,04,655.0,190.0
10003678,2019/20,07,440.0,35.0
10003678,2019/20,09,110.0,15.0
10003678,2019/20,10,1530.0,325.0
10003678,2019/20,11,1380.0,135.0
10003678,2019/20,13,805.0,195.0
10003678,2019/20,15,1015.0,330.0
10003678,2019/20,16,285.0,20.0
10003678,2019/20,17,2205.0,255.0
10003678,2019/20,19,200.0,40.0
10003678,2019/20,20,85.0,50.0
10003678,2019/20,22,745.0,120.0
10003678,2019/20,23,70.0,5.0
10003678,2019/20,24,425.0,30.0
10003678,2019/20,25,2450.0,90.0
10003678,2019/20,26,155.0,55.0
10003678,2020/21,01,10.0,5.0
10003678,2020/21,02,3235.0,295.0
10003678,2020/21,03,310.0,25.0
10003678,2020/21,04,710.0,175.0
10003678,2020/21,07,455.0,20.0
10003678,2020/21,09,90.0,10.0
10003678,2020/21,10,1570.0,340.0
10003678,2020/21,11,1365.0,190.0
10003678,2020/21,13,810.0,170.0
10003678,2020/21,15,1085.0,290.0
10003678,2020/21,16,265.0,20.0
10003678,2020/21,17,2490.0,185.0
10003678,2020/21,19,165.0,40.0
10003678,2020/21,20,80.0,45.0
10003678,2020/21,22,825.0,130.0
10003678,2020/21,23,65.0,5.0
10003678,2020/21,24,410.0,50.0
10003678,2020/21,25,2260.0,105.0
10003678,2020/21,26,150.0,55.0
10003678,2021/22,01,10.0,5.0
10003678,2021/22,02,3190.0,425.0
10003678,2021/22,03,285.0,30.0
10003678,2021/22,04,850.0,145.0
10003678,2021/22,07,510.0,25.0
10003678,2021/22,09,110.0,10.0
10003678,2021/22,10,1395.0,295.0
10003678,2021/22,11,1595.0,170.0
10003678,2021/22,13,730.0,150.0
10003678,2021/22,15,1005.0,245.0
10003678,2021/22,16,240.0,15.0
10003678,2021/22,17,3260.0,220.0
10003678,2021/22,19,165.0,40.0
10003678,2021/22,20,90.0,45.0
10003678,2021/22,22,665.0,145.0
10003678,2021/22,23,110.0,5.0
10003678,2021/22,24,560.0,50.0
10003678,2021/22,25,2840.0,100.0
10003678,2021/22,26,140.0,55.0
10003678,2022/23,01,5.0,5.0
10003678,2022/23,02,3345.0,1150.0
10003678,2022/23,03,285.0,30.0
10003678,2022/23,04,770.0,145.0
10003678,2022/23,07,530.0,50.0
10003678,2022/23,09,70.0,10.0
10003678,2022/23,10,1295.0,285.0
10003678,2022/23,11,1590.0,155.0
10003678,2022/23,13,725.0,130.0
10003678,2022/23,15,935.0,185.0
10003678,2022/23,16,230.0,30.0
10003678,2022/23,17,2540.0,210.0
10003678,2022/23,19,150.0,35.0
10003678,2022/23,20,75.0,55.0
10003678,2022/23,22,530.0,150.0
10003678,2022/23,23,70.0,5.0
10003678,2022/23,24,425.0,50.0
10003678,2022/23,25,2845.0,105.0
10003678,2022/23,26,155.0,65.0
10003678,2023/24,01,5.0,0.0
10003678,2023/24,02,3450.0,1095.0
10003678,2023/24,03,280.0,30.0
10003678,2023/24,04,850.0,70.0
10003678,2023/24,07,525.0,30.0
10003678,2023/24,09,25.0,5.0
10003678,2023/24,10,1235.0,230.0
10003678,2023/24,11,1630.0,100.0
10003678,2023/24,13,685.0,120.0
10003678,2023/24,15,945.0,145.0
10003678,2023/24,16,275.0,20.0
10003678,2023/24,17,2595.0,140.0
10003678,2023/24,19,140.0,30.0
10003678,2023/24,20,60.0,35.0
10003678,2023/24,22,505.0,150.0
10003678,2023/24,23,80.0,0.0
10003678,2023/24,24,395.0,35.0
10003678,2023/24,25,2645.0,70.0
10003678,2023/24,26,130.0,80.0
10003678,2024/25,01,5.0,0.0
10003678,2024/25,02,3525.0,1045.0
10003678,2024/25,03,285.0,30.0
10003678,2024/25,04,825.0,65.0
10003678,2024/25,07,465.0,15.0
10003678,2024/25,09,25.0,5.0
10003678,2024/25,10,1250.0,220.0
10003678,2024/25,11,1730.0,100.0
10003678,2024/25,13,705.0,145.0
10003678,2024/25,15,1010.0,190.0
10003678,2024/25,16,270.0,20.0
10003678,2024/25,17,2320.0,180.0
10003678,2024/25,19,150.0,25.0
10003678,2024/25,20,70.0,25.0
10003678,2024/25,22,485.0,105.0
10003678,2024/25,23,50.0,5.0
10003678,2024/25,24,340.0,25.0
10003678,2024/25,25,2815.0,90.0
10003678,2024/25,26,120.0,90.0
10003746,2024/25,25,65.0,0.0
10003758,2019/20,25,245.0,85.0
10003758,2020/21,25,245.0,65.0
10003758,2021/22,25,265.0,115.0
10003758,2022/23,25,255.0,115.0
10003758,2023/24,25,260.0,125.0
10003758,2024/25,25,380.0,110.0
10003798,2019/20,06,260.0,55.0
10003798,2020/21,06,240.0,85.0
10003798,2021/22,06,380.0,175.0
10003798,2022/23,06,365.0,140.0
10003798,2023/24,06,285.0,110.0
10003798,2024/25,06,230.0,115.0
10003854,2014/15,25,1150.0,25.0
10003854,2015/16,25,1290.0,30.0
10003854,2016/17,25,1395.0,30.0
10003854,2017/18,25,1575.0,30.0
10003854,2018/19,25,1810.0,40.0
10003854,2019/20,19,10.0,0.0
10003854,2019/20,25,2095.0,40.0
10003854,2020/21,19,20.0,0.0
10003854,2020/21,25,2225.0,50.0
10003854,2021/22,19,35.0,0.0
10003854,2021/22,25,2235.0,70.0
10003854,2022/23,19,40.0,0.0
10003854,2022/23,25,2180.0,30.0
10003854,2023/24,19,45.0,0.0
10003854,2023/24,25,2095.0,30.0
10003854,2024/25,11,15.0,0.0
10003854,2024/25,19,45.0,0.0
10003854,2024/25,25,2055.0,60.0
10003861,2014/15,02,1295.0,1390.0
10003861,2014/15,03,2720.0,200.0
10003861,2014/15,04,670.0,130.0
10003861,2014/15,10,780.0,185.0
10003861,2014/15,11,820.0,55.0
10003861,2014/15,13,695.0,390.0
10003861,2014/15,15,1705.0,795.0
10003861,2014/15,16,605.0,170.0
10003861,2014/15,17,5070.0,990.0
10003861,2014/15,19,525.0,2200.0
10003861,2014/15,20,255.0,20.0
10003861,2014/15,22,1145.0,480.0
10003861,2014/15,24,700.0,95.0
10003861,2014/15,25,1705.0,75.0
10003861,2014/15,26,150.0,10.0
10003861,2015/16,02,1320.0,1745.0
10003861,2015/16,03,2940.0,285.0
10003861,2015/16,04,710.0,175.0
10003861,2015/16,10,745.0,210.0
10003861,2015/16,11,955.0,60.0
10003861,2015/16,13,625.0,335.0
10003861,2015/16,15,1860.0,895.0
10003861,2015/16,16,655.0,160.0
10003861,2015/16,17,4585.0,990.0
10003861,2015/16,19,505.0,1735.0
10003861,2015/16,20,230.0,15.0
10003861,2015/16,22,1095.0,425.0
10003861,2015/16,24,680.0,80.0
10003861,2015/16,25,1655.0,70.0
10003861,2015/16,26,160.0,20.0
10003861,2016/17,02,1375.0,915.0
10003861,2016/17,03,2780.0,305.0
10003861,2016/17,04,815.0,205.0
10003861,2016/17,09,10.0,0.0
10003861,2016/17,10,715.0,225.0
10003861,2016/17,11,910.0,60.0
10003861,2016/17,13,595.0,345.0
10003861,2016/17,15,1880.0,1030.0
10003861,2016/17,16,760.0,170.0
10003861,2016/17,17,4375.0,940.0
10003861,2016/17,19,455.0,1510.0
10003861,2016/17,20,255.0,15.0
10003861,2016/17,22,1055.0,455.0
10003861,2016/17,24,635.0,75.0
10003861,2016/17,25,1765.0,95.0
10003861,2016/17,26,140.0,25.0
10003861,2017/18,02,1410.0,820.0
10003861,2017/18,03,2545.0,310.0
10003861,2017/18,04,835.0,195.0
10003861,2017/18,07,0.0,5.0
10003861,2017/18,09,10.0,0.0
10003861,2017/18,10,710.0,245.0
10003861,2017/18,11,860.0,70.0
10003861,2017/18,13,640.0,365.0
10003861,2017/18,15,1860.0,1040.0
10003861,2017/18,16,720.0,190.0
10003861,2017/18,17,4070.0,945.0
10003861,2017/18,19,405.0,925.0
10003861,2017/18,20,225.0,20.0
10003861,2017/18,22,1100.0,365.0
10003861,2017/18,24,590.0,85.0
10003861,2017/18,25,1775.0,75.0
10003861,2017/18,26,140.0,20.0
10003861,2018/19,02,1605.0,770.0
10003861,2018/19,03,2270.0,290.0
10003861,2018/19,04,870.0,210.0
10003861,2018/19,07,20.0,5.0
10003861,2018/19,09,10.0,0.0
10003861,2018/19,10,525.0,305.0
10003861,2018/19,11,820.0,120.0
10003861,2018/19,13,620.0,445.0
10003861,2018/19,15,1885.0,1195.0
10003861,2018/19,16,820.0,245.0
10003861,2018/19,17,3815.0,785.0
10003861,2018/19,19,395.0,605.0
10003861,2018/19,20,225.0,25.0
10003861,2018/19,22,1215.0,375.0
10003861,2018/19,24,565.0,65.0
10003861,2018/19,25,1980.0,90.0
10003861,2018/19,26,110.0,5.0
10003861,2019/20,02,1790.0,610.0
10003861,2019/20,03,2225.0,270.0
10003861,2019/20,04,780.0,210.0
10003861,2019/20,07,0.0,45.0
10003861,2019/20,10,490.0,305.0
10003861,2019/20,11,810.0,110.0
10003861,2019/20,13,735.0,575.0
10003861,2019/20,15,2245.0,280.0
10003861,2019/20,16,880.0,290.0
10003861,2019/20,17,3875.0,765.0
10003861,2019/20,19,310.0,190.0
10003861,2019/20,20,200.0,15.0
10003861,2019/20,22,1005.0,320.0
10003861,2019/20,23,5.0,5.0
10003861,2019/20,24,530.0,75.0
10003861,2019/20,25,2025.0,140.0
10003861,2019/20,26,105.0,5.0
10003861,2020/21,02,2175.0,770.0
10003861,2020/21,03,2320.0,245.0
10003861,2020/21,04,835.0,215.0
10003861,2020/21,07,5.0,30.0
10003861,2020/21,10,505.0,320.0
10003861,2020/21,11,895.0,110.0
10003861,2020/21,13,770.0,610.0
10003861,2020/21,15,2420.0,225.0
10003861,2020/21,16,905.0,340.0
10003861,2020/21,17,4665.0,590.0
10003861,2020/21,19,295.0,35.0
10003861,2020/21,20,205.0,10.0
10003861,2020/21,22,1260.0,185.0
10003861,2020/21,23,0.0,10.0
10003861,2020/21,24,500.0,60.0
10003861,2020/21,25,1985.0,115.0
10003861,2020/21,26,75.0,5.0
10003861,2021/22,02,2345.0,765.0
10003861,2021/22,03,2375.0,220.0
10003861,2021/22,04,830.0,160.0
10003861,2021/22,07,0.0,15.0
10003861,2021/22,10,485.0,260.0
10003861,2021/22,11,870.0,110.0
10003861,2021/22,13,690.0,605.0
10003861,2021/22,15,2255.0,260.0
10003861,2021/22,16,840.0,295.0
10003861,2021/22,17,4990.0,480.0
10003861,2021/22,19,220.0,15.0
10003861,2021/22,20,180.0,5.0
10003861,2021/22,22,1225.0,185.0
10003861,2021/22,23,0.0,10.0
10003861,2021/22,24,535.0,45.0
10003861,2021/22,25,1900.0,100.0
10003861,2021/22,26,95.0,5.0
10003861,2022/23,02,2340.0,860.0
10003861,2022/23,03,2210.0,330.0
10003861,2022/23,04,760.0,200.0
10003861,2022/23,07,0.0,15.0
10003861,2022/23,10,425.0,230.0
10003861,2022/23,11,975.0,105.0
10003861,2022/23,13,710.0,530.0
10003861,2022/23,15,2070.0,280.0
10003861,2022/23,16,810.0,290.0
10003861,2022/23,17,5515.0,600.0
10003861,2022/23,19,175.0,25.0
10003861,2022/23,20,155.0,20.0
10003861,2022/23,22,1075.0,240.0
10003861,2022/23,23,50.0,10.0
10003861,2022/23,24,580.0,65.0
10003861,2022/23,25,1665.0,135.0
10003861,2022/23,26,125.0,5.0
10003861,2023/24,02,2250.0,945.0
10003861,2023/24,03,2190.0,260.0
10003861,2023/24,04,840.0,180.0
10003861,2023/24,07,5.0,10.0
10003861,2023/24,10,435.0,275.0
10003861,2023/24,11,1020.0,100.0
10003861,2023/24,13,640.0,535.0
10003861,2023/24,15,2100.0,225.0
10003861,2023/24,16,845.0,285.0
10003861,2023/24,17,6145.0,525.0
10003861,2023/24,19,185.0,20.0
10003861,2023/24,20,160.0,5.0
10003861,2023/24,22,855.0,365.0
10003861,2023/24,23,25.0,35.0
10003861,2023/24,24,595.0,45.0
10003861,2023/24,25,1640.0,110.0
10003861,2023/24,26,175.0,5.0
10003861,2024/25,02,2250.0,805.0
10003861,2024/25,03,2095.0,225.0
10003861,2024/25,04,845.0,135.0
10003861,2024/25,07,0.0,5.0
10003861,2024/25,10,390.0,255.0
10003861,2024/25,11,1050.0,60.0
10003861,2024/25,13,645.0,485.0
10003861,2024/25,15,2040.0,235.0
10003861,2024/25,16,980.0,225.0
10003861,2024/25,17,5085.0,555.0
10003861,2024/25,19,205.0,20.0
10003861,2024/25,20,170.0,10.0
10003861,2024/25,22,865.0,110.0
10003861,2024/25,23,40.0,10.0
10003861,2024/25,24,540.0,40.0
10003861,2024/25,25,1640.0,95.0
10003861,2024/25,26,190.0,0.0
10003863,2014/15,02,50.0,0.0
10003863,2014/15,03,285.0,10.0
10003863,2014/15,04,300.0,0.0
10003863,2014/15,15,195.0,10.0
10003863,2014/15,17,180.0,10.0
10003863,2014/15,19,185.0,10.0
10003863,2014/15,20,175.0,65.0
10003863,2014/15,22,1255.0,410.0
10003863,2014/15,24,365.0,5.0
10003863,2015/16,02,50.0,0.0
10003863,2015/16,03,320.0,0.0
10003863,2015/16,04,385.0,10.0
10003863,2015/16,15,150.0,25.0
10003863,2015/16,17,230.0,10.0
10003863,2015/16,19,140.0,15.0
10003863,2015/16,20,190.0,55.0
10003863,2015/16,22,1245.0,470.0
10003863,2015/16,24,415.0,5.0
10003863,2016/17,02,70.0,0.0
10003863,2016/17,03,295.0,5.0
10003863,2016/17,04,415.0,10.0
10003863,2016/17,15,155.0,30.0
10003863,2016/17,17,265.0,5.0
10003863,2016/17,19,150.0,20.0
10003863,2016/17,20,190.0,35.0
10003863,2016/17,22,1245.0,295.0
10003863,2016/17,24,435.0,5.0
10003863,2017/18,02,90.0,0.0
10003863,2017/18,03,260.0,5.0
10003863,2017/18,04,420.0,10.0
10003863,2017/18,15,240.0,30.0
10003863,2017/18,17,270.0,5.0
10003863,2017/18,19,135.0,15.0
10003863,2017/18,20,155.0,25.0
10003863,2017/18,22,1145.0,160.0
10003863,2017/18,24,390.0,5.0
10003863,2018/19,02,105.0,5.0
10003863,2018/19,03,260.0,10.0
10003863,2018/19,04,410.0,20.0
10003863,2018/19,11,15.0,0.0
10003863,2018/19,15,325.0,30.0
10003863,2018/19,16,25.0,0.0
10003863,2018/19,17,340.0,10.0
10003863,2018/19,19,130.0,25.0
10003863,2018/19,20,100.0,30.0
10003863,2018/19,22,1055.0,155.0
10003863,2018/19,24,335.0,10.0
10003863,2018/19,25,15.0,0.0
10003863,2019/20,02,25.0,0.0
10003863,2019/20,03,275.0,10.0
10003863,2019/20,04,550.0,30.0
10003863,2019/20,11,35.0,0.0
10003863,2019/20,15,935.0,45.0
10003863,2019/20,16,170.0,0.0
10003863,2019/20,17,1230.0,15.0
10003863,2019/20,19,125.0,15.0
10003863,2019/20,20,70.0,5.0
10003863,2019/20,22,870.0,180.0
10003863,2019/20,23,70.0,0.0
10003863,2019/20,24,250.0,10.0
10003863,2019/20,25,60.0,0.0
10003863,2020/21,02,25.0,0.0
10003863,2020/21,03,290.0,10.0
10003863,2020/21,04,620.0,55.0
10003863,2020/21,11,60.0,0.0
10003863,2020/21,15,1320.0,80.0
10003863,2020/21,16,510.0,210.0
10003863,2020/21,17,2340.0,205.0
10003863,2020/21,19,135.0,5.0
10003863,2020/21,20,45.0,5.0
10003863,2020/21,22,910.0,235.0
10003863,2020/21,23,290.0,0.0
10003863,2020/21,24,255.0,10.0
10003863,2020/21,25,90.0,0.0
10003863,2021/22,02,20.0,0.0
10003863,2021/22,03,315.0,15.0
10003863,2021/22,04,590.0,110.0
10003863,2021/22,11,65.0,5.0
10003863,2021/22,15,2100.0,115.0
10003863,2021/22,16,170.0,895.0
10003863,2021/22,17,4830.0,400.0
10003863,2021/22,19,115.0,10.0
10003863,2021/22,20,40.0,10.0
10003863,2021/22,22,825.0,325.0
10003863,2021/22,23,395.0,0.0
10003863,2021/22,24,210.0,15.0
10003863,2021/22,25,65.0,0.0
10003863,2022/23,02,15.0,0.0
10003863,2022/23,03,300.0,20.0
10003863,2022/23,04,555.0,100.0
10003863,2022/23,11,85.0,5.0
10003863,2022/23,15,2995.0,105.0
10003863,2022/23,16,165.0,985.0
10003863,2022/23,17,5915.0,575.0
10003863,2022/23,19,100.0,15.0
10003863,2022/23,20,25.0,5.0
10003863,2022/23,22,760.0,290.0
10003863,2022/23,23,365.0,10.0
10003863,2022/23,24,165.0,10.0
10003863,2022/23,25,65.0,0.0
10003863,2023/24,02,45.0,10.0
10003863,2023/24,03,270.0,15.0
10003863,2023/24,04,555.0,90.0
10003863,2023/24,11,115.0,5.0
10003863,2023/24,15,3465.0,130.0
10003863,2023/24,16,185.0,695.0
10003863,2023/24,17,6700.0,800.0
10003863,2023/24,19,65.0,20.0
10003863,2023/24,20,30.0,5.0
10003863,2023/24,22,710.0,360.0
10003863,2023/24,23,265.0,5.0
10003863,2023/24,24,165.0,5.0
10003863,2023/24,25,60.0,0.0
10003863,2024/25,02,95.0,25.0
10003863,2024/25,03,235.0,10.0
10003863,2024/25,04,445.0,95.0
10003863,2024/25,07,15.0,0.0
10003863,2024/25,11,195.0,5.0
10003863,2024/25,13,5.0,10.0
10003863,2024/25,15,3690.0,110.0
10003863,2024/25,16,225.0,625.0
10003863,2024/25,17,5860.0,680.0
10003863,2024/25,19,50.0,10.0
10003863,2024/25,20,30.0,0.0
10003863,2024/25,22,685.0,225.0
10003863,2024/25,23,160.0,0.0
10003863,2024/25,24,150.0,5.0
10003863,2024/25,25,65.0,0.0
10003945,2014/15,10,85.0,0.0
10003945,2014/15,25,625.0,0.0
10003945,2015/16,10,85.0,0.0
10003945,2015/16,25,635.0,0.0
10003945,2016/17,10,80.0,0.0
10003945,2016/17,25,665.0,0.0
10003945,2017/18,10,90.0,0.0
10003945,2017/18,25,705.0,0.0
10003945,2018/19,10,90.0,0.0
10003945,2018/19,25,730.0,0.0
10003945,2019/20,10,90.0,0.0
10003945,2019/20,25,790.0,0.0
10003945,2020/21,10,95.0,0.0
10003945,2020/21,25,860.0,0.0
10003945,2021/22,10,95.0,0.0
10003945,2021/22,25,895.0,0.0
10003945,2022/23,10,85.0,0.0
10003945,2022/23,25,885.0,0.0
10003945,2023/24,10,90.0,0.0
10003945,2023/24,25,970.0,0.0
10003945,2024/25,10,100.0,0.0
10003945,2024/25,25,995.0,0.0
10003956,2014/15,02,55.0,5.0
10003956,2014/15,03,330.0,20.0
10003956,2014/15,04,300.0,30.0
10003956,2014/15,09,35.0,0.0
10003956,2014/15,11,105.0,10.0
10003956,2014/15,15,535.0,35.0
10003956,2014/15,16,45.0,5.0
10003956,2014/15,17,360.0,75.0
10003956,2014/15,19,190.0,30.0
10003956,2014/15,20,265.0,70.0
10003956,2014/15,22,1460.0,915.0
10003956,2014/15,24,90.0,10.0
10003956,2014/15,25,495.0,25.0
10003956,2014/15,26,60.0,5.0
10003956,2015/16,02,60.0,0.0
10003956,2015/16,03,290.0,20.0
10003956,2015/16,04,340.0,50.0
10003956,2015/16,09,45.0,0.0
10003956,2015/16,10,5.0,0.0
10003956,2015/16,11,110.0,15.0
10003956,2015/16,15,570.0,55.0
10003956,2015/16,16,85.0,5.0
10003956,2015/16,17,330.0,85.0
10003956,2015/16,19,195.0,15.0
10003956,2015/16,20,255.0,50.0
10003956,2015/16,22,1525.0,175.0
10003956,2015/16,24,90.0,10.0
10003956,2015/16,25,485.0,25.0
10003956,2015/16,26,70.0,0.0
10003956,2016/17,02,70.0,5.0
10003956,2016/17,03,260.0,25.0
10003956,2016/17,04,385.0,50.0
10003956,2016/17,09,40.0,5.0
10003956,2016/17,10,10.0,0.0
10003956,2016/17,11,110.0,5.0
10003956,2016/17,15,650.0,65.0
10003956,2016/17,16,110.0,5.0
10003956,2016/17,17,320.0,75.0
10003956,2016/17,19,200.0,15.0
10003956,2016/17,20,285.0,45.0
10003956,2016/17,22,1495.0,300.0
10003956,2016/17,24,105.0,15.0
10003956,2016/17,25,475.0,45.0
10003956,2016/17,26,65.0,0.0
10003956,2017/18,02,60.0,5.0
10003956,2017/18,03,295.0,25.0
10003956,2017/18,04,365.0,65.0
10003956,2017/18,09,50.0,5.0
10003956,2017/18,10,15.0,0.0
10003956,2017/18,11,110.0,0.0
10003956,2017/18,15,665.0,75.0
10003956,2017/18,16,120.0,5.0
10003956,2017/18,17,340.0,45.0
10003956,2017/18,19,180.0,20.0
10003956,2017/18,20,260.0,45.0
10003956,2017/18,22,1480.0,290.0
10003956,2017/18,24,100.0,15.0
10003956,2017/18,25,450.0,35.0
10003956,2017/18,26,70.0,0.0
10003956,2018/19,02,55.0,5.0
10003956,2018/19,03,255.0,25.0
10003956,2018/19,04,365.0,60.0
10003956,2018/19,09,50.0,5.0
10003956,2018/19,10,30.0,0.0
10003956,2018/19,11,125.0,5.0
10003956,2018/19,15,715.0,75.0
10003956,2018/19,16,125.0,5.0
10003956,2018/19,17,315.0,25.0
10003956,2018/19,19,185.0,10.0
10003956,2018/19,20,235.0,35.0
10003956,2018/19,22,1515.0,275.0
10003956,2018/19,24,100.0,15.0
10003956,2018/19,25,405.0,25.0
10003956,2018/19,26,70.0,5.0
10003956,2019/20,02,40.0,0.0
10003956,2019/20,03,265.0,5.0
10003956,2019/20,04,410.0,50.0
10003956,2019/20,06,5.0,0.0
10003956,2019/20,09,50.0,0.0
10003956,2019/20,10,35.0,0.0
10003956,2019/20,11,180.0,5.0
10003956,2019/20,15,835.0,60.0
10003956,2019/20,16,140.0,5.0
10003956,2019/20,17,355.0,15.0
10003956,2019/20,19,175.0,10.0
10003956,2019/20,20,250.0,30.0
10003956,2019/20,22,1225.0,245.0
10003956,2019/20,24,105.0,10.0
10003956,2019/20,25,385.0,25.0
10003956,2019/20,26,75.0,0.0
10003956,2020/21,02,55.0,0.0
10003956,2020/21,03,295.0,5.0
10003956,2020/21,04,485.0,55.0
10003956,2020/21,06,0.0,5.0
10003956,2020/21,09,40.0,0.0
10003956,2020/21,10,45.0,0.0
10003956,2020/21,11,260.0,5.0
10003956,2020/21,15,965.0,80.0
10003956,2020/21,16,190.0,5.0
10003956,2020/21,17,435.0,15.0
10003956,2020/21,19,180.0,5.0
10003956,2020/21,20,260.0,25.0
10003956,2020/21,22,1360.0,275.0
10003956,2020/21,24,120.0,5.0
10003956,2020/21,25,405.0,25.0
10003956,2020/21,26,85.0,5.0
10003956,2021/22,02,70.0,0.0
10003956,2021/22,03,350.0,10.0
10003956,2021/22,04,450.0,45.0
10003956,2021/22,09,40.0,0.0
10003956,2021/22,10,50.0,0.0
10003956,2021/22,11,285.0,5.0
10003956,2021/22,15,1005.0,70.0
10003956,2021/22,16,160.0,0.0
10003956,2021/22,17,495.0,10.0
10003956,2021/22,19,155.0,5.0
10003956,2021/22,20,255.0,25.0
10003956,2021/22,22,1215.0,305.0
10003956,2021/22,24,135.0,0.0
10003956,2021/22,25,400.0,15.0
10003956,2021/22,26,85.0,5.0
10003956,2022/23,02,65.0,5.0
10003956,2022/23,03,360.0,15.0
10003956,2022/23,04,445.0,40.0
10003956,2022/23,09,45.0,0.0
10003956,2022/23,10,50.0,5.0
10003956,2022/23,11,280.0,25.0
10003956,2022/23,15,1005.0,75.0
10003956,2022/23,16,170.0,0.0
10003956,2022/23,17,540.0,25.0
10003956,2022/23,19,150.0,5.0
10003956,2022/23,20,250.0,20.0
10003956,2022/23,22,1000.0,245.0
10003956,2022/23,24,145.0,5.0
10003956,2022/23,25,455.0,15.0
10003956,2022/23,26,95.0,0.0
10003956,2023/24,02,60.0,0.0
10003956,2023/24,03,355.0,15.0
10003956,2023/24,04,405.0,30.0
10003956,2023/24,09,40.0,0.0
10003956,2023/24,10,50.0,0.0
10003956,2023/24,11,285.0,5.0
10003956,2023/24,15,890.0,60.0
10003956,2023/24,16,170.0,5.0
10003956,2023/24,17,515.0,15.0
10003956,2023/24,19,135.0,5.0
10003956,2023/24,20,240.0,20.0
10003956,2023/24,22,835.0,215.0
10003956,2023/24,24,140.0,5.0
10003956,2023/24,25,465.0,20.0
10003956,2023/24,26,85.0,0.0
10003956,2024/25,02,30.0,10.0
10003956,2024/25,03,345.0,20.0
10003956,2024/25,04,395.0,20.0
10003956,2024/25,06,10.0,0.0
10003956,2024/25,09,50.0,0.0
10003956,2024/25,10,45.0,0.0
10003956,2024/25,11,295.0,5.0
10003956,2024/25,15,820.0,60.0
10003956,2024/25,16,175.0,0.0
10003956,2024/25,17,960.0,15.0
10003956,2024/25,19,115.0,5.0
10003956,2024/25,20,215.0,30.0
10003956,2024/25,22,845.0,120.0
10003956,2024/25,24,130.0,5.0
10003956,2024/25,25,510.0,20.0
10003956,2024/25,26,80.0,0.0
10003957,2014/15,02,2295.0,1375.0
10003957,2014/15,03,2330.0,105.0
10003957,2014/15,04,700.0,20.0
10003957,2014/15,06,85.0,5.0
10003957,2014/15,07,300.0,5.0
10003957,2014/15,09,195.0,0.0
10003957,2014/15,10,1500.0,320.0
10003957,2014/15,11,930.0,40.0
10003957,2014/15,13,870.0,210.0
10003957,2014/15,15,565.0,50.0
10003957,2014/15,16,1490.0,165.0
10003957,2014/15,17,2220.0,250.0
10003957,2014/15,19,640.0,45.0
10003957,2014/15,20,350.0,5.0
10003957,2014/15,22,1360.0,225.0
10003957,2014/15,24,555.0,10.0
10003957,2014/15,25,1165.0,35.0
10003957,2014/15,26,210.0,5.0
10003957,2015/16,02,2310.0,1545.0
10003957,2015/16,03,2465.0,105.0
10003957,2015/16,04,755.0,25.0
10003957,2015/16,06,90.0,0.0
10003957,2015/16,07,320.0,40.0
10003957,2015/16,09,190.0,0.0
10003957,2015/16,10,1710.0,285.0
10003957,2015/16,11,1015.0,25.0
10003957,2015/16,13,945.0,240.0
10003957,2015/16,15,1425.0,90.0
10003957,2015/16,16,780.0,170.0
10003957,2015/16,17,2375.0,295.0
10003957,2015/16,19,645.0,35.0
10003957,2015/16,20,395.0,5.0
10003957,2015/16,22,1375.0,290.0
10003957,2015/16,24,535.0,15.0
10003957,2015/16,25,1145.0,35.0
10003957,2015/16,26,210.0,0.0
10003957,2016/17,02,2490.0,1345.0
10003957,2016/17,03,2495.0,110.0
10003957,2016/17,04,780.0,20.0
10003957,2016/17,06,85.0,0.0
10003957,2016/17,07,465.0,75.0
10003957,2016/17,09,205.0,0.0
10003957,2016/17,10,1805.0,220.0
10003957,2016/17,11,1055.0,20.0
10003957,2016/17,13,960.0,270.0
10003957,2016/17,15,1420.0,120.0
10003957,2016/17,16,790.0,160.0
10003957,2016/17,17,2570.0,345.0
10003957,2016/17,19,590.0,40.0
10003957,2016/17,20,405.0,10.0
10003957,2016/17,22,1310.0,305.0
10003957,2016/17,24,580.0,10.0
10003957,2016/17,25,1140.0,45.0
10003957,2016/17,26,210.0,0.0
10003957,2017/18,02,2515.0,1415.0
10003957,2017/18,03,2500.0,120.0
10003957,2017/18,04,835.0,30.0
10003957,2017/18,06,100.0,0.0
10003957,2017/18,07,490.0,90.0
10003957,2017/18,09,245.0,0.0
10003957,2017/18,10,1885.0,260.0
10003957,2017/18,11,1010.0,40.0
10003957,2017/18,13,965.0,335.0
10003957,2017/18,15,1605.0,130.0
10003957,2017/18,16,735.0,170.0
10003957,2017/18,17,2795.0,390.0
10003957,2017/18,19,545.0,60.0
10003957,2017/18,20,370.0,10.0
10003957,2017/18,22,1185.0,325.0
10003957,2017/18,24,665.0,15.0
10003957,2017/18,25,1125.0,50.0
10003957,2017/18,26,205.0,0.0
10003957,2018/19,02,2530.0,1580.0
10003957,2018/19,03,2520.0,125.0
10003957,2018/19,04,905.0,335.0
10003957,2018/19,06,110.0,0.0
10003957,2018/19,07,495.0,85.0
10003957,2018/19,09,255.0,5.0
10003957,2018/19,10,1860.0,315.0
10003957,2018/19,11,925.0,80.0
10003957,2018/19,13,990.0,405.0
10003957,2018/19,15,1655.0,170.0
10003957,2018/19,16,860.0,175.0
10003957,2018/19,17,2905.0,470.0
10003957,2018/19,19,445.0,75.0
10003957,2018/19,20,350.0,15.0
10003957,2018/19,22,1110.0,280.0
10003957,2018/19,24,720.0,30.0
10003957,2018/19,25,1030.0,45.0
10003957,2018/19,26,180.0,0.0
10003957,2019/20,02,2870.0,1515.0
10003957,2019/20,03,2285.0,120.0
10003957,2019/20,04,1130.0,60.0
10003957,2019/20,06,180.0,0.0
10003957,2019/20,07,540.0,85.0
10003957,2019/20,09,275.0,10.0
10003957,2019/20,10,1785.0,400.0
10003957,2019/20,11,970.0,70.0
10003957,2019/20,13,870.0,415.0
10003957,2019/20,15,1895.0,345.0
10003957,2019/20,16,1055.0,205.0
10003957,2019/20,17,3195.0,540.0
10003957,2019/20,19,405.0,60.0
10003957,2019/20,20,335.0,10.0
10003957,2019/20,22,1065.0,295.0
10003957,2019/20,24,750.0,35.0
10003957,2019/20,25,1075.0,45.0
10003957,2019/20,26,160.0,0.0
10003957,2020/21,02,3315.0,1825.0
10003957,2020/21,03,2310.0,105.0
10003957,2020/21,04,1245.0,55.0
10003957,2020/21,06,165.0,5.0
10003957,2020/21,07,540.0,75.0
10003957,2020/21,09,260.0,10.0
10003957,2020/21,10,1740.0,375.0
10003957,2020/21,11,995.0,60.0
10003957,2020/21,13,950.0,425.0
10003957,2020/21,15,2310.0,605.0
10003957,2020/21,16,1080.0,210.0
10003957,2020/21,17,3510.0,605.0
10003957,2020/21,19,380.0,45.0
10003957,2020/21,20,380.0,10.0
10003957,2020/21,22,1170.0,285.0
10003957,2020/21,24,745.0,55.0
10003957,2020/21,25,1140.0,45.0
10003957,2020/21,26,170.0,0.0
10003957,2021/22,02,3465.0,1930.0
10003957,2021/22,03,2155.0,140.0
10003957,2021/22,04,1370.0,90.0
10003957,2021/22,06,185.0,5.0
10003957,2021/22,07,555.0,105.0
10003957,2021/22,09,190.0,20.0
10003957,2021/22,10,1535.0,380.0
10003957,2021/22,11,900.0,125.0
10003957,2021/22,13,930.0,400.0
10003957,2021/22,15,2765.0,690.0
10003957,2021/22,16,1060.0,225.0
10003957,2021/22,17,3665.0,690.0
10003957,2021/22,19,365.0,45.0
10003957,2021/22,20,370.0,15.0
10003957,2021/22,22,1240.0,260.0
10003957,2021/22,24,715.0,70.0
10003957,2021/22,25,1225.0,65.0
10003957,2021/22,26,150.0,5.0
10003957,2022/23,02,3730.0,1825.0
10003957,2022/23,03,2595.0,140.0
10003957,2022/23,04,1335.0,120.0
10003957,2022/23,07,510.0,95.0
10003957,2022/23,09,165.0,20.0
10003957,2022/23,10,1640.0,395.0
10003957,2022/23,11,825.0,85.0
10003957,2022/23,13,955.0,435.0
10003957,2022/23,15,2870.0,735.0
10003957,2022/23,16,1195.0,220.0
10003957,2022/23,17,3455.0,705.0
10003957,2022/23,19,350.0,40.0
10003957,2022/23,20,360.0,20.0
10003957,2022/23,22,1100.0,285.0
10003957,2022/23,24,695.0,45.0
10003957,2022/23,25,1240.0,65.0
10003957,2022/23,26,170.0,5.0
10003957,2023/24,02,3510.0,2200.0
10003957,2023/24,03,2545.0,110.0
10003957,2023/24,04,1280.0,95.0
10003957,2023/24,07,475.0,100.0
10003957,2023/24,09,170.0,10.0
10003957,2023/24,10,1455.0,375.0
10003957,2023/24,11,790.0,65.0
10003957,2023/24,13,1040.0,360.0
10003957,2023/24,15,2810.0,530.0
10003957,2023/24,16,1095.0,230.0
10003957,2023/24,17,3275.0,480.0
10003957,2023/24,19,330.0,40.0
10003957,2023/24,20,345.0,10.0
10003957,2023/24,22,1075.0,280.0
10003957,2023/24,24,710.0,40.0
10003957,2023/24,25,1055.0,75.0
10003957,2023/24,26,200.0,5.0
10003957,2024/25,02,3245.0,1865.0
10003957,2024/25,03,2365.0,90.0
10003957,2024/25,04,1265.0,90.0
10003957,2024/25,07,530.0,75.0
10003957,2024/25,09,155.0,10.0
10003957,2024/25,10,1315.0,360.0
10003957,2024/25,11,890.0,100.0
10003957,2024/25,13,1010.0,410.0
10003957,2024/25,15,2425.0,475.0
10003957,2024/25,16,1050.0,275.0
10003957,2024/25,17,3160.0,590.0
10003957,2024/25,19,285.0,45.0
10003957,2024/25,20,325.0,15.0
10003957,2024/25,22,1025.0,260.0
10003957,2024/25,24,665.0,55.0
10003957,2024/25,25,895.0,85.0
10003957,2024/25,26,225.0,5.0
10003958,2015/16,01,115.0,210.0
10003958,2015/16,02,0.0,100.0
10003958,2016/17,01,120.0,200.0
10003958,2016/17,02,0.0,110.0
10003958,2017/18,01,150.0,185.0
10003958,2017/18,02,0.0,100.0
10003958,2018/19,01,160.0,165.0
10003958,2018/19,02,0.0,100.0
10003958,2019/20,01,135.0,150.0
10003958,2019/20,02,0.0,55.0
10003958,2020/21,01,150.0,85.0
10003958,2020/21,02,0.0,35.0
10003958,2021/22,01,85.0,105.0
10003958,2021/22,02,0.0,80.0
10003958,2022/23,01,105.0,145.0
10003958,2022/23,02,0.0,10.0
10003958,2023/24,01,120.0,115.0
10003958,2023/24,02,0.0,10.0
10003958,2024/25,01,105.0,85.0
10003958,2024/25,02,0.0,15.0
10004006,2014/15,25,230.0,5.0
10004006,2015/16,25,240.0,0.0
10004023,2017/18,17,25.0,0.0
10004023,2018/19,17,115.0,0.0
10004023,2019/20,17,40.0,0.0
10004028,2022/23,25,225.0,0.0
10004028,2023/24,25,250.0,0.0
10004028,2024/25,25,230.0,5.0
10004035,2018/19,19,10.0,0.0
10004035,2018/19,24,10.0,0.0
10004035,2018/19,25,15.0,0.0
10004035,2019/20,19,5.0,0.0
10004035,2019/20,25,80.0,0.0
10004035,2020/21,19,10.0,0.0
10004035,2020/21,25,130.0,0.0
10004035,2021/22,19,10.0,0.0
10004035,2021/22,25,140.0,0.0
10004035,2022/23,19,10.0,0.0
10004035,2022/23,25,140.0,10.0
10004035,2023/24,19,20.0,0.0
10004035,2023/24,25,140.0,0.0
10004035,2024/25,19,15.0,0.0
10004035,2024/25,25,135.0,0.0
10004036,2019/20,19,40.0,0.0
10004036,2019/20,25,150.0,75.0
10004036,2020/21,19,75.0,0.0
10004036,2020/21,25,215.0,55.0
10004036,2021/22,19,40.0,0.0
10004036,2021/22,25,300.0,0.0
10004036,2022/23,19,45.0,0.0
10004036,2022/23,25,295.0,0.0
10004036,2023/24,19,45.0,0.0
10004036,2023/24,25,270.0,0.0
10004036,2024/25,19,50.0,0.0
10004036,2024/25,25,255.0,0.0
10004048,2014/15,02,585.0,220.0
10004048,2014/15,03,740.0,95.0
10004048,2014/15,04,335.0,135.0
10004048,2014/15,06,10.0,10.0
10004048,2014/15,07,280.0,35.0
10004048,2014/15,09,140.0,20.0
10004048,2014/15,10,260.0,40.0
10004048,2014/15,11,710.0,130.0
10004048,2014/15,13,650.0,425.0
10004048,2014/15,15,2060.0,415.0
10004048,2014/15,16,500.0,305.0
10004048,2014/15,17,1865.0,775.0
10004048,2014/15,19,240.0,115.0
10004048,2014/15,20,0.0,10.0
10004048,2014/15,22,755.0,340.0
10004048,2014/15,24,610.0,55.0
10004048,2014/15,25,1075.0,135.0
10004048,2014/15,26,25.0,5.0
10004048,2015/16,02,485.0,235.0
10004048,2015/16,03,645.0,100.0
10004048,2015/16,04,300.0,150.0
10004048,2015/16,06,20.0,10.0
10004048,2015/16,07,215.0,25.0
10004048,2015/16,09,105.0,20.0
10004048,2015/16,10,130.0,35.0
10004048,2015/16,11,625.0,95.0
10004048,2015/16,13,645.0,365.0
10004048,2015/16,15,2030.0,420.0
10004048,2015/16,16,435.0,335.0
10004048,2015/16,17,1720.0,530.0
10004048,2015/16,19,200.0,105.0
10004048,2015/16,20,0.0,5.0
10004048,2015/16,22,710.0,295.0
10004048,2015/16,24,560.0,45.0
10004048,2015/16,25,970.0,135.0
10004048,2016/17,02,495.0,280.0
10004048,2016/17,03,595.0,100.0
10004048,2016/17,04,295.0,105.0
10004048,2016/17,06,25.0,10.0
10004048,2016/17,07,145.0,25.0
10004048,2016/17,09,85.0,5.0
10004048,2016/17,10,90.0,10.0
10004048,2016/17,11,605.0,95.0
10004048,2016/17,13,515.0,475.0
10004048,2016/17,15,2040.0,495.0
10004048,2016/17,16,370.0,305.0
10004048,2016/17,17,1675.0,485.0
10004048,2016/17,19,205.0,90.0
10004048,2016/17,22,700.0,260.0
10004048,2016/17,24,485.0,35.0
10004048,2016/17,25,925.0,125.0
10004048,2017/18,02,430.0,275.0
10004048,2017/18,03,520.0,80.0
10004048,2017/18,04,265.0,70.0
10004048,2017/18,06,20.0,10.0
10004048,2017/18,07,130.0,15.0
10004048,2017/18,09,65.0,25.0
10004048,2017/18,10,55.0,10.0
10004048,2017/18,11,550.0,80.0
10004048,2017/18,13,390.0,210.0
10004048,2017/18,15,1725.0,385.0
10004048,2017/18,16,325.0,205.0
10004048,2017/18,17,1340.0,190.0
10004048,2017/18,19,180.0,55.0
10004048,2017/18,22,595.0,195.0
10004048,2017/18,23,0.0,5.0
10004048,2017/18,24,410.0,30.0
10004048,2017/18,25,835.0,95.0
10004048,2018/19,02,430.0,250.0
10004048,2018/19,03,530.0,85.0
10004048,2018/19,04,265.0,55.0
10004048,2018/19,06,20.0,5.0
10004048,2018/19,07,100.0,20.0
10004048,2018/19,09,55.0,5.0
10004048,2018/19,10,25.0,5.0
10004048,2018/19,11,515.0,90.0
10004048,2018/19,13,350.0,155.0
10004048,2018/19,15,1555.0,380.0
10004048,2018/19,16,310.0,205.0
10004048,2018/19,17,1240.0,170.0
10004048,2018/19,19,170.0,75.0
10004048,2018/19,22,605.0,150.0
10004048,2018/19,23,0.0,5.0
10004048,2018/19,24,375.0,25.0
10004048,2018/19,25,780.0,85.0
10004048,2019/20,02,690.0,315.0
10004048,2019/20,03,325.0,55.0
10004048,2019/20,04,380.0,85.0
10004048,2019/20,06,20.0,10.0
10004048,2019/20,07,105.0,10.0
10004048,2019/20,09,75.0,15.0
10004048,2019/20,10,185.0,30.0
10004048,2019/20,11,380.0,60.0
10004048,2019/20,13,315.0,140.0
10004048,2019/20,15,1820.0,300.0
10004048,2019/20,16,425.0,200.0
10004048,2019/20,17,2120.0,165.0
10004048,2019/20,19,190.0,65.0
10004048,2019/20,22,450.0,160.0
10004048,2019/20,23,5.0,5.0
10004048,2019/20,24,300.0,40.0
10004048,2019/20,25,885.0,60.0
10004048,2020/21,02,785.0,365.0
10004048,2020/21,03,320.0,65.0
10004048,2020/21,04,530.0,85.0
10004048,2020/21,06,25.0,10.0
10004048,2020/21,07,135.0,15.0
10004048,2020/21,09,70.0,10.0
10004048,2020/21,10,105.0,10.0
10004048,2020/21,11,545.0,70.0
10004048,2020/21,13,350.0,100.0
10004048,2020/21,15,2145.0,290.0
10004048,2020/21,16,425.0,170.0
10004048,2020/21,17,3255.0,160.0
10004048,2020/21,19,185.0,60.0
10004048,2020/21,22,455.0,140.0
10004048,2020/21,23,0.0,5.0
10004048,2020/21,24,495.0,35.0
10004048,2020/21,25,1055.0,65.0
10004048,2021/22,02,855.0,420.0
10004048,2021/22,03,345.0,65.0
10004048,2021/22,04,560.0,85.0
10004048,2021/22,06,45.0,10.0
10004048,2021/22,07,130.0,15.0
10004048,2021/22,09,65.0,10.0
10004048,2021/22,10,100.0,15.0
10004048,2021/22,11,670.0,70.0
10004048,2021/22,13,330.0,110.0
10004048,2021/22,15,2530.0,275.0
10004048,2021/22,16,360.0,135.0
10004048,2021/22,17,3785.0,200.0
10004048,2021/22,19,145.0,55.0
10004048,2021/22,22,440.0,145.0
10004048,2021/22,23,0.0,5.0
10004048,2021/22,24,335.0,35.0
10004048,2021/22,25,1015.0,75.0
10004048,2022/23,02,955.0,435.0
10004048,2022/23,03,315.0,60.0
10004048,2022/23,04,560.0,70.0
10004048,2022/23,06,85.0,5.0
10004048,2022/23,07,140.0,10.0
10004048,2022/23,09,135.0,10.0
10004048,2022/23,10,125.0,10.0
10004048,2022/23,11,805.0,85.0
10004048,2022/23,13,290.0,130.0
10004048,2022/23,15,2895.0,205.0
10004048,2022/23,16,335.0,130.0
10004048,2022/23,17,5055.0,150.0
10004048,2022/23,19,115.0,50.0
10004048,2022/23,22,395.0,170.0
10004048,2022/23,24,335.0,15.0
10004048,2022/23,25,980.0,90.0
10004048,2023/24,02,950.0,465.0
10004048,2023/24,03,285.0,45.0
10004048,2023/24,04,470.0,65.0
10004048,2023/24,06,55.0,10.0
10004048,2023/24,07,115.0,10.0
10004048,2023/24,09,150.0,10.0
10004048,2023/24,10,130.0,10.0
10004048,2023/24,11,805.0,95.0
10004048,2023/24,13,310.0,120.0
10004048,2023/24,15,2750.0,235.0
10004048,2023/24,16,285.0,135.0
10004048,2023/24,17,5075.0,210.0
10004048,2023/24,19,95.0,40.0
10004048,2023/24,22,365.0,165.0
10004048,2023/24,24,315.0,30.0
10004048,2023/24,25,855.0,70.0
10004048,2024/25,02,1025.0,245.0
10004048,2024/25,03,215.0,40.0
10004048,2024/25,04,445.0,70.0
10004048,2024/25,06,45.0,5.0
10004048,2024/25,07,90.0,10.0
10004048,2024/25,09,105.0,30.0
10004048,2024/25,10,120.0,15.0
10004048,2024/25,11,770.0,105.0
10004048,2024/25,13,305.0,125.0
10004048,2024/25,15,2760.0,200.0
10004048,2024/25,16,295.0,110.0
10004048,2024/25,17,4505.0,255.0
10004048,2024/25,19,90.0,30.0
10004048,2024/25,22,345.0,165.0
10004048,2024/25,23,0.0,10.0
10004048,2024/25,24,330.0,15.0
10004048,2024/25,25,750.0,50.0
10004060,2014/15,15,55.0,0.0
10004060,2014/15,17,2110.0,0.0
10004060,2014/15,22,60.0,0.0
10004060,2014/15,24,195.0,0.0
10004060,2014/15,25,395.0,0.0
10004060,2015/16,16,10.0,0.0
10004060,2015/16,17,650.0,0.0
10004060,2015/16,22,10.0,0.0
10004060,2015/16,24,65.0,0.0
10004060,2015/16,25,110.0,0.0
10004060,2017/18,25,10.0,0.0
10004061,2014/15,11,55.0,0.0
10004061,2014/15,16,10.0,0.0
10004061,2014/15,17,870.0,0.0
10004061,2015/16,11,60.0,0.0
10004061,2015/16,16,50.0,0.0
10004061,2015/16,17,1230.0,0.0
10004061,2016/17,11,5.0,0.0
10004061,2016/17,16,175.0,0.0
10004061,2016/17,17,1100.0,0.0
10004061,2017/18,16,280.0,0.0
10004061,2017/18,17,1335.0,0.0
10004061,2018/19,16,350.0,0.0
10004061,2018/19,17,1740.0,0.0
10004061,2019/20,16,215.0,0.0
10004061,2019/20,17,1080.0,0.0
10004061,2020/21,16,140.0,0.0
10004061,2020/21,17,830.0,0.0
10004061,2021/22,16,150.0,0.0
10004061,2021/22,17,945.0,0.0
10004061,2022/23,16,125.0,0.0
10004061,2022/23,17,1295.0,0.0
10004061,2022/23,19,20.0,0.0
10004061,2023/24,16,90.0,0.0
10004061,2023/24,17,505.0,0.0
10004061,2024/25,16,150.0,0.0
10004061,2024/25,17,880.0,0.0
10004063,2014/15,04,135.0,15.0
10004063,2014/15,09,790.0,45.0
10004063,2014/15,11,90.0,0.0
10004063,2014/15,13,5.0,0.0
10004063,2014/15,15,4845.0,195.0
10004063,2014/15,16,970.0,40.0
10004063,2014/15,17,1780.0,140.0
10004063,2014/15,20,880.0,45.0
10004063,2014/15,24,255.0,10.0
10004063,2014/15,26,345.0,5.0
10004063,2015/16,04,130.0,20.0
10004063,2015/16,09,805.0,30.0
10004063,2015/16,11,110.0,0.0
10004063,2015/16,13,5.0,0.0
10004063,2015/16,15,4625.0,165.0
10004063,2015/16,16,955.0,40.0
10004063,2015/16,17,1880.0,135.0
10004063,2015/16,20,885.0,35.0
10004063,2015/16,24,240.0,15.0
10004063,2015/16,26,350.0,10.0
10004063,2016/17,04,160.0,20.0
10004063,2016/17,09,830.0,35.0
10004063,2016/17,11,10.0,0.0
10004063,2016/17,15,5045.0,195.0
10004063,2016/17,16,995.0,20.0
10004063,2016/17,17,2130.0,140.0
10004063,2016/17,20,920.0,45.0
10004063,2016/17,24,270.0,15.0
10004063,2016/17,26,365.0,10.0
10004063,2017/18,04,155.0,10.0
10004063,2017/18,09,860.0,25.0
10004063,2017/18,11,5.0,0.0
10004063,2017/18,15,5140.0,180.0
10004063,2017/18,16,1050.0,20.0
10004063,2017/18,17,2250.0,145.0
10004063,2017/18,20,970.0,30.0
10004063,2017/18,24,355.0,10.0
10004063,2017/18,26,405.0,10.0
10004063,2018/19,04,165.0,10.0
10004063,2018/19,09,820.0,20.0
10004063,2018/19,11,30.0,0.0
10004063,2018/19,15,5390.0,160.0
10004063,2018/19,16,1040.0,25.0
10004063,2018/19,17,2260.0,120.0
10004063,2018/19,20,975.0,35.0
10004063,2018/19,24,355.0,10.0
10004063,2018/19,26,410.0,15.0
10004063,2019/20,04,215.0,15.0
10004063,2019/20,09,895.0,15.0
10004063,2019/20,11,15.0,0.0
10004063,2019/20,15,5595.0,150.0
10004063,2019/20,16,970.0,20.0
10004063,2019/20,17,2210.0,110.0
10004063,2019/20,19,10.0,0.0
10004063,2019/20,20,940.0,50.0
10004063,2019/20,24,385.0,15.0
10004063,2019/20,26,435.0,15.0
10004063,2020/21,04,290.0,15.0
10004063,2020/21,09,965.0,20.0
10004063,2020/21,11,20.0,0.0
10004063,2020/21,15,6240.0,230.0
10004063,2020/21,16,980.0,25.0
10004063,2020/21,17,2510.0,120.0
10004063,2020/21,19,30.0,0.0
10004063,2020/21,20,1045.0,60.0
10004063,2020/21,24,415.0,20.0
10004063,2020/21,26,450.0,25.0
10004063,2021/22,04,340.0,20.0
10004063,2021/22,09,980.0,30.0
10004063,2021/22,11,35.0,0.0
10004063,2021/22,15,5955.0,220.0
10004063,2021/22,16,1015.0,25.0
10004063,2021/22,17,2300.0,90.0
10004063,2021/22,19,45.0,0.0
10004063,2021/22,20,960.0,50.0
10004063,2021/22,24,400.0,20.0
10004063,2021/22,26,455.0,25.0
10004063,2022/23,04,395.0,30.0
10004063,2022/23,09,995.0,30.0
10004063,2022/23,11,45.0,0.0
10004063,2022/23,15,6005.0,175.0
10004063,2022/23,16,1015.0,20.0
10004063,2022/23,17,2400.0,85.0
10004063,2022/23,19,65.0,0.0
10004063,2022/23,20,1045.0,45.0
10004063,2022/23,24,425.0,15.0
10004063,2022/23,26,480.0,10.0
10004063,2023/24,04,380.0,30.0
10004063,2023/24,09,1040.0,25.0
10004063,2023/24,11,60.0,5.0
10004063,2023/24,15,5740.0,165.0
10004063,2023/24,16,970.0,15.0
10004063,2023/24,17,2285.0,105.0
10004063,2023/24,19,80.0,0.0
10004063,2023/24,20,1085.0,45.0
10004063,2023/24,24,390.0,10.0
10004063,2023/24,26,470.0,15.0
10004063,2024/25,04,370.0,20.0
10004063,2024/25,09,1055.0,20.0
10004063,2024/25,11,70.0,10.0
10004063,2024/25,15,5780.0,135.0
10004063,2024/25,16,1025.0,15.0
10004063,2024/25,17,2275.0,115.0
10004063,2024/25,19,90.0,0.0
10004063,2024/25,20,1065.0,40.0
10004063,2024/25,24,340.0,10.0
10004063,2024/25,26,500.0,15.0
10004075,2014/15,20,155.0,20.0
10004075,2014/15,25,15.0,0.0
10004075,2015/16,20,160.0,15.0
10004075,2016/17,20,155.0,25.0
10004075,2017/18,20,190.0,155.0
10004075,2018/19,20,180.0,140.0
10004075,2019/20,02,30.0,5.0
10004075,2019/20,20,180.0,115.0
10004075,2019/20,25,10.0,0.0
10004075,2020/21,02,35.0,5.0
10004075,2020/21,20,175.0,120.0
10004075,2020/21,22,0.0,5.0
10004075,2020/21,25,5.0,0.0
10004075,2021/22,20,255.0,190.0
10004075,2022/23,02,45.0,5.0
10004075,2022/23,20,130.0,115.0
10004075,2022/23,25,10.0,0.0
10004075,2023/24,02,30.0,5.0
10004075,2023/24,20,85.0,110.0
10004075,2023/24,25,10.0,0.0
10004075,2024/25,02,25.0,10.0
10004075,2024/25,20,90.0,130.0
10004075,2024/25,25,10.0,0.0
10004078,2014/15,02,2425.0,3540.0
10004078,2014/15,03,365.0,45.0
10004078,2014/15,04,460.0,120.0
10004078,2014/15,06,145.0,10.0
10004078,2014/15,07,90.0,10.0
10004078,2014/15,10,1330.0,1080.0
10004078,2014/15,11,425.0,105.0
10004078,2014/15,13,600.0,965.0
10004078,2014/15,15,700.0,160.0
10004078,2014/15,16,505.0,150.0
10004078,2014/15,17,2155.0,850.0
10004078,2014/15,19,130.0,15.0
10004078,2014/15,22,185.0,80.0
10004078,2014/15,23,50.0,35.0
10004078,2014/15,24,215.0,25.0
10004078,2014/15,25,720.0,45.0
10004078,2015/16,02,2565.0,3670.0
10004078,2015/16,03,380.0,35.0
10004078,2015/16,04,480.0,115.0
10004078,2015/16,06,90.0,10.0
10004078,2015/16,07,100.0,5.0
10004078,2015/16,10,1255.0,995.0
10004078,2015/16,11,220.0,65.0
10004078,2015/16,13,615.0,1130.0
10004078,2015/16,15,645.0,130.0
10004078,2015/16,16,470.0,145.0
10004078,2015/16,17,2030.0,760.0
10004078,2015/16,19,130.0,15.0
10004078,2015/16,22,315.0,70.0
10004078,2015/16,23,90.0,35.0
10004078,2015/16,24,190.0,20.0
10004078,2015/16,25,775.0,45.0
10004078,2016/17,02,2670.0,3855.0
10004078,2016/17,03,360.0,40.0
10004078,2016/17,04,460.0,115.0
10004078,2016/17,06,100.0,15.0
10004078,2016/17,07,110.0,5.0
10004078,2016/17,10,1240.0,1005.0
10004078,2016/17,11,185.0,50.0
10004078,2016/17,13,615.0,1315.0
10004078,2016/17,15,650.0,90.0
10004078,2016/17,16,475.0,130.0
10004078,2016/17,17,2125.0,705.0
10004078,2016/17,19,100.0,10.0
10004078,2016/17,22,355.0,70.0
10004078,2016/17,23,55.0,15.0
10004078,2016/17,24,180.0,20.0
10004078,2016/17,25,840.0,30.0
10004078,2017/18,02,2635.0,3765.0
10004078,2017/18,03,320.0,35.0
10004078,2017/18,04,415.0,105.0
10004078,2017/18,06,85.0,15.0
10004078,2017/18,07,120.0,5.0
10004078,2017/18,10,1070.0,965.0
10004078,2017/18,11,190.0,45.0
10004078,2017/18,13,560.0,1370.0
10004078,2017/18,15,660.0,60.0
10004078,2017/18,16,465.0,115.0
10004078,2017/18,17,1940.0,570.0
10004078,2017/18,19,75.0,10.0
10004078,2017/18,20,10.0,0.0
10004078,2017/18,22,325.0,100.0
10004078,2017/18,24,150.0,15.0
10004078,2017/18,25,895.0,30.0
10004078,2017/18,26,15.0,0.0
10004078,2018/19,02,2685.0,3730.0
10004078,2018/19,03,280.0,40.0
10004078,2018/19,04,410.0,105.0
10004078,2018/19,06,75.0,10.0
10004078,2018/19,07,110.0,5.0
10004078,2018/19,10,1030.0,985.0
10004078,2018/19,11,300.0,65.0
10004078,2018/19,13,580.0,1380.0
10004078,2018/19,15,630.0,60.0
10004078,2018/19,16,465.0,115.0
10004078,2018/19,17,1945.0,415.0
10004078,2018/19,19,50.0,5.0
10004078,2018/19,20,20.0,0.0
10004078,2018/19,22,320.0,110.0
10004078,2018/19,24,155.0,15.0
10004078,2018/19,25,960.0,40.0
10004078,2018/19,26,20.0,0.0
10004078,2019/20,02,2640.0,2420.0
10004078,2019/20,03,245.0,40.0
10004078,2019/20,04,495.0,110.0
10004078,2019/20,06,50.0,5.0
10004078,2019/20,07,145.0,10.0
10004078,2019/20,10,1155.0,1005.0
10004078,2019/20,11,345.0,70.0
10004078,2019/20,13,535.0,1565.0
10004078,2019/20,15,705.0,110.0
10004078,2019/20,16,555.0,110.0
10004078,2019/20,17,2555.0,430.0
10004078,2019/20,19,35.0,0.0
10004078,2019/20,20,20.0,0.0
10004078,2019/20,22,305.0,90.0
10004078,2019/20,24,140.0,15.0
10004078,2019/20,25,865.0,40.0
10004078,2019/20,26,30.0,0.0
10004078,2020/21,01,10.0,0.0
10004078,2020/21,02,3130.0,2650.0
10004078,2020/21,03,280.0,15.0
10004078,2020/21,04,610.0,110.0
10004078,2020/21,06,60.0,5.0
10004078,2020/21,07,145.0,0.0
10004078,2020/21,10,1370.0,1060.0
10004078,2020/21,11,450.0,70.0
10004078,2020/21,13,600.0,1475.0
10004078,2020/21,15,780.0,110.0
10004078,2020/21,16,685.0,90.0
10004078,2020/21,17,3030.0,275.0
10004078,2020/21,19,10.0,0.0
10004078,2020/21,20,20.0,0.0
10004078,2020/21,22,335.0,80.0
10004078,2020/21,24,140.0,10.0
10004078,2020/21,25,890.0,30.0
10004078,2020/21,26,25.0,0.0
10004078,2021/22,01,30.0,0.0
10004078,2021/22,02,3610.0,2535.0
10004078,2021/22,03,225.0,25.0
10004078,2021/22,04,570.0,145.0
10004078,2021/22,06,75.0,5.0
10004078,2021/22,07,175.0,5.0
10004078,2021/22,10,1310.0,1145.0
10004078,2021/22,11,505.0,105.0
10004078,2021/22,13,545.0,1515.0
10004078,2021/22,15,695.0,140.0
10004078,2021/22,16,660.0,110.0
10004078,2021/22,17,3105.0,445.0
10004078,2021/22,20,10.0,0.0
10004078,2021/22,22,295.0,110.0
10004078,2021/22,24,125.0,10.0
10004078,2021/22,25,880.0,65.0
10004078,2021/22,26,15.0,0.0
10004078,2022/23,01,45.0,0.0
10004078,2022/23,02,3445.0,2365.0
10004078,2022/23,03,165.0,15.0
10004078,2022/23,04,535.0,95.0
10004078,2022/23,06,85.0,5.0
10004078,2022/23,07,175.0,5.0
10004078,2022/23,10,1170.0,1190.0
10004078,2022/23,11,675.0,80.0
10004078,2022/23,13,575.0,1450.0
10004078,2022/23,15,605.0,145.0
10004078,2022/23,16,535.0,95.0
10004078,2022/23,17,2700.0,365.0
10004078,2022/23,20,5.0,0.0
10004078,2022/23,22,260.0,75.0
10004078,2022/23,24,75.0,10.0
10004078,2022/23,25,885.0,35.0
10004078,2022/23,26,5.0,0.0
10004078,2023/24,01,55.0,10.0
10004078,2023/24,02,3335.0,2275.0
10004078,2023/24,03,125.0,10.0
10004078,2023/24,04,470.0,110.0
10004078,2023/24,06,90.0,5.0
10004078,2023/24,07,130.0,10.0
10004078,2023/24,10,1050.0,1230.0
10004078,2023/24,11,735.0,60.0
10004078,2023/24,13,625.0,1370.0
10004078,2023/24,15,590.0,140.0
10004078,2023/24,16,450.0,50.0
10004078,2023/24,17,2480.0,335.0
10004078,2023/24,22,240.0,95.0
10004078,2023/24,24,55.0,5.0
10004078,2023/24,25,800.0,45.0
10004078,2024/25,01,55.0,35.0
10004078,2024/25,02,3665.0,1840.0
10004078,2024/25,03,110.0,15.0
10004078,2024/25,04,405.0,85.0
10004078,2024/25,06,100.0,5.0
10004078,2024/25,07,125.0,5.0
10004078,2024/25,10,980.0,1220.0
10004078,2024/25,11,645.0,110.0
10004078,2024/25,13,510.0,1400.0
10004078,2024/25,15,585.0,125.0
10004078,2024/25,16,370.0,60.0
10004078,2024/25,17,2025.0,335.0
10004078,2024/25,22,165.0,100.0
10004078,2024/25,24,10.0,5.0
10004078,2024/25,25,625.0,55.0
10004079,2014/15,25,320.0,0.0
10004079,2015/16,25,330.0,0.0
10004079,2016/17,25,335.0,0.0
10004079,2017/18,25,345.0,0.0
10004079,2018/19,25,330.0,0.0
10004079,2019/20,25,325.0,5.0
10004079,2020/21,25,320.0,5.0
10004079,2021/22,25,310.0,10.0
10004079,2022/23,22,0.0,5.0
10004079,2022/23,25,320.0,5.0
10004079,2023/24,22,0.0,10.0
10004079,2023/24,25,305.0,0.0
10004079,2024/25,22,5.0,10.0
10004079,2024/25,25,290.0,5.0
10004113,2014/15,02,165.0,150.0
10004113,2014/15,03,1235.0,115.0
10004113,2014/15,04,495.0,10.0
10004113,2014/15,07,695.0,30.0
10004113,2014/15,09,590.0,25.0
10004113,2014/15,10,3875.0,465.0
10004113,2014/15,11,455.0,10.0
10004113,2014/15,13,510.0,50.0
10004113,2014/15,15,1300.0,35.0
10004113,2014/15,17,1830.0,460.0
10004113,2014/15,19,360.0,20.0
10004113,2014/15,20,140.0,0.0
10004113,2014/15,22,50.0,95.0
10004113,2014/15,24,355.0,25.0
10004113,2014/15,25,1480.0,70.0
10004113,2014/15,26,480.0,5.0
10004113,2015/16,02,180.0,170.0
10004113,2015/16,03,1315.0,115.0
10004113,2015/16,04,560.0,10.0
10004113,2015/16,07,745.0,30.0
10004113,2015/16,09,610.0,35.0
10004113,2015/16,10,4090.0,565.0
10004113,2015/16,11,465.0,15.0
10004113,2015/16,13,535.0,55.0
10004113,2015/16,15,1400.0,15.0
10004113,2015/16,17,2290.0,415.0
10004113,2015/16,19,320.0,15.0
10004113,2015/16,20,180.0,0.0
10004113,2015/16,22,75.0,190.0
10004113,2015/16,24,390.0,20.0
10004113,2015/16,25,1545.0,80.0
10004113,2015/16,26,505.0,5.0
10004113,2016/17,02,190.0,125.0
10004113,2016/17,03,1345.0,90.0
10004113,2016/17,04,670.0,15.0
10004113,2016/17,07,730.0,30.0
10004113,2016/17,09,635.0,30.0
10004113,2016/17,10,4070.0,480.0
10004113,2016/17,11,510.0,10.0
10004113,2016/17,13,525.0,40.0
10004113,2016/17,15,1380.0,20.0
10004113,2016/17,17,2435.0,385.0
10004113,2016/17,19,300.0,15.0
10004113,2016/17,20,220.0,0.0
10004113,2016/17,22,60.0,190.0
10004113,2016/17,24,410.0,15.0
10004113,2016/17,25,1610.0,80.0
10004113,2016/17,26,530.0,5.0
10004113,2017/18,02,55.0,65.0
10004113,2017/18,03,1535.0,80.0
10004113,2017/18,04,755.0,30.0
10004113,2017/18,07,690.0,30.0
10004113,2017/18,09,675.0,35.0
10004113,2017/18,10,3925.0,410.0
10004113,2017/18,11,505.0,10.0
10004113,2017/18,13,535.0,25.0
10004113,2017/18,15,1475.0,15.0
10004113,2017/18,17,2595.0,290.0
10004113,2017/18,19,260.0,15.0
10004113,2017/18,20,230.0,0.0
10004113,2017/18,22,70.0,135.0
10004113,2017/18,24,470.0,20.0
10004113,2017/18,25,1815.0,80.0
10004113,2017/18,26,475.0,5.0
10004113,2018/19,02,25.0,100.0
10004113,2018/19,03,1605.0,110.0
10004113,2018/19,04,880.0,30.0
10004113,2018/19,07,690.0,30.0
10004113,2018/19,09,685.0,35.0
10004113,2018/19,10,4020.0,355.0
10004113,2018/19,11,635.0,10.0
10004113,2018/19,13,565.0,40.0
10004113,2018/19,15,1755.0,25.0
10004113,2018/19,17,2625.0,270.0
10004113,2018/19,19,245.0,15.0
10004113,2018/19,20,250.0,0.0
10004113,2018/19,22,80.0,75.0
10004113,2018/19,24,420.0,20.0
10004113,2018/19,25,1870.0,85.0
10004113,2018/19,26,480.0,10.0
10004113,2019/20,02,265.0,60.0
10004113,2019/20,03,1435.0,135.0
10004113,2019/20,04,960.0,25.0
10004113,2019/20,07,640.0,25.0
10004113,2019/20,09,690.0,30.0
10004113,2019/20,10,4630.0,375.0
10004113,2019/20,11,595.0,20.0
10004113,2019/20,13,510.0,40.0
10004113,2019/20,15,1905.0,25.0
10004113,2019/20,17,2670.0,340.0
10004113,2019/20,19,230.0,10.0
10004113,2019/20,20,220.0,0.0
10004113,2019/20,22,75.0,5.0
10004113,2019/20,24,555.0,15.0
10004113,2019/20,25,1280.0,70.0
10004113,2019/20,26,450.0,5.0
10004113,2020/21,02,300.0,35.0
10004113,2020/21,03,1630.0,140.0
10004113,2020/21,04,1040.0,25.0
10004113,2020/21,07,595.0,20.0
10004113,2020/21,09,670.0,30.0
10004113,2020/21,10,4545.0,305.0
10004113,2020/21,11,690.0,25.0
10004113,2020/21,13,565.0,30.0
10004113,2020/21,15,2025.0,45.0
10004113,2020/21,17,2525.0,300.0
10004113,2020/21,19,210.0,5.0
10004113,2020/21,20,195.0,5.0
10004113,2020/21,22,90.0,5.0
10004113,2020/21,24,495.0,15.0
10004113,2020/21,25,1240.0,75.0
10004113,2020/21,26,450.0,10.0
10004113,2021/22,02,295.0,15.0
10004113,2021/22,03,1880.0,155.0
10004113,2021/22,04,1060.0,15.0
10004113,2021/22,07,580.0,30.0
10004113,2021/22,09,670.0,25.0
10004113,2021/22,10,4505.0,330.0
10004113,2021/22,11,725.0,40.0
10004113,2021/22,13,645.0,35.0
10004113,2021/22,15,2110.0,40.0
10004113,2021/22,17,2455.0,265.0
10004113,2021/22,19,205.0,10.0
10004113,2021/22,20,200.0,5.0
10004113,2021/22,22,90.0,5.0
10004113,2021/22,24,505.0,25.0
10004113,2021/22,25,1295.0,85.0
10004113,2021/22,26,445.0,20.0
10004113,2022/23,02,300.0,25.0
10004113,2022/23,03,2145.0,200.0
10004113,2022/23,04,1045.0,15.0
10004113,2022/23,07,580.0,30.0
10004113,2022/23,09,645.0,30.0
10004113,2022/23,10,4500.0,335.0
10004113,2022/23,11,755.0,75.0
10004113,2022/23,13,700.0,25.0
10004113,2022/23,15,2100.0,50.0
10004113,2022/23,17,2570.0,260.0
10004113,2022/23,19,255.0,15.0
10004113,2022/23,20,215.0,5.0
10004113,2022/23,22,95.0,25.0
10004113,2022/23,24,420.0,25.0
10004113,2022/23,25,1450.0,95.0
10004113,2022/23,26,435.0,25.0
10004113,2023/24,02,290.0,15.0
10004113,2023/24,03,2130.0,200.0
10004113,2023/24,04,1070.0,20.0
10004113,2023/24,07,585.0,25.0
10004113,2023/24,09,640.0,30.0
10004113,2023/24,10,4340.0,330.0
10004113,2023/24,11,730.0,65.0
10004113,2023/24,13,680.0,20.0
10004113,2023/24,15,2030.0,45.0
10004113,2023/24,17,2405.0,215.0
10004113,2023/24,19,245.0,20.0
10004113,2023/24,20,210.0,5.0
10004113,2023/24,22,70.0,45.0
10004113,2023/24,24,380.0,10.0
10004113,2023/24,25,1460.0,85.0
10004113,2023/24,26,405.0,25.0
10004113,2024/25,02,320.0,25.0
10004113,2024/25,03,2155.0,190.0
10004113,2024/25,04,1060.0,20.0
10004113,2024/25,07,590.0,30.0
10004113,2024/25,09,630.0,30.0
10004113,2024/25,10,4425.0,310.0
10004113,2024/25,11,755.0,75.0
10004113,2024/25,13,680.0,20.0
10004113,2024/25,15,1995.0,55.0
10004113,2024/25,17,2415.0,255.0
10004113,2024/25,19,235.0,15.0
10004113,2024/25,20,220.0,0.0
10004113,2024/25,22,75.0,40.0
10004113,2024/25,24,365.0,15.0
10004113,2024/25,25,1450.0,80.0
10004113,2024/25,26,400.0,20.0
10004180,2014/15,01,0.0,50.0
10004180,2014/15,02,1335.0,825.0
10004180,2014/15,03,1865.0,485.0
10004180,2014/15,04,925.0,80.0
10004180,2014/15,06,30.0,5.0
10004180,2014/15,07,515.0,85.0
10004180,2014/15,09,290.0,10.0
10004180,2014/15,10,930.0,270.0
10004180,2014/15,11,1175.0,55.0
10004180,2014/15,13,685.0,40.0
10004180,2014/15,15,2250.0,305.0
10004180,2014/15,16,880.0,370.0
10004180,2014/15,17,6930.0,870.0
10004180,2014/15,19,1020.0,170.0
10004180,2014/15,20,775.0,35.0
10004180,2014/15,22,2785.0,1240.0
10004180,2014/15,23,0.0,5.0
10004180,2014/15,24,895.0,60.0
10004180,2014/15,25,2460.0,190.0
10004180,2014/15,26,445.0,35.0
10004180,2015/16,01,0.0,35.0
10004180,2015/16,02,1440.0,850.0
10004180,2015/16,03,1920.0,460.0
10004180,2015/16,04,1225.0,120.0
10004180,2015/16,06,30.0,5.0
10004180,2015/16,07,530.0,105.0
10004180,2015/16,09,290.0,10.0
10004180,2015/16,10,1030.0,230.0
10004180,2015/16,11,1290.0,60.0
10004180,2015/16,13,715.0,25.0
10004180,2015/16,15,2305.0,350.0
10004180,2015/16,16,980.0,340.0
10004180,2015/16,17,7310.0,775.0
10004180,2015/16,19,1050.0,195.0
10004180,2015/16,20,870.0,30.0
10004180,2015/16,22,2665.0,1120.0
10004180,2015/16,24,930.0,50.0
10004180,2015/16,25,2565.0,155.0
10004180,2015/16,26,405.0,30.0
10004180,2016/17,01,0.0,25.0
10004180,2016/17,02,1680.0,900.0
10004180,2016/17,03,1940.0,375.0
10004180,2016/17,04,1270.0,220.0
10004180,2016/17,06,20.0,5.0
10004180,2016/17,07,515.0,115.0
10004180,2016/17,09,280.0,10.0
10004180,2016/17,10,985.0,250.0
10004180,2016/17,11,1435.0,145.0
10004180,2016/17,13,715.0,20.0
10004180,2016/17,15,2380.0,320.0
10004180,2016/17,16,1010.0,335.0
10004180,2016/17,17,7210.0,905.0
10004180,2016/17,19,1085.0,180.0
10004180,2016/17,20,925.0,25.0
10004180,2016/17,22,2710.0,900.0
10004180,2016/17,24,930.0,65.0
10004180,2016/17,25,2550.0,160.0
10004180,2016/17,26,390.0,30.0
10004180,2017/18,01,0.0,25.0
10004180,2017/18,02,1765.0,850.0
10004180,2017/18,03,1815.0,335.0
10004180,2017/18,04,1295.0,255.0
10004180,2017/18,06,20.0,5.0
10004180,2017/18,07,520.0,105.0
10004180,2017/18,09,305.0,10.0
10004180,2017/18,10,890.0,180.0
10004180,2017/18,11,1555.0,160.0
10004180,2017/18,13,760.0,25.0
10004180,2017/18,15,2455.0,300.0
10004180,2017/18,16,1140.0,295.0
10004180,2017/18,17,7015.0,1200.0
10004180,2017/18,19,1080.0,165.0
10004180,2017/18,20,970.0,25.0
10004180,2017/18,22,2735.0,920.0
10004180,2017/18,24,870.0,80.0
10004180,2017/18,25,2350.0,155.0
10004180,2017/18,26,425.0,25.0
10004180,2018/19,01,5.0,15.0
10004180,2018/19,02,1925.0,740.0
10004180,2018/19,03,1755.0,325.0
10004180,2018/19,04,1340.0,240.0
10004180,2018/19,06,40.0,10.0
10004180,2018/19,07,450.0,95.0
10004180,2018/19,09,320.0,10.0
10004180,2018/19,10,865.0,140.0
10004180,2018/19,11,1505.0,285.0
10004180,2018/19,13,880.0,25.0
10004180,2018/19,15,2340.0,315.0
10004180,2018/19,16,1260.0,250.0
10004180,2018/19,17,7145.0,1325.0
10004180,2018/19,19,1070.0,145.0
10004180,2018/19,20,925.0,35.0
10004180,2018/19,22,2735.0,920.0
10004180,2018/19,23,5.0,0.0
10004180,2018/19,24,790.0,55.0
10004180,2018/19,25,2240.0,120.0
10004180,2018/19,26,390.0,25.0
10004180,2019/20,01,0.0,15.0
10004180,2019/20,02,2560.0,625.0
10004180,2019/20,03,1130.0,280.0
10004180,2019/20,04,1620.0,210.0
10004180,2019/20,06,15.0,40.0
10004180,2019/20,07,400.0,110.0
10004180,2019/20,09,315.0,5.0
10004180,2019/20,10,975.0,100.0
10004180,2019/20,11,1550.0,345.0
10004180,2019/20,13,960.0,25.0
10004180,2019/20,15,2625.0,250.0
10004180,2019/20,16,1345.0,185.0
10004180,2019/20,17,6130.0,1620.0
10004180,2019/20,19,1060.0,125.0
10004180,2019/20,20,940.0,30.0
10004180,2019/20,22,2450.0,735.0
10004180,2019/20,23,10.0,0.0
10004180,2019/20,24,540.0,45.0
10004180,2019/20,25,3535.0,125.0
10004180,2019/20,26,390.0,15.0
10004180,2020/21,01,0.0,45.0
10004180,2020/21,02,3120.0,885.0
10004180,2020/21,03,1235.0,350.0
10004180,2020/21,04,1805.0,305.0
10004180,2020/21,06,20.0,70.0
10004180,2020/21,07,345.0,120.0
10004180,2020/21,09,310.0,0.0
10004180,2020/21,10,990.0,65.0
10004180,2020/21,11,1625.0,545.0
10004180,2020/21,13,1045.0,20.0
10004180,2020/21,15,2700.0,295.0
10004180,2020/21,16,1380.0,185.0
10004180,2020/21,17,6455.0,1820.0
10004180,2020/21,19,1030.0,145.0
10004180,2020/21,20,840.0,30.0
10004180,2020/21,22,2535.0,665.0
10004180,2020/21,23,10.0,5.0
10004180,2020/21,24,555.0,60.0
10004180,2020/21,25,3825.0,125.0
10004180,2020/21,26,365.0,10.0
10004180,2021/22,01,0.0,40.0
10004180,2021/22,02,3660.0,800.0
10004180,2021/22,03,1485.0,330.0
10004180,2021/22,04,1955.0,290.0
10004180,2021/22,06,70.0,60.0
10004180,2021/22,07,305.0,130.0
10004180,2021/22,09,235.0,0.0
10004180,2021/22,10,980.0,60.0
10004180,2021/22,11,1825.0,415.0
10004180,2021/22,13,1020.0,30.0
10004180,2021/22,15,2940.0,295.0
10004180,2021/22,16,1435.0,130.0
10004180,2021/22,17,6660.0,1885.0
10004180,2021/22,19,985.0,170.0
10004180,2021/22,20,765.0,40.0
10004180,2021/22,22,2185.0,535.0
10004180,2021/22,23,10.0,5.0
10004180,2021/22,24,730.0,90.0
10004180,2021/22,25,3930.0,115.0
10004180,2021/22,26,380.0,5.0
10004180,2022/23,01,0.0,35.0
10004180,2022/23,02,4100.0,895.0
10004180,2022/23,03,1585.0,270.0
10004180,2022/23,04,1930.0,335.0
10004180,2022/23,06,200.0,50.0
10004180,2022/23,07,285.0,125.0
10004180,2022/23,09,245.0,0.0
10004180,2022/23,10,940.0,60.0
10004180,2022/23,11,2525.0,400.0
10004180,2022/23,13,1160.0,35.0
10004180,2022/23,15,3030.0,170.0
10004180,2022/23,16,1440.0,150.0
10004180,2022/23,17,7105.0,1925.0
10004180,2022/23,19,920.0,185.0
10004180,2022/23,20,655.0,45.0
10004180,2022/23,22,1790.0,605.0
10004180,2022/23,23,10.0,15.0
10004180,2022/23,24,795.0,125.0
10004180,2022/23,25,4405.0,155.0
10004180,2022/23,26,395.0,5.0
10004180,2023/24,01,0.0,35.0
10004180,2023/24,02,3780.0,910.0
10004180,2023/24,03,1660.0,275.0
10004180,2023/24,04,1820.0,350.0
10004180,2023/24,06,240.0,25.0
10004180,2023/24,07,290.0,150.0
10004180,2023/24,09,210.0,5.0
10004180,2023/24,10,1005.0,70.0
10004180,2023/24,11,2965.0,415.0
10004180,2023/24,13,1200.0,70.0
10004180,2023/24,15,3105.0,200.0
10004180,2023/24,16,1530.0,125.0
10004180,2023/24,17,7150.0,1795.0
10004180,2023/24,19,935.0,165.0
10004180,2023/24,20,675.0,45.0
10004180,2023/24,22,1715.0,495.0
10004180,2023/24,23,10.0,5.0
10004180,2023/24,24,900.0,160.0
10004180,2023/24,25,4470.0,195.0
10004180,2023/24,26,400.0,5.0
10004180,2024/25,01,0.0,10.0
10004180,2024/25,02,3800.0,855.0
10004180,2024/25,03,1760.0,240.0
10004180,2024/25,04,1960.0,260.0
10004180,2024/25,06,195.0,5.0
10004180,2024/25,07,325.0,175.0
10004180,2024/25,09,185.0,0.0
10004180,2024/25,10,1270.0,65.0
10004180,2024/25,11,3160.0,520.0
10004180,2024/25,13,1105.0,90.0
10004180,2024/25,15,3105.0,120.0
10004180,2024/25,16,1695.0,110.0
10004180,2024/25,17,6600.0,1705.0
10004180,2024/25,19,990.0,165.0
10004180,2024/25,20,705.0,40.0
10004180,2024/25,22,1545.0,340.0
10004180,2024/25,23,5.0,5.0
10004180,2024/25,24,975.0,175.0
10004180,2024/25,25,4525.0,195.0
10004180,2024/25,26,400.0,5.0
10004320,2015/16,02,100.0,0.0
10004320,2016/17,02,100.0,25.0
10004320,2017/18,02,135.0,295.0
10004320,2017/18,17,0.0,20.0
10004320,2017/18,19,0.0,40.0
10004320,2018/19,02,125.0,205.0
10004320,2018/19,19,0.0,25.0
10004320,2019/20,02,145.0,230.0
10004320,2019/20,19,0.0,25.0
10004320,2020/21,02,150.0,240.0
10004320,2020/21,19,0.0,35.0
10004320,2021/22,02,160.0,255.0
10004320,2021/22,19,0.0,30.0
10004320,2021/22,22,10.0,0.0
10004320,2022/23,02,175.0,255.0
10004320,2022/23,19,0.0,30.0
10004320,2023/24,02,165.0,375.0
10004320,2023/24,19,0.0,30.0
10004320,2023/24,22,0.0,5.0
10004320,2024/25,02,175.0,345.0
10004320,2024/25,19,0.0,20.0
10004320,2024/25,22,0.0,5.0
10004351,2014/15,02,2030.0,920.0
10004351,2014/15,03,565.0,50.0
10004351,2014/15,04,665.0,160.0
10004351,2014/15,05,125.0,0.0
10004351,2014/15,06,5.0,0.0
10004351,2014/15,07,15.0,0.0
10004351,2014/15,09,20.0,0.0
10004351,2014/15,10,200.0,30.0
10004351,2014/15,11,1285.0,155.0
10004351,2014/15,13,0.0,75.0
10004351,2014/15,15,1070.0,335.0
10004351,2014/15,16,420.0,80.0
10004351,2014/15,17,3345.0,555.0
10004351,2014/15,19,210.0,20.0
10004351,2014/15,20,35.0,125.0
10004351,2014/15,22,1045.0,780.0
10004351,2014/15,23,5.0,70.0
10004351,2014/15,24,855.0,35.0
10004351,2014/15,25,2005.0,175.0
10004351,2014/15,26,5.0,5.0
10004351,2015/16,02,2245.0,1040.0
10004351,2015/16,03,570.0,120.0
10004351,2015/16,04,845.0,200.0
10004351,2015/16,05,135.0,0.0
10004351,2015/16,06,0.0,5.0
10004351,2015/16,09,30.0,5.0
10004351,2015/16,10,240.0,45.0
10004351,2015/16,11,1155.0,200.0
10004351,2015/16,13,0.0,85.0
10004351,2015/16,15,1175.0,455.0
10004351,2015/16,16,520.0,90.0
10004351,2015/16,17,3495.0,950.0
10004351,2015/16,19,180.0,40.0
10004351,2015/16,20,40.0,135.0
10004351,2015/16,22,1190.0,815.0
10004351,2015/16,23,0.0,40.0
10004351,2015/16,24,770.0,35.0
10004351,2015/16,25,2055.0,175.0
10004351,2015/16,26,15.0,10.0
10004351,2016/17,02,2605.0,1075.0
10004351,2016/17,03,575.0,125.0
10004351,2016/17,04,935.0,235.0
10004351,2016/17,05,145.0,5.0
10004351,2016/17,06,5.0,0.0
10004351,2016/17,09,45.0,10.0
10004351,2016/17,10,240.0,30.0
10004351,2016/17,11,1105.0,135.0
10004351,2016/17,13,0.0,85.0
10004351,2016/17,15,1295.0,255.0
10004351,2016/17,16,600.0,85.0
10004351,2016/17,17,3765.0,805.0
10004351,2016/17,19,155.0,55.0
10004351,2016/17,20,40.0,125.0
10004351,2016/17,22,1130.0,810.0
10004351,2016/17,24,470.0,25.0
10004351,2016/17,25,2295.0,215.0
10004351,2016/17,26,10.0,15.0
10004351,2017/18,02,2780.0,900.0
10004351,2017/18,03,565.0,110.0
10004351,2017/18,04,990.0,260.0
10004351,2017/18,05,170.0,10.0
10004351,2017/18,06,10.0,5.0
10004351,2017/18,07,5.0,0.0
10004351,2017/18,09,45.0,15.0
10004351,2017/18,10,240.0,30.0
10004351,2017/18,11,1185.0,145.0
10004351,2017/18,13,25.0,70.0
10004351,2017/18,15,1380.0,340.0
10004351,2017/18,16,640.0,105.0
10004351,2017/18,17,3685.0,680.0
10004351,2017/18,19,175.0,60.0
10004351,2017/18,20,35.0,135.0
10004351,2017/18,22,1275.0,590.0
10004351,2017/18,24,395.0,20.0
10004351,2017/18,25,2335.0,270.0
10004351,2017/18,26,5.0,15.0
10004351,2018/19,02,2765.0,885.0
10004351,2018/19,03,560.0,90.0
10004351,2018/19,04,1010.0,270.0
10004351,2018/19,05,205.0,10.0
10004351,2018/19,06,5.0,10.0
10004351,2018/19,07,5.0,0.0
10004351,2018/19,09,35.0,15.0
10004351,2018/19,10,210.0,20.0
10004351,2018/19,11,1185.0,150.0
10004351,2018/19,13,20.0,75.0
10004351,2018/19,15,1435.0,365.0
10004351,2018/19,16,620.0,110.0
10004351,2018/19,17,3490.0,675.0
10004351,2018/19,19,180.0,85.0
10004351,2018/19,20,20.0,115.0
10004351,2018/19,22,1195.0,490.0
10004351,2018/19,23,0.0,20.0
10004351,2018/19,24,345.0,15.0
10004351,2018/19,25,2635.0,315.0
10004351,2018/19,26,0.0,10.0
10004351,2019/20,02,2870.0,635.0
10004351,2019/20,03,475.0,115.0
10004351,2019/20,04,740.0,255.0
10004351,2019/20,05,225.0,10.0
10004351,2019/20,07,45.0,0.0
10004351,2019/20,09,40.0,10.0
10004351,2019/20,10,485.0,25.0
10004351,2019/20,11,1235.0,230.0
10004351,2019/20,13,35.0,5.0
10004351,2019/20,15,1600.0,425.0
10004351,2019/20,16,875.0,115.0
10004351,2019/20,17,4170.0,1025.0
10004351,2019/20,19,145.0,120.0
10004351,2019/20,20,25.0,115.0
10004351,2019/20,22,655.0,255.0
10004351,2019/20,23,10.0,55.0
10004351,2019/20,24,180.0,15.0
10004351,2019/20,25,2620.0,315.0
10004351,2019/20,26,10.0,10.0
10004351,2020/21,02,3210.0,605.0
10004351,2020/21,03,480.0,85.0
10004351,2020/21,04,690.0,195.0
10004351,2020/21,05,240.0,5.0
10004351,2020/21,07,55.0,0.0
10004351,2020/21,09,25.0,5.0
10004351,2020/21,10,420.0,55.0
10004351,2020/21,11,1265.0,220.0
10004351,2020/21,13,35.0,0.0
10004351,2020/21,15,1525.0,460.0
10004351,2020/21,16,1390.0,115.0
10004351,2020/21,17,3800.0,1085.0
10004351,2020/21,19,115.0,60.0
10004351,2020/21,20,15.0,105.0
10004351,2020/21,22,720.0,200.0
10004351,2020/21,23,10.0,50.0
10004351,2020/21,24,165.0,20.0
10004351,2020/21,25,2450.0,275.0
10004351,2020/21,26,15.0,10.0
10004351,2021/22,02,3110.0,830.0
10004351,2021/22,03,435.0,165.0
10004351,2021/22,04,595.0,245.0
10004351,2021/22,05,225.0,30.0
10004351,2021/22,07,45.0,5.0
10004351,2021/22,09,30.0,5.0
10004351,2021/22,10,335.0,40.0
10004351,2021/22,11,1115.0,265.0
10004351,2021/22,13,30.0,15.0
10004351,2021/22,15,1635.0,395.0
10004351,2021/22,16,1485.0,260.0
10004351,2021/22,17,3100.0,1055.0
10004351,2021/22,19,80.0,60.0
10004351,2021/22,20,15.0,100.0
10004351,2021/22,22,670.0,250.0
10004351,2021/22,23,5.0,60.0
10004351,2021/22,24,140.0,35.0
10004351,2021/22,25,2090.0,245.0
10004351,2021/22,26,5.0,15.0
10004351,2022/23,01,15.0,5.0
10004351,2022/23,02,2995.0,570.0
10004351,2022/23,03,440.0,70.0
10004351,2022/23,04,605.0,185.0
10004351,2022/23,05,215.0,35.0
10004351,2022/23,07,30.0,10.0
10004351,2022/23,09,45.0,5.0
10004351,2022/23,10,310.0,15.0
10004351,2022/23,11,1190.0,140.0
10004351,2022/23,13,30.0,30.0
10004351,2022/23,15,1515.0,270.0
10004351,2022/23,16,1590.0,200.0
10004351,2022/23,17,3760.0,585.0
10004351,2022/23,19,40.0,20.0
10004351,2022/23,20,20.0,100.0
10004351,2022/23,22,590.0,235.0
10004351,2022/23,23,15.0,30.0
10004351,2022/23,24,135.0,5.0
10004351,2022/23,25,1680.0,170.0
10004351,2022/23,26,25.0,5.0
10004351,2023/24,01,45.0,0.0
10004351,2023/24,02,2895.0,860.0
10004351,2023/24,03,395.0,55.0
10004351,2023/24,04,545.0,135.0
10004351,2023/24,05,160.0,20.0
10004351,2023/24,07,25.0,5.0
10004351,2023/24,09,25.0,5.0
10004351,2023/24,10,275.0,20.0
10004351,2023/24,11,1480.0,110.0
10004351,2023/24,13,30.0,0.0
10004351,2023/24,15,1125.0,245.0
10004351,2023/24,16,1045.0,130.0
10004351,2023/24,17,3100.0,575.0
10004351,2023/24,19,45.0,15.0
10004351,2023/24,20,20.0,110.0
10004351,2023/24,22,495.0,160.0
10004351,2023/24,23,10.0,35.0
10004351,2023/24,24,140.0,10.0
10004351,2023/24,25,1380.0,105.0
10004351,2023/24,26,35.0,5.0
10004351,2024/25,01,100.0,40.0
10004351,2024/25,02,2790.0,1090.0
10004351,2024/25,03,410.0,50.0
10004351,2024/25,04,575.0,90.0
10004351,2024/25,05,160.0,15.0
10004351,2024/25,07,20.0,5.0
10004351,2024/25,09,15.0,5.0
10004351,2024/25,10,220.0,25.0
10004351,2024/25,11,1505.0,100.0
10004351,2024/25,13,15.0,0.0
10004351,2024/25,15,915.0,240.0
10004351,2024/25,16,715.0,55.0
10004351,2024/25,17,3045.0,675.0
10004351,2024/25,19,45.0,10.0
10004351,2024/25,20,15.0,100.0
10004351,2024/25,22,460.0,100.0
10004351,2024/25,23,10.0,40.0
10004351,2024/25,24,90.0,5.0
10004351,2024/25,25,1195.0,55.0
10004351,2024/25,26,10.0,10.0
10004365,2015/16,25,20.0,0.0
10004365,2016/17,25,50.0,0.0
10004365,2017/18,25,105.0,0.0
10004365,2018/19,25,100.0,0.0
10004365,2019/20,25,45.0,0.0
10004450,2014/15,25,300.0,0.0
10004450,2015/16,25,295.0,0.0
10004450,2016/17,25,305.0,0.0
10004450,2017/18,25,385.0,0.0
10004450,2018/19,25,390.0,0.0
10004450,2019/20,25,395.0,0.0
10004450,2020/21,25,420.0,10.0
10004450,2021/22,25,430.0,20.0
10004450,2022/23,25,425.0,15.0
10004450,2023/24,25,410.0,15.0
10004450,2024/25,25,525.0,10.0
10004511,2014/15,11,10.0,0.0
10004511,2014/15,24,210.0,0.0
10004511,2015/16,11,15.0,0.0
10004511,2015/16,24,220.0,0.0
10004511,2016/17,11,20.0,0.0
10004511,2016/17,17,20.0,0.0
10004511,2016/17,24,235.0,0.0
10004511,2017/18,11,20.0,0.0
10004511,2017/18,17,35.0,0.0
10004511,2017/18,24,250.0,0.0
10004511,2018/19,11,20.0,0.0
10004511,2018/19,17,25.0,0.0
10004511,2018/19,24,350.0,150.0
10004511,2019/20,11,20.0,0.0
10004511,2019/20,17,15.0,0.0
10004511,2019/20,24,15.0,30.0
10004511,2019/20,25,330.0,80.0
10004511,2020/21,11,20.0,0.0
10004511,2020/21,17,20.0,0.0
10004511,2020/21,24,20.0,45.0
10004511,2020/21,25,350.0,85.0
10004511,2021/22,11,15.0,0.0
10004511,2021/22,17,25.0,0.0
10004511,2021/22,24,20.0,30.0
10004511,2021/22,25,375.0,90.0
10004511,2022/23,24,55.0,0.0
10004511,2022/23,25,380.0,105.0
10004511,2023/24,24,55.0,0.0
10004511,2023/24,25,380.0,130.0
10004511,2024/25,24,60.0,0.0
10004511,2024/25,25,390.0,130.0
10004538,2014/15,20,60.0,10.0
10004538,2015/16,20,65.0,10.0
10004538,2016/17,20,75.0,15.0
10004538,2017/18,20,95.0,110.0
10004538,2018/19,20,85.0,80.0
10004538,2019/20,15,10.0,0.0
10004538,2019/20,20,70.0,75.0
10004538,2020/21,15,5.0,0.0
10004538,2020/21,20,65.0,90.0
10004538,2021/22,15,5.0,0.0
10004538,2021/22,20,55.0,90.0
10004538,2022/23,15,5.0,0.0
10004538,2022/23,20,70.0,65.0
10004538,2023/24,15,5.0,0.0
10004538,2023/24,20,70.0,65.0
10004538,2024/25,15,5.0,0.0
10004538,2024/25,20,65.0,65.0
10004740,2014/15,02,90.0,5.0
10004740,2015/16,02,90.0,5.0
10004740,2016/17,02,75.0,10.0
10004740,2017/18,02,80.0,65.0
10004740,2018/19,02,85.0,70.0
10004740,2019/20,02,95.0,55.0
10004740,2020/21,02,105.0,60.0
10004740,2021/22,02,100.0,65.0
10004740,2022/23,02,85.0,75.0
10004740,2023/24,02,60.0,90.0
10004740,2024/25,02,90.0,55.0
10004747,2024/25,20,20.0,115.0
10004775,2014/15,13,60.0,0.0
10004775,2014/15,25,1780.0,40.0
10004775,2015/16,13,45.0,0.0
10004775,2015/16,17,15.0,0.0
10004775,2015/16,22,0.0,20.0
10004775,2015/16,25,1880.0,35.0
10004775,2016/17,11,30.0,0.0
10004775,2016/17,13,50.0,0.0
10004775,2016/17,17,35.0,0.0
10004775,2016/17,22,0.0,10.0
10004775,2016/17,25,2020.0,40.0
10004775,2017/18,11,50.0,0.0
10004775,2017/18,13,55.0,0.0
10004775,2017/18,17,45.0,0.0
10004775,2017/18,22,0.0,10.0
10004775,2017/18,25,2015.0,40.0
10004775,2018/19,11,80.0,0.0
10004775,2018/19,13,65.0,0.0
10004775,2018/19,17,55.0,0.0
10004775,2018/19,22,0.0,5.0
10004775,2018/19,25,2060.0,50.0
10004775,2019/20,11,405.0,0.0
10004775,2019/20,13,75.0,0.0
10004775,2019/20,17,55.0,0.0
10004775,2019/20,25,1780.0,45.0
10004775,2020/21,11,470.0,0.0
10004775,2020/21,13,75.0,0.0
10004775,2020/21,17,75.0,0.0
10004775,2020/21,22,0.0,5.0
10004775,2020/21,25,1930.0,65.0
10004775,2021/22,11,495.0,0.0
10004775,2021/22,13,75.0,0.0
10004775,2021/22,17,105.0,0.0
10004775,2021/22,22,0.0,10.0
10004775,2021/22,25,2020.0,60.0
10004775,2022/23,11,570.0,15.0
10004775,2022/23,13,85.0,0.0
10004775,2022/23,17,125.0,0.0
10004775,2022/23,22,0.0,10.0
10004775,2022/23,25,1985.0,45.0
10004775,2023/24,11,630.0,30.0
10004775,2023/24,13,90.0,0.0
10004775,2023/24,17,135.0,0.0
10004775,2023/24,22,0.0,10.0
10004775,2023/24,23,5.0,0.0
10004775,2023/24,25,1920.0,40.0
10004775,2024/25,11,660.0,30.0
10004775,2024/25,13,105.0,5.0
10004775,2024/25,17,105.0,0.0
10004775,2024/25,22,0.0,10.0
10004775,2024/25,23,10.0,0.0
10004775,2024/25,25,1790.0,45.0
10004797,2014/15,02,40.0,5.0
10004797,2014/15,03,1310.0,205.0
10004797,2014/15,04,970.0,80.0
10004797,2014/15,05,170.0,5.0
10004797,2014/15,06,685.0,55.0
10004797,2014/15,07,820.0,55.0
10004797,2014/15,09,410.0,35.0
10004797,2014/15,10,385.0,95.0
10004797,2014/15,11,750.0,100.0
10004797,2014/15,13,975.0,445.0
10004797,2014/15,15,2330.0,280.0
10004797,2014/15,16,1765.0,745.0
10004797,2014/15,17,3630.0,960.0
10004797,2014/15,19,855.0,255.0
10004797,2014/15,20,605.0,30.0
10004797,2014/15,22,1545.0,545.0
10004797,2014/15,23,135.0,320.0
10004797,2014/15,24,1055.0,30.0
10004797,2014/15,25,3905.0,90.0
10004797,2014/15,26,195.0,25.0
10004797,2015/16,02,40.0,10.0
10004797,2015/16,03,1335.0,245.0
10004797,2015/16,04,1170.0,85.0
10004797,2015/16,05,155.0,0.0
10004797,2015/16,06,720.0,95.0
10004797,2015/16,07,845.0,40.0
10004797,2015/16,09,390.0,50.0
10004797,2015/16,10,395.0,110.0
10004797,2015/16,11,800.0,65.0
10004797,2015/16,13,980.0,475.0
10004797,2015/16,15,2590.0,165.0
10004797,2015/16,16,1830.0,770.0
10004797,2015/16,17,3885.0,915.0
10004797,2015/16,19,855.0,175.0
10004797,2015/16,20,615.0,45.0
10004797,2015/16,22,1700.0,530.0
10004797,2015/16,23,85.0,260.0
10004797,2015/16,24,1035.0,30.0
10004797,2015/16,25,4130.0,90.0
10004797,2015/16,26,200.0,15.0
10004797,2016/17,02,65.0,5.0
10004797,2016/17,03,1445.0,230.0
10004797,2016/17,04,1390.0,80.0
10004797,2016/17,05,150.0,0.0
10004797,2016/17,06,850.0,30.0
10004797,2016/17,07,770.0,55.0
10004797,2016/17,09,425.0,45.0
10004797,2016/17,10,460.0,100.0
10004797,2016/17,11,935.0,80.0
10004797,2016/17,13,1035.0,460.0
10004797,2016/17,15,2795.0,185.0
10004797,2016/17,16,1885.0,790.0
10004797,2016/17,17,4480.0,990.0
10004797,2016/17,19,780.0,175.0
10004797,2016/17,20,590.0,40.0
10004797,2016/17,22,1770.0,510.0
10004797,2016/17,23,90.0,75.0
10004797,2016/17,24,1080.0,30.0
10004797,2016/17,25,4210.0,85.0
10004797,2016/17,26,210.0,10.0
10004797,2017/18,02,115.0,5.0
10004797,2017/18,03,1675.0,210.0
10004797,2017/18,04,1515.0,100.0
10004797,2017/18,05,170.0,0.0
10004797,2017/18,06,780.0,90.0
10004797,2017/18,07,720.0,35.0
10004797,2017/18,09,445.0,45.0
10004797,2017/18,10,620.0,70.0
10004797,2017/18,11,1095.0,50.0
10004797,2017/18,13,1115.0,480.0
10004797,2017/18,15,2855.0,205.0
10004797,2017/18,16,1985.0,750.0
10004797,2017/18,17,4915.0,1010.0
10004797,2017/18,19,690.0,175.0
10004797,2017/18,20,555.0,40.0
10004797,2017/18,22,1660.0,620.0
10004797,2017/18,23,70.0,60.0
10004797,2017/18,24,1090.0,95.0
10004797,2017/18,25,4455.0,75.0
10004797,2017/18,26,225.0,25.0
10004797,2018/19,02,90.0,65.0
10004797,2018/19,03,1895.0,255.0
10004797,2018/19,04,1720.0,145.0
10004797,2018/19,05,160.0,5.0
10004797,2018/19,06,820.0,145.0
10004797,2018/19,07,680.0,35.0
10004797,2018/19,09,455.0,55.0
10004797,2018/19,10,755.0,115.0
10004797,2018/19,11,1125.0,70.0
10004797,2018/19,13,1140.0,500.0
10004797,2018/19,15,3105.0,490.0
10004797,2018/19,16,2080.0,840.0
10004797,2018/19,17,5490.0,1105.0
10004797,2018/19,19,675.0,185.0
10004797,2018/19,20,500.0,50.0
10004797,2018/19,22,1585.0,615.0
10004797,2018/19,23,75.0,50.0
10004797,2018/19,24,1095.0,80.0
10004797,2018/19,25,4620.0,145.0
10004797,2018/19,26,235.0,10.0
10004797,2019/20,01,0.0,45.0
10004797,2019/20,02,990.0,290.0
10004797,2019/20,03,1745.0,90.0
10004797,2019/20,04,2080.0,135.0
10004797,2019/20,05,125.0,30.0
10004797,2019/20,06,630.0,110.0
10004797,2019/20,07,815.0,10.0
10004797,2019/20,09,475.0,50.0
10004797,2019/20,10,1215.0,120.0
10004797,2019/20,11,1335.0,105.0
10004797,2019/20,13,1365.0,560.0
10004797,2019/20,15,3625.0,270.0
10004797,2019/20,16,2235.0,865.0
10004797,2019/20,17,5800.0,980.0
10004797,2019/20,19,640.0,120.0
10004797,2019/20,20,500.0,45.0
10004797,2019/20,22,1180.0,570.0
10004797,2019/20,23,20.0,30.0
10004797,2019/20,24,945.0,40.0
10004797,2019/20,25,5180.0,130.0
10004797,2019/20,26,285.0,5.0
10004797,2020/21,01,0.0,55.0
10004797,2020/21,02,1275.0,395.0
10004797,2020/21,03,1985.0,165.0
10004797,2020/21,04,2510.0,190.0
10004797,2020/21,05,155.0,20.0
10004797,2020/21,06,675.0,140.0
10004797,2020/21,07,870.0,50.0
10004797,2020/21,09,440.0,100.0
10004797,2020/21,10,1460.0,145.0
10004797,2020/21,11,1510.0,195.0
10004797,2020/21,13,1480.0,565.0
10004797,2020/21,15,3870.0,440.0
10004797,2020/21,16,2470.0,835.0
10004797,2020/21,17,6335.0,815.0
10004797,2020/21,19,545.0,110.0
10004797,2020/21,20,475.0,75.0
10004797,2020/21,22,1110.0,590.0
10004797,2020/21,23,30.0,40.0
10004797,2020/21,24,1060.0,80.0
10004797,2020/21,25,5225.0,250.0
10004797,2020/21,26,270.0,20.0
10004797,2021/22,01,0.0,50.0
10004797,2021/22,02,1850.0,520.0
10004797,2021/22,03,2225.0,140.0
10004797,2021/22,04,2760.0,135.0
10004797,2021/22,05,155.0,25.0
10004797,2021/22,06,700.0,135.0
10004797,2021/22,07,895.0,40.0
10004797,2021/22,09,465.0,75.0
10004797,2021/22,10,1810.0,250.0
10004797,2021/22,11,1705.0,240.0
10004797,2021/22,13,1520.0,550.0
10004797,2021/22,15,4020.0,370.0
10004797,2021/22,16,2610.0,715.0
10004797,2021/22,17,7225.0,730.0
10004797,2021/22,19,430.0,55.0
10004797,2021/22,20,405.0,40.0
10004797,2021/22,22,1035.0,500.0
10004797,2021/22,23,55.0,25.0
10004797,2021/22,24,1070.0,45.0
10004797,2021/22,25,5500.0,125.0
10004797,2021/22,26,240.0,25.0
10004797,2022/23,01,0.0,30.0
10004797,2022/23,02,2385.0,315.0
10004797,2022/23,03,2155.0,115.0
10004797,2022/23,04,2625.0,90.0
10004797,2022/23,05,185.0,25.0
10004797,2022/23,06,650.0,105.0
10004797,2022/23,07,925.0,15.0
10004797,2022/23,09,465.0,70.0
10004797,2022/23,10,1945.0,165.0
10004797,2022/23,11,1880.0,120.0
10004797,2022/23,13,1525.0,470.0
10004797,2022/23,15,4190.0,265.0
10004797,2022/23,16,2425.0,455.0
10004797,2022/23,17,7865.0,235.0
10004797,2022/23,19,325.0,65.0
10004797,2022/23,20,355.0,25.0
10004797,2022/23,22,970.0,390.0
10004797,2022/23,23,60.0,50.0
10004797,2022/23,24,1055.0,30.0
10004797,2022/23,25,5465.0,55.0
10004797,2022/23,26,230.0,5.0
10004797,2023/24,01,0.0,30.0
10004797,2023/24,02,2485.0,370.0
10004797,2023/24,03,1940.0,135.0
10004797,2023/24,04,2305.0,150.0
10004797,2023/24,05,180.0,20.0
10004797,2023/24,06,595.0,110.0
10004797,2023/24,07,790.0,15.0
10004797,2023/24,09,450.0,75.0
10004797,2023/24,10,1915.0,175.0
10004797,2023/24,11,2060.0,120.0
10004797,2023/24,13,1440.0,485.0
10004797,2023/24,15,3785.0,200.0
10004797,2023/24,16,2380.0,450.0
10004797,2023/24,17,7300.0,315.0
10004797,2023/24,19,255.0,50.0
10004797,2023/24,20,315.0,15.0
10004797,2023/24,22,930.0,275.0
10004797,2023/24,23,100.0,25.0
10004797,2023/24,24,900.0,15.0
10004797,2023/24,25,5150.0,50.0
10004797,2023/24,26,195.0,5.0
10004797,2024/25,01,0.0,20.0
10004797,2024/25,02,2425.0,305.0
10004797,2024/25,03,1735.0,155.0
10004797,2024/25,04,2040.0,125.0
10004797,2024/25,05,200.0,25.0
10004797,2024/25,06,510.0,105.0
10004797,2024/25,07,660.0,25.0
10004797,2024/25,09,375.0,70.0
10004797,2024/25,10,1835.0,190.0
10004797,2024/25,11,2295.0,120.0
10004797,2024/25,13,1275.0,475.0
10004797,2024/25,15,3145.0,245.0
10004797,2024/25,16,2325.0,545.0
10004797,2024/25,17,6195.0,245.0
10004797,2024/25,19,290.0,55.0
10004797,2024/25,20,275.0,20.0
10004797,2024/25,22,985.0,210.0
10004797,2024/25,23,35.0,10.0
10004797,2024/25,24,760.0,25.0
10004797,2024/25,25,4920.0,40.0
10004797,2024/25,26,145.0,0.0
10004879,2015/16,19,0.0,105.0
10004879,2015/16,25,0.0,1040.0
10004930,2014/15,02,1775.0,1470.0
10004930,2014/15,03,775.0,40.0
10004930,2014/15,04,335.0,50.0
10004930,2014/15,06,210.0,20.0
10004930,2014/15,09,95.0,10.0
10004930,2014/15,10,915.0,150.0
10004930,2014/15,11,395.0,55.0
10004930,2014/15,13,1105.0,145.0
10004930,2014/15,15,1075.0,390.0
10004930,2014/15,16,395.0,35.0
10004930,2014/15,17,2805.0,565.0
10004930,2014/15,19,545.0,230.0
10004930,2014/15,20,575.0,165.0
10004930,2014/15,22,1260.0,455.0
10004930,2014/15,23,65.0,180.0
10004930,2014/15,24,465.0,45.0
10004930,2014/15,25,430.0,105.0
10004930,2014/15,26,135.0,10.0
10004930,2015/16,02,1900.0,1465.0
10004930,2015/16,03,840.0,45.0
10004930,2015/16,04,365.0,35.0
10004930,2015/16,06,255.0,15.0
10004930,2015/16,09,90.0,0.0
10004930,2015/16,10,810.0,150.0
10004930,2015/16,11,430.0,45.0
10004930,2015/16,13,1060.0,140.0
10004930,2015/16,15,1085.0,415.0
10004930,2015/16,16,570.0,25.0
10004930,2015/16,17,2925.0,555.0
10004930,2015/16,19,550.0,170.0
10004930,2015/16,20,580.0,100.0
10004930,2015/16,22,1225.0,535.0
10004930,2015/16,23,10.0,150.0
10004930,2015/16,24,530.0,45.0
10004930,2015/16,25,500.0,60.0
10004930,2015/16,26,200.0,5.0
10004930,2016/17,02,2085.0,1185.0
10004930,2016/17,03,930.0,50.0
10004930,2016/17,04,365.0,40.0
10004930,2016/17,06,205.0,5.0
10004930,2016/17,09,75.0,5.0
10004930,2016/17,10,805.0,130.0
10004930,2016/17,11,455.0,45.0
10004930,2016/17,13,1090.0,195.0
10004930,2016/17,15,1125.0,420.0
10004930,2016/17,16,545.0,40.0
10004930,2016/17,17,3025.0,545.0
10004930,2016/17,19,550.0,180.0
10004930,2016/17,20,505.0,50.0
10004930,2016/17,22,1100.0,490.0
10004930,2016/17,23,20.0,195.0
10004930,2016/17,24,545.0,35.0
10004930,2016/17,25,475.0,75.0
10004930,2016/17,26,230.0,5.0
10004930,2017/18,02,1965.0,800.0
10004930,2017/18,03,1025.0,65.0
10004930,2017/18,04,360.0,45.0
10004930,2017/18,05,5.0,0.0
10004930,2017/18,06,155.0,5.0
10004930,2017/18,09,65.0,15.0
10004930,2017/18,10,675.0,125.0
10004930,2017/18,11,420.0,65.0
10004930,2017/18,13,1420.0,225.0
10004930,2017/18,15,1165.0,395.0
10004930,2017/18,16,535.0,45.0
10004930,2017/18,17,2780.0,555.0
10004930,2017/18,19,545.0,205.0
10004930,2017/18,20,510.0,30.0
10004930,2017/18,22,960.0,465.0
10004930,2017/18,23,20.0,145.0
10004930,2017/18,24,525.0,50.0
10004930,2017/18,25,460.0,65.0
10004930,2017/18,26,280.0,10.0
10004930,2018/19,02,1900.0,745.0
10004930,2018/19,03,960.0,70.0
10004930,2018/19,04,390.0,45.0
10004930,2018/19,05,15.0,0.0
10004930,2018/19,06,125.0,10.0
10004930,2018/19,09,35.0,20.0
10004930,2018/19,10,645.0,110.0
10004930,2018/19,11,380.0,70.0
10004930,2018/19,13,1415.0,255.0
10004930,2018/19,15,1180.0,320.0
10004930,2018/19,16,530.0,50.0
10004930,2018/19,17,2890.0,545.0
10004930,2018/19,19,550.0,140.0
10004930,2018/19,20,480.0,35.0
10004930,2018/19,22,835.0,475.0
10004930,2018/19,23,85.0,130.0
10004930,2018/19,24,465.0,45.0
10004930,2018/19,25,415.0,55.0
10004930,2018/19,26,245.0,10.0
10004930,2019/20,01,85.0,5.0
10004930,2019/20,02,1705.0,405.0
10004930,2019/20,03,835.0,65.0
10004930,2019/20,04,410.0,45.0
10004930,2019/20,05,25.0,0.0
10004930,2019/20,06,120.0,5.0
10004930,2019/20,09,20.0,5.0
10004930,2019/20,10,715.0,85.0
10004930,2019/20,11,410.0,55.0
10004930,2019/20,13,1510.0,310.0
10004930,2019/20,15,1435.0,180.0
10004930,2019/20,16,540.0,35.0
10004930,2019/20,17,3160.0,360.0
10004930,2019/20,19,655.0,95.0
10004930,2019/20,20,460.0,40.0
10004930,2019/20,22,655.0,505.0
10004930,2019/20,23,120.0,735.0
10004930,2019/20,24,415.0,45.0
10004930,2019/20,25,465.0,50.0
10004930,2019/20,26,225.0,10.0
10004930,2020/21,01,65.0,0.0
10004930,2020/21,02,2000.0,375.0
10004930,2020/21,03,865.0,80.0
10004930,2020/21,04,445.0,60.0
10004930,2020/21,05,35.0,5.0
10004930,2020/21,06,130.0,5.0
10004930,2020/21,09,15.0,0.0
10004930,2020/21,10,765.0,65.0
10004930,2020/21,11,485.0,60.0
10004930,2020/21,13,1560.0,290.0
10004930,2020/21,15,1450.0,255.0
10004930,2020/21,16,615.0,40.0
10004930,2020/21,17,3390.0,400.0
10004930,2020/21,19,575.0,70.0
10004930,2020/21,20,435.0,35.0
10004930,2020/21,22,655.0,465.0
10004930,2020/21,23,120.0,835.0
10004930,2020/21,24,425.0,40.0
10004930,2020/21,25,490.0,45.0
10004930,2020/21,26,170.0,10.0
10004930,2021/22,01,60.0,10.0
10004930,2021/22,02,2065.0,880.0
10004930,2021/22,03,820.0,75.0
10004930,2021/22,04,450.0,55.0
10004930,2021/22,05,20.0,5.0
10004930,2021/22,06,115.0,10.0
10004930,2021/22,09,15.0,0.0
10004930,2021/22,10,850.0,85.0
10004930,2021/22,11,455.0,75.0
10004930,2021/22,13,1545.0,290.0
10004930,2021/22,15,1355.0,200.0
10004930,2021/22,16,580.0,50.0
10004930,2021/22,17,3345.0,535.0
10004930,2021/22,19,465.0,35.0
10004930,2021/22,20,340.0,40.0
10004930,2021/22,22,565.0,430.0
10004930,2021/22,23,210.0,430.0
10004930,2021/22,24,450.0,40.0
10004930,2021/22,25,465.0,65.0
10004930,2021/22,26,125.0,10.0
10004930,2022/23,01,55.0,50.0
10004930,2022/23,02,2005.0,960.0
10004930,2022/23,03,745.0,80.0
10004930,2022/23,04,440.0,120.0
10004930,2022/23,05,5.0,10.0
10004930,2022/23,06,95.0,5.0
10004930,2022/23,09,25.0,5.0
10004930,2022/23,10,860.0,115.0
10004930,2022/23,11,465.0,80.0
10004930,2022/23,13,1475.0,325.0
10004930,2022/23,15,2245.0,480.0
10004930,2022/23,16,555.0,55.0
10004930,2022/23,17,4230.0,575.0
10004930,2022/23,19,390.0,75.0
10004930,2022/23,20,255.0,35.0
10004930,2022/23,22,510.0,360.0
10004930,2022/23,23,70.0,55.0
10004930,2022/23,24,410.0,45.0
10004930,2022/23,25,430.0,65.0
10004930,2022/23,26,100.0,15.0
10004930,2023/24,01,60.0,60.0
10004930,2023/24,02,1875.0,1020.0
10004930,2023/24,03,740.0,75.0
10004930,2023/24,04,440.0,110.0
10004930,2023/24,05,0.0,5.0
10004930,2023/24,06,65.0,5.0
10004930,2023/24,09,25.0,0.0
10004930,2023/24,10,935.0,85.0
10004930,2023/24,11,600.0,55.0
10004930,2023/24,13,1330.0,330.0
10004930,2023/24,15,4610.0,505.0
10004930,2023/24,16,600.0,45.0
10004930,2023/24,17,6820.0,475.0
10004930,2023/24,19,370.0,40.0
10004930,2023/24,20,250.0,40.0
10004930,2023/24,22,430.0,270.0
10004930,2023/24,23,70.0,50.0
10004930,2023/24,24,375.0,35.0
10004930,2023/24,25,440.0,55.0
10004930,2023/24,26,100.0,15.0
10004930,2024/25,01,60.0,5.0
10004930,2024/25,02,1785.0,1160.0
10004930,2024/25,03,755.0,85.0
10004930,2024/25,04,435.0,75.0
10004930,2024/25,06,60.0,5.0
10004930,2024/25,09,30.0,5.0
10004930,2024/25,10,1005.0,90.0
10004930,2024/25,11,595.0,70.0
10004930,2024/25,13,1240.0,350.0
10004930,2024/25,15,6610.0,645.0
10004930,2024/25,16,630.0,45.0
10004930,2024/25,17,7525.0,450.0
10004930,2024/25,19,315.0,30.0
10004930,2024/25,20,270.0,25.0
10004930,2024/25,22,305.0,265.0
10004930,2024/25,23,75.0,75.0
10004930,2024/25,24,400.0,35.0
10004930,2024/25,25,410.0,45.0
10004930,2024/25,26,120.0,15.0
10005127,2014/15,25,960.0,35.0
10005127,2015/16,25,1150.0,50.0
10005127,2016/17,25,1240.0,70.0
10005127,2017/18,25,1320.0,95.0
10005127,2018/19,25,1285.0,95.0
10005127,2019/20,11,70.0,0.0
10005127,2019/20,22,0.0,5.0
10005127,2019/20,23,0.0,5.0
10005127,2019/20,24,75.0,0.0
10005127,2019/20,25,1040.0,115.0
10005127,2020/21,11,30.0,0.0
10005127,2020/21,17,40.0,0.0
10005127,2020/21,22,0.0,10.0
10005127,2020/21,23,0.0,5.0
10005127,2020/21,24,65.0,0.0
10005127,2020/21,25,945.0,125.0
10005127,2021/22,11,55.0,0.0
10005127,2021/22,17,25.0,0.0
10005127,2021/22,22,0.0,5.0
10005127,2021/22,24,50.0,0.0
10005127,2021/22,25,830.0,100.0
10005127,2022/23,11,70.0,0.0
10005127,2022/23,22,0.0,5.0
10005127,2022/23,24,30.0,0.0
10005127,2022/23,25,820.0,115.0
10005127,2023/24,11,60.0,0.0
10005127,2023/24,24,20.0,0.0
10005127,2023/24,25,875.0,110.0
10005127,2024/25,11,65.0,0.0
10005127,2024/25,24,230.0,0.0
10005127,2024/25,25,1215.0,100.0
10005337,2014/15,02,1485.0,1280.0
10005337,2014/15,03,90.0,5.0
10005337,2014/15,04,240.0,30.0
10005337,2014/15,15,110.0,40.0
10005337,2014/15,17,880.0,290.0
10005337,2014/15,24,420.0,20.0
10005337,2014/15,25,295.0,80.0
10005337,2015/16,02,1545.0,1235.0
10005337,2015/16,03,95.0,0.0
10005337,2015/16,04,220.0,50.0
10005337,2015/16,15,135.0,25.0
10005337,2015/16,17,850.0,320.0
10005337,2015/16,24,400.0,25.0
10005337,2015/16,25,325.0,60.0
10005337,2016/17,02,1615.0,1285.0
10005337,2016/17,03,100.0,0.0
10005337,2016/17,04,220.0,25.0
10005337,2016/17,15,140.0,30.0
10005337,2016/17,17,785.0,200.0
10005337,2016/17,24,405.0,20.0
10005337,2016/17,25,340.0,50.0
10005337,2017/18,02,1615.0,1300.0
10005337,2017/18,03,95.0,5.0
10005337,2017/18,04,230.0,5.0
10005337,2017/18,15,150.0,30.0
10005337,2017/18,17,730.0,230.0
10005337,2017/18,24,390.0,30.0
10005337,2017/18,25,315.0,55.0
10005337,2018/19,02,1700.0,1220.0
10005337,2018/19,03,90.0,0.0
10005337,2018/19,04,265.0,10.0
10005337,2018/19,15,180.0,25.0
10005337,2018/19,17,715.0,215.0
10005337,2018/19,24,380.0,30.0
10005337,2018/19,25,355.0,40.0
10005337,2019/20,02,1650.0,1105.0
10005337,2019/20,03,60.0,0.0
10005337,2019/20,04,255.0,20.0
10005337,2019/20,15,180.0,10.0
10005337,2019/20,17,645.0,90.0
10005337,2019/20,19,0.0,15.0
10005337,2019/20,22,145.0,70.0
10005337,2019/20,23,5.0,15.0
10005337,2019/20,24,405.0,20.0
10005337,2019/20,25,410.0,20.0
10005337,2020/21,02,1875.0,1400.0
10005337,2020/21,03,35.0,0.0
10005337,2020/21,04,270.0,5.0
10005337,2020/21,15,205.0,35.0
10005337,2020/21,17,615.0,80.0
10005337,2020/21,19,0.0,20.0
10005337,2020/21,22,320.0,65.0
10005337,2020/21,23,20.0,10.0
10005337,2020/21,24,415.0,30.0
10005337,2020/21,25,435.0,75.0
10005337,2021/22,02,1865.0,1570.0
10005337,2021/22,03,15.0,0.0
10005337,2021/22,04,285.0,5.0
10005337,2021/22,15,215.0,20.0
10005337,2021/22,17,540.0,180.0
10005337,2021/22,19,0.0,25.0
10005337,2021/22,22,475.0,80.0
10005337,2021/22,23,20.0,15.0
10005337,2021/22,24,420.0,40.0
10005337,2021/22,25,420.0,60.0
10005337,2022/23,02,2005.0,1710.0
10005337,2022/23,04,280.0,10.0
10005337,2022/23,15,195.0,45.0
10005337,2022/23,17,570.0,145.0
10005337,2022/23,19,0.0,65.0
10005337,2022/23,22,610.0,155.0
10005337,2022/23,23,10.0,10.0
10005337,2022/23,24,450.0,40.0
10005337,2022/23,25,410.0,80.0
10005337,2023/24,02,1995.0,1695.0
10005337,2023/24,04,280.0,20.0
10005337,2023/24,11,0.0,75.0
10005337,2023/24,15,160.0,120.0
10005337,2023/24,17,445.0,75.0
10005337,2023/24,19,0.0,80.0
10005337,2023/24,22,620.0,250.0
10005337,2023/24,23,0.0,10.0
10005337,2023/24,24,415.0,65.0
10005337,2023/24,25,435.0,100.0
10005337,2024/25,02,1925.0,1450.0
10005337,2024/25,04,270.0,35.0
10005337,2024/25,11,0.0,120.0
10005337,2024/25,15,140.0,230.0
10005337,2024/25,17,390.0,100.0
10005337,2024/25,19,0.0,25.0
10005337,2024/25,22,595.0,365.0
10005337,2024/25,23,0.0,5.0
10005337,2024/25,24,370.0,80.0
10005337,2024/25,25,450.0,45.0
10005343,2014/15,01,1775.0,300.0
10005343,2014/15,02,2355.0,960.0
10005343,2014/15,03,625.0,55.0
10005343,2014/15,04,655.0,80.0
10005343,2014/15,06,415.0,100.0
10005343,2014/15,07,650.0,25.0
10005343,2014/15,09,370.0,15.0
10005343,2014/15,10,2020.0,95.0
10005343,2014/15,11,1475.0,85.0
10005343,2014/15,13,395.0,175.0
10005343,2014/15,15,1450.0,360.0
10005343,2014/15,16,1020.0,145.0
10005343,2014/15,17,1430.0,255.0
10005343,2014/15,19,1000.0,50.0
10005343,2014/15,20,905.0,100.0
10005343,2014/15,22,255.0,3250.0
10005343,2014/15,24,45.0,5.0
10005343,2014/15,25,485.0,50.0
10005343,2014/15,26,405.0,25.0
10005343,2015/16,01,1800.0,290.0
10005343,2015/16,02,2395.0,910.0
10005343,2015/16,03,645.0,45.0
10005343,2015/16,04,620.0,80.0
10005343,2015/16,06,405.0,75.0
10005343,2015/16,07,705.0,20.0
10005343,2015/16,09,360.0,15.0
10005343,2015/16,10,1995.0,115.0
10005343,2015/16,11,1575.0,85.0
10005343,2015/16,13,435.0,160.0
10005343,2015/16,15,1500.0,320.0
10005343,2015/16,16,1075.0,115.0
10005343,2015/16,17,1530.0,220.0
10005343,2015/16,19,985.0,45.0
10005343,2015/16,20,860.0,100.0
10005343,2015/16,22,260.0,3255.0
10005343,2015/16,24,40.0,5.0
10005343,2015/16,25,445.0,35.0
10005343,2015/16,26,335.0,15.0
10005343,2016/17,01,1835.0,250.0
10005343,2016/17,02,2425.0,890.0
10005343,2016/17,03,635.0,35.0
10005343,2016/17,04,600.0,55.0
10005343,2016/17,06,380.0,85.0
10005343,2016/17,07,685.0,25.0
10005343,2016/17,09,375.0,15.0
10005343,2016/17,10,2045.0,115.0
10005343,2016/17,11,1555.0,120.0
10005343,2016/17,13,445.0,175.0
10005343,2016/17,15,1475.0,280.0
10005343,2016/17,16,1205.0,100.0
10005343,2016/17,17,1665.0,185.0
10005343,2016/17,19,940.0,55.0
10005343,2016/17,20,780.0,80.0
10005343,2016/17,22,270.0,3200.0
10005343,2016/17,24,30.0,5.0
10005343,2016/17,25,445.0,30.0
10005343,2016/17,26,355.0,15.0
10005343,2017/18,01,1880.0,275.0
10005343,2017/18,02,2470.0,895.0
10005343,2017/18,03,695.0,40.0
10005343,2017/18,04,580.0,90.0
10005343,2017/18,06,350.0,90.0
10005343,2017/18,07,665.0,25.0
10005343,2017/18,09,405.0,30.0
10005343,2017/18,10,2095.0,95.0
10005343,2017/18,11,1585.0,135.0
10005343,2017/18,13,465.0,140.0
10005343,2017/18,15,1505.0,395.0
10005343,2017/18,16,1140.0,100.0
10005343,2017/18,17,1935.0,195.0
10005343,2017/18,19,925.0,40.0
10005343,2017/18,20,750.0,75.0
10005343,2017/18,22,345.0,3105.0
10005343,2017/18,23,5.0,0.0
10005343,2017/18,24,130.0,5.0
10005343,2017/18,25,400.0,35.0
10005343,2017/18,26,395.0,10.0
10005343,2018/19,01,1865.0,265.0
10005343,2018/19,02,2820.0,1035.0
10005343,2018/19,03,770.0,50.0
10005343,2018/19,04,560.0,90.0
10005343,2018/19,06,320.0,85.0
10005343,2018/19,07,630.0,25.0
10005343,2018/19,09,405.0,30.0
10005343,2018/19,10,2080.0,80.0
10005343,2018/19,11,1610.0,150.0
10005343,2018/19,13,445.0,115.0
10005343,2018/19,15,1495.0,365.0
10005343,2018/19,16,1295.0,95.0
10005343,2018/19,17,1940.0,225.0
10005343,2018/19,19,885.0,60.0
10005343,2018/19,20,670.0,80.0
10005343,2018/19,22,305.0,2785.0
10005343,2018/19,24,205.0,10.0
10005343,2018/19,25,395.0,45.0
10005343,2018/19,26,395.0,10.0
10005343,2019/20,01,1880.0,105.0
10005343,2019/20,02,2630.0,1470.0
10005343,2019/20,03,720.0,45.0
10005343,2019/20,04,615.0,75.0
10005343,2019/20,06,295.0,80.0
10005343,2019/20,07,675.0,40.0
10005343,2019/20,09,460.0,25.0
10005343,2019/20,10,1975.0,80.0
10005343,2019/20,11,1715.0,380.0
10005343,2019/20,13,470.0,135.0
10005343,2019/20,15,1615.0,300.0
10005343,2019/20,16,1215.0,90.0
10005343,2019/20,17,2210.0,180.0
10005343,2019/20,19,835.0,55.0
10005343,2019/20,20,610.0,70.0
10005343,2019/20,22,310.0,2395.0
10005343,2019/20,23,30.0,5.0
10005343,2019/20,24,150.0,5.0
10005343,2019/20,25,515.0,35.0
10005343,2019/20,26,410.0,15.0
10005343,2020/21,01,2020.0,55.0
10005343,2020/21,02,3075.0,1460.0
10005343,2020/21,03,785.0,55.0
10005343,2020/21,04,800.0,80.0
10005343,2020/21,06,315.0,60.0
10005343,2020/21,07,685.0,25.0
10005343,2020/21,09,515.0,75.0
10005343,2020/21,10,2050.0,90.0
10005343,2020/21,11,2005.0,535.0
10005343,2020/21,13,495.0,125.0
10005343,2020/21,15,1910.0,290.0
10005343,2020/21,16,1255.0,65.0
10005343,2020/21,17,2625.0,270.0
10005343,2020/21,19,835.0,55.0
10005343,2020/21,20,595.0,55.0
10005343,2020/21,22,400.0,415.0
10005343,2020/21,23,45.0,5.0
10005343,2020/21,24,155.0,5.0
10005343,2020/21,25,565.0,60.0
10005343,2020/21,26,430.0,15.0
10005343,2021/22,01,2030.0,100.0
10005343,2021/22,02,3120.0,1635.0
10005343,2021/22,03,830.0,30.0
10005343,2021/22,04,870.0,140.0
10005343,2021/22,06,295.0,55.0
10005343,2021/22,07,665.0,35.0
10005343,2021/22,09,470.0,35.0
10005343,2021/22,10,1935.0,110.0
10005343,2021/22,11,1900.0,460.0
10005343,2021/22,13,525.0,135.0
10005343,2021/22,15,1965.0,285.0
10005343,2021/22,16,1320.0,95.0
10005343,2021/22,17,2490.0,255.0
10005343,2021/22,19,835.0,85.0
10005343,2021/22,20,590.0,45.0
10005343,2021/22,22,300.0,375.0
10005343,2021/22,23,40.0,0.0
10005343,2021/22,24,240.0,10.0
10005343,2021/22,25,500.0,60.0
10005343,2021/22,26,410.0,20.0
10005343,2022/23,01,2045.0,110.0
10005343,2022/23,02,3315.0,1585.0
10005343,2022/23,03,935.0,40.0
10005343,2022/23,04,910.0,90.0
10005343,2022/23,06,260.0,55.0
10005343,2022/23,07,640.0,45.0
10005343,2022/23,09,405.0,60.0
10005343,2022/23,10,1830.0,170.0
10005343,2022/23,11,2050.0,430.0
10005343,2022/23,13,585.0,140.0
10005343,2022/23,15,1945.0,235.0
10005343,2022/23,16,1475.0,100.0
10005343,2022/23,17,2485.0,205.0
10005343,2022/23,19,860.0,70.0
10005343,2022/23,20,575.0,55.0
10005343,2022/23,22,325.0,310.0
10005343,2022/23,23,45.0,10.0
10005343,2022/23,24,230.0,10.0
10005343,2022/23,25,465.0,90.0
10005343,2022/23,26,390.0,25.0
10005343,2023/24,01,1975.0,70.0
10005343,2023/24,02,3265.0,1385.0
10005343,2023/24,03,970.0,30.0
10005343,2023/24,04,945.0,140.0
10005343,2023/24,06,280.0,45.0
10005343,2023/24,07,690.0,35.0
10005343,2023/24,09,430.0,30.0
10005343,2023/24,10,1805.0,175.0
10005343,2023/24,11,2010.0,430.0
10005343,2023/24,13,560.0,145.0
10005343,2023/24,15,1875.0,245.0
10005343,2023/24,16,1340.0,70.0
10005343,2023/24,17,2235.0,155.0
10005343,2023/24,19,855.0,75.0
10005343,2023/24,20,625.0,45.0
10005343,2023/24,22,275.0,285.0
10005343,2023/24,23,55.0,95.0
10005343,2023/24,24,265.0,10.0
10005343,2023/24,25,450.0,105.0
10005343,2023/24,26,435.0,15.0
10005343,2024/25,01,1970.0,50.0
10005343,2024/25,02,3105.0,1785.0
10005343,2024/25,03,1030.0,25.0
10005343,2024/25,04,975.0,150.0
10005343,2024/25,06,225.0,25.0
10005343,2024/25,07,700.0,30.0
10005343,2024/25,09,425.0,40.0
10005343,2024/25,10,1855.0,175.0
10005343,2024/25,11,1880.0,405.0
10005343,2024/25,13,490.0,155.0
10005343,2024/25,15,1800.0,270.0
10005343,2024/25,16,1430.0,40.0
10005343,2024/25,17,2190.0,190.0
10005343,2024/25,19,870.0,140.0
10005343,2024/25,20,645.0,65.0
10005343,2024/25,22,245.0,230.0
10005343,2024/25,23,55.0,110.0
10005343,2024/25,24,255.0,10.0
10005343,2024/25,25,465.0,60.0
10005343,2024/25,26,480.0,35.0
10005378,2022/23,25,145.0,0.0
10005378,2023/24,25,155.0,10.0
10005378,2024/25,25,155.0,5.0
10005389,2014/15,10,115.0,0.0
10005389,2014/15,13,175.0,0.0
10005389,2014/15,17,55.0,0.0
10005389,2014/15,24,200.0,0.0
10005389,2014/15,25,1475.0,35.0
10005389,2015/16,10,105.0,0.0
10005389,2015/16,13,190.0,0.0
10005389,2015/16,17,85.0,0.0
10005389,2015/16,24,190.0,0.0
10005389,2015/16,25,1610.0,10.0
10005389,2016/17,10,110.0,0.0
10005389,2016/17,13,190.0,0.0
10005389,2016/17,17,130.0,0.0
10005389,2016/17,24,185.0,0.0
10005389,2016/17,25,1665.0,5.0
10005389,2017/18,10,110.0,0.0
10005389,2017/18,13,210.0,0.0
10005389,2017/18,17,160.0,0.0
10005389,2017/18,24,195.0,0.0
10005389,2017/18,25,1850.0,5.0
10005389,2018/19,10,110.0,0.0
10005389,2018/19,11,20.0,0.0
10005389,2018/19,13,220.0,0.0
10005389,2018/19,17,155.0,0.0
10005389,2018/19,24,175.0,0.0
10005389,2018/19,25,1830.0,15.0
10005389,2019/20,10,90.0,0.0
10005389,2019/20,11,105.0,0.0
10005389,2019/20,13,265.0,5.0
10005389,2019/20,25,2035.0,35.0
10005389,2020/21,10,90.0,0.0
10005389,2020/21,11,160.0,5.0
10005389,2020/21,13,235.0,10.0
10005389,2020/21,17,15.0,0.0
10005389,2020/21,24,15.0,5.0
10005389,2020/21,25,2020.0,20.0
10005389,2021/22,10,20.0,55.0
10005389,2021/22,11,210.0,5.0
10005389,2021/22,13,215.0,15.0
10005389,2021/22,17,45.0,0.0
10005389,2021/22,24,15.0,0.0
10005389,2021/22,25,1965.0,35.0
10005389,2022/23,04,20.0,0.0
10005389,2022/23,10,30.0,45.0
10005389,2022/23,11,400.0,5.0
10005389,2022/23,13,235.0,25.0
10005389,2022/23,17,1395.0,0.0
10005389,2022/23,23,80.0,0.0
10005389,2022/23,24,120.0,0.0
10005389,2022/23,25,1685.0,35.0
10005389,2023/24,04,5.0,0.0
10005389,2023/24,10,35.0,20.0
10005389,2023/24,11,715.0,0.0
10005389,2023/24,13,225.0,0.0
10005389,2023/24,17,3565.0,0.0
10005389,2023/24,23,405.0,0.0
10005389,2023/24,24,190.0,0.0
10005389,2023/24,25,1395.0,0.0
10005389,2024/25,10,55.0,5.0
10005389,2024/25,11,870.0,0.0
10005389,2024/25,13,210.0,0.0
10005389,2024/25,17,5605.0,0.0
10005389,2024/25,23,250.0,0.0
10005389,2024/25,24,450.0,0.0
10005389,2024/25,25,1240.0,0.0
10005451,2015/16,04,0.0,220.0
10005451,2015/16,11,0.0,320.0
10005451,2015/16,15,0.0,145.0
10005451,2015/16,16,0.0,140.0
10005451,2015/16,17,0.0,925.0
10005451,2015/16,24,0.0,10.0
10005451,2015/16,25,0.0,80.0
10005451,2016/17,04,0.0,230.0
10005451,2016/17,10,0.0,10.0
10005451,2016/17,11,30.0,290.0
10005451,2016/17,15,175.0,175.0
10005451,2016/17,16,25.0,180.0
10005451,2016/17,17,265.0,990.0
10005451,2016/17,24,0.0,15.0
10005451,2016/17,25,0.0,110.0
10005451,2017/18,04,25.0,375.0
10005451,2017/18,10,0.0,15.0
10005451,2017/18,11,130.0,270.0
10005451,2017/18,15,540.0,200.0
10005451,2017/18,16,70.0,260.0
10005451,2017/18,17,850.0,820.0
10005451,2017/18,24,0.0,20.0
10005451,2017/18,25,0.0,125.0
10005451,2018/19,04,100.0,635.0
10005451,2018/19,10,0.0,15.0
10005451,2018/19,11,265.0,275.0
10005451,2018/19,15,840.0,235.0
10005451,2018/19,16,125.0,250.0
10005451,2018/19,17,1340.0,940.0
10005451,2018/19,24,0.0,20.0
10005451,2018/19,25,0.0,135.0
10005451,2019/20,04,215.0,775.0
10005451,2019/20,09,0.0,5.0
10005451,2019/20,11,330.0,330.0
10005451,2019/20,15,1030.0,285.0
10005451,2019/20,16,260.0,270.0
10005451,2019/20,17,1575.0,1030.0
10005451,2019/20,25,0.0,145.0
10005451,2020/21,04,535.0,965.0
10005451,2020/21,09,0.0,5.0
10005451,2020/21,11,640.0,320.0
10005451,2020/21,15,1730.0,450.0
10005451,2020/21,16,410.0,335.0
10005451,2020/21,17,4800.0,1360.0
10005451,2020/21,22,0.0,30.0
10005451,2020/21,25,10.0,175.0
10005451,2021/22,02,0.0,75.0
10005451,2021/22,04,730.0,1230.0
10005451,2021/22,10,0.0,5.0
10005451,2021/22,11,930.0,345.0
10005451,2021/22,15,2225.0,520.0
10005451,2021/22,16,465.0,355.0
10005451,2021/22,17,6340.0,1660.0
10005451,2021/22,22,0.0,30.0
10005451,2021/22,25,20.0,190.0
10005451,2022/23,02,65.0,155.0
10005451,2022/23,04,1280.0,1475.0
10005451,2022/23,07,10.0,15.0
10005451,2022/23,10,15.0,30.0
10005451,2022/23,11,1225.0,420.0
10005451,2022/23,15,2650.0,635.0
10005451,2022/23,16,485.0,415.0
10005451,2022/23,17,9050.0,2505.0
10005451,2022/23,22,0.0,75.0
10005451,2022/23,24,5.0,5.0
10005451,2022/23,25,15.0,180.0
10005451,2023/24,02,140.0,195.0
10005451,2023/24,04,1975.0,1895.0
10005451,2023/24,07,0.0,50.0
10005451,2023/24,10,0.0,90.0
10005451,2023/24,11,1935.0,510.0
10005451,2023/24,15,3260.0,860.0
10005451,2023/24,16,515.0,620.0
10005451,2023/24,17,12660.0,3705.0
10005451,2023/24,22,0.0,80.0
10005451,2023/24,24,0.0,20.0
10005451,2023/24,25,0.0,200.0
10005451,2024/25,02,235.0,200.0
10005451,2024/25,04,2755.0,1940.0
10005451,2024/25,07,15.0,50.0
10005451,2024/25,09,0.0,5.0
10005451,2024/25,10,5.0,115.0
10005451,2024/25,11,2280.0,535.0
10005451,2024/25,15,3670.0,730.0
10005451,2024/25,16,695.0,485.0
10005451,2024/25,17,14330.0,4390.0
10005451,2024/25,22,0.0,65.0
10005451,2024/25,23,0.0,40.0
10005451,2024/25,24,0.0,25.0
10005451,2024/25,25,5.0,175.0
10005470,2014/15,04,90.0,0.0
10005470,2014/15,15,205.0,0.0
10005470,2014/15,17,290.0,0.0
10005470,2014/15,20,25.0,0.0
10005470,2014/15,24,160.0,0.0
10005470,2014/15,25,70.0,0.0
10005470,2015/16,04,80.0,0.0
10005470,2015/16,15,210.0,0.0
10005470,2015/16,17,370.0,0.0
10005470,2015/16,19,5.0,0.0
10005470,2015/16,20,35.0,0.0
10005470,2015/16,24,155.0,0.0
10005470,2015/16,25,65.0,0.0
10005470,2016/17,04,90.0,0.0
10005470,2016/17,15,200.0,0.0
10005470,2016/17,17,405.0,0.0
10005470,2016/17,19,10.0,0.0
10005470,2016/17,20,45.0,0.0
10005470,2016/17,24,145.0,0.0
10005470,2016/17,25,65.0,0.0
10005470,2017/18,04,85.0,0.0
10005470,2017/18,15,180.0,0.0
10005470,2017/18,17,420.0,0.0
10005470,2017/18,19,5.0,0.0
10005470,2017/18,20,30.0,0.0
10005470,2017/18,24,130.0,0.0
10005470,2017/18,25,30.0,0.0
10005470,2018/19,04,85.0,0.0
10005470,2018/19,15,170.0,5.0
10005470,2018/19,17,450.0,10.0
10005470,2018/19,19,10.0,0.0
10005470,2018/19,20,40.0,0.0
10005470,2018/19,24,125.0,0.0
10005470,2018/19,25,20.0,0.0
10005470,2019/20,04,85.0,0.0
10005470,2019/20,15,150.0,0.0
10005470,2019/20,17,470.0,0.0
10005470,2019/20,19,5.0,0.0
10005470,2019/20,20,40.0,0.0
10005470,2019/20,24,110.0,0.0
10005470,2019/20,25,20.0,0.0
10005470,2020/21,04,60.0,0.0
10005470,2020/21,15,95.0,5.0
10005470,2020/21,17,525.0,5.0
10005470,2020/21,19,5.0,0.0
10005470,2020/21,20,20.0,0.0
10005470,2020/21,24,85.0,0.0
10005470,2020/21,25,10.0,0.0
10005470,2021/22,04,65.0,0.0
10005470,2021/22,15,90.0,5.0
10005470,2021/22,17,360.0,25.0
10005470,2021/22,20,30.0,5.0
10005470,2021/22,24,105.0,0.0
10005470,2021/22,25,15.0,0.0
10005470,2022/23,04,60.0,0.0
10005470,2022/23,11,50.0,0.0
10005470,2022/23,15,95.0,0.0
10005470,2022/23,17,520.0,35.0
10005470,2022/23,20,25.0,5.0
10005470,2022/23,24,105.0,5.0
10005470,2022/23,25,10.0,0.0
10005470,2023/24,04,65.0,0.0
10005470,2023/24,11,110.0,0.0
10005470,2023/24,15,105.0,0.0
10005470,2023/24,17,760.0,10.0
10005470,2023/24,20,15.0,0.0
10005470,2023/24,24,85.0,0.0
10005470,2023/24,25,10.0,0.0
10005470,2024/25,04,75.0,0.0
10005470,2024/25,11,115.0,0.0
10005470,2024/25,15,70.0,0.0
10005470,2024/25,17,680.0,5.0
10005470,2024/25,20,20.0,0.0
10005470,2024/25,23,5.0,115.0
10005470,2024/25,24,70.0,0.0
10005470,2024/25,25,10.0,0.0
10005500,2014/15,02,1910.0,1010.0
10005500,2014/15,03,330.0,25.0
10005500,2014/15,07,185.0,10.0
10005500,2014/15,10,890.0,425.0
10005500,2014/15,11,630.0,50.0
10005500,2014/15,13,535.0,160.0
10005500,2014/15,15,645.0,290.0
10005500,2014/15,16,470.0,310.0
10005500,2014/15,17,2440.0,1155.0
10005500,2014/15,22,0.0,285.0
10005500,2014/15,23,0.0,150.0
10005500,2014/15,24,425.0,175.0
10005500,2014/15,25,715.0,10.0
10005500,2015/16,02,2005.0,1125.0
10005500,2015/16,03,340.0,15.0
10005500,2015/16,07,185.0,15.0
10005500,2015/16,10,840.0,360.0
10005500,2015/16,11,595.0,50.0
10005500,2015/16,13,515.0,125.0
10005500,2015/16,15,615.0,285.0
10005500,2015/16,16,420.0,295.0
10005500,2015/16,17,2390.0,1055.0
10005500,2015/16,22,0.0,175.0
10005500,2015/16,23,0.0,60.0
10005500,2015/16,24,415.0,135.0
10005500,2015/16,25,735.0,10.0
10005500,2016/17,02,2060.0,1165.0
10005500,2016/17,03,305.0,10.0
10005500,2016/17,04,10.0,10.0
10005500,2016/17,07,180.0,15.0
10005500,2016/17,10,785.0,300.0
10005500,2016/17,11,570.0,55.0
10005500,2016/17,13,545.0,90.0
10005500,2016/17,15,635.0,285.0
10005500,2016/17,16,475.0,310.0
10005500,2016/17,17,2265.0,895.0
10005500,2016/17,22,0.0,210.0
10005500,2016/17,23,0.0,30.0
10005500,2016/17,24,435.0,145.0
10005500,2016/17,25,715.0,15.0
10005500,2017/18,02,2135.0,1160.0
10005500,2017/18,03,345.0,10.0
10005500,2017/18,04,35.0,30.0
10005500,2017/18,07,170.0,15.0
10005500,2017/18,10,715.0,320.0
10005500,2017/18,11,620.0,45.0
10005500,2017/18,13,575.0,85.0
10005500,2017/18,15,625.0,300.0
10005500,2017/18,16,500.0,300.0
10005500,2017/18,17,2195.0,755.0
10005500,2017/18,22,0.0,235.0
10005500,2017/18,23,0.0,35.0
10005500,2017/18,24,430.0,120.0
10005500,2017/18,25,760.0,20.0
10005500,2018/19,02,2175.0,1150.0
10005500,2018/19,03,345.0,20.0
10005500,2018/19,04,45.0,40.0
10005500,2018/19,07,165.0,10.0
10005500,2018/19,10,715.0,295.0
10005500,2018/19,11,630.0,40.0
10005500,2018/19,13,585.0,90.0
10005500,2018/19,15,625.0,270.0
10005500,2018/19,16,490.0,300.0
10005500,2018/19,17,2125.0,665.0
10005500,2018/19,22,0.0,205.0
10005500,2018/19,23,0.0,55.0
10005500,2018/19,24,435.0,85.0
10005500,2018/19,25,755.0,20.0
10005500,2019/20,02,2465.0,1070.0
10005500,2019/20,03,160.0,20.0
10005500,2019/20,04,45.0,35.0
10005500,2019/20,07,155.0,10.0
10005500,2019/20,10,650.0,235.0
10005500,2019/20,11,750.0,45.0
10005500,2019/20,13,610.0,50.0
10005500,2019/20,15,630.0,290.0
10005500,2019/20,16,525.0,260.0
10005500,2019/20,17,2145.0,545.0
10005500,2019/20,22,0.0,230.0
10005500,2019/20,23,0.0,380.0
10005500,2019/20,24,600.0,50.0
10005500,2019/20,25,695.0,20.0
10005500,2020/21,02,2855.0,1235.0
10005500,2020/21,03,205.0,10.0
10005500,2020/21,04,30.0,50.0
10005500,2020/21,07,165.0,5.0
10005500,2020/21,10,705.0,175.0
10005500,2020/21,11,915.0,50.0
10005500,2020/21,13,615.0,55.0
10005500,2020/21,15,700.0,335.0
10005500,2020/21,16,530.0,260.0
10005500,2020/21,17,2455.0,490.0
10005500,2020/21,22,0.0,255.0
10005500,2020/21,23,0.0,680.0
10005500,2020/21,24,690.0,55.0
10005500,2020/21,25,700.0,20.0
10005500,2021/22,02,3225.0,1150.0
10005500,2021/22,03,195.0,20.0
10005500,2021/22,04,30.0,55.0
10005500,2021/22,07,140.0,10.0
10005500,2021/22,10,605.0,135.0
10005500,2021/22,11,950.0,50.0
10005500,2021/22,13,590.0,45.0
10005500,2021/22,15,650.0,285.0
10005500,2021/22,16,495.0,250.0
10005500,2021/22,17,2540.0,450.0
10005500,2021/22,22,0.0,310.0
10005500,2021/22,23,0.0,1310.0
10005500,2021/22,24,775.0,50.0
10005500,2021/22,25,635.0,25.0
10005500,2022/23,02,3665.0,1240.0
10005500,2022/23,03,200.0,20.0
10005500,2022/23,04,30.0,65.0
10005500,2022/23,07,140.0,5.0
10005500,2022/23,10,495.0,105.0
10005500,2022/23,11,1050.0,45.0
10005500,2022/23,13,590.0,50.0
10005500,2022/23,15,610.0,330.0
10005500,2022/23,16,520.0,225.0
10005500,2022/23,17,3015.0,295.0
10005500,2022/23,22,25.0,315.0
10005500,2022/23,23,10.0,1195.0
10005500,2022/23,24,865.0,50.0
10005500,2022/23,25,665.0,15.0
10005500,2023/24,02,2875.0,1555.0
10005500,2023/24,03,290.0,15.0
10005500,2023/24,04,20.0,55.0
10005500,2023/24,07,115.0,5.0
10005500,2023/24,10,460.0,590.0
10005500,2023/24,11,675.0,535.0
10005500,2023/24,13,425.0,55.0
10005500,2023/24,15,540.0,320.0
10005500,2023/24,16,450.0,425.0
10005500,2023/24,17,2175.0,1100.0
10005500,2023/24,22,0.0,295.0
10005500,2023/24,23,5.0,65.0
10005500,2023/24,24,665.0,255.0
10005500,2023/24,25,610.0,20.0
10005500,2024/25,02,2935.0,1250.0
10005500,2024/25,03,290.0,10.0
10005500,2024/25,04,20.0,55.0
10005500,2024/25,07,105.0,15.0
10005500,2024/25,10,450.0,510.0
10005500,2024/25,11,670.0,835.0
10005500,2024/25,13,435.0,30.0
10005500,2024/25,15,525.0,335.0
10005500,2024/25,16,450.0,360.0
10005500,2024/25,17,2085.0,1265.0
10005500,2024/25,22,0.0,155.0
10005500,2024/25,23,0.0,20.0
10005500,2024/25,24,655.0,770.0
10005500,2024/25,25,590.0,25.0
10005523,2014/15,10,30.0,0.0
10005523,2014/15,11,10.0,0.0
10005523,2014/15,25,580.0,165.0
10005523,2015/16,10,30.0,0.0
10005523,2015/16,11,15.0,0.0
10005523,2015/16,25,565.0,150.0
10005523,2016/17,10,30.0,0.0
10005523,2016/17,11,15.0,0.0
10005523,2016/17,25,550.0,135.0
10005523,2017/18,10,35.0,0.0
10005523,2017/18,11,15.0,0.0
10005523,2017/18,25,560.0,130.0
10005523,2018/19,10,20.0,0.0
10005523,2018/19,11,15.0,0.0
10005523,2018/19,25,570.0,135.0
10005523,2019/20,10,15.0,0.0
10005523,2019/20,11,15.0,0.0
10005523,2019/20,25,580.0,125.0
10005523,2020/21,10,15.0,0.0
10005523,2020/21,11,35.0,0.0
10005523,2020/21,17,35.0,0.0
10005523,2020/21,25,610.0,140.0
10005523,2021/22,10,65.0,0.0
10005523,2021/22,11,115.0,0.0
10005523,2021/22,22,0.0,20.0
10005523,2021/22,25,810.0,100.0
10005523,2022/23,10,50.0,0.0
10005523,2022/23,11,100.0,0.0
10005523,2022/23,22,0.0,10.0
10005523,2022/23,25,770.0,100.0
10005523,2023/24,10,40.0,0.0
10005523,2023/24,11,65.0,0.0
10005523,2023/24,22,0.0,5.0
10005523,2023/24,25,740.0,40.0
10005523,2024/25,10,35.0,0.0
10005523,2024/25,11,65.0,0.0
10005523,2024/25,17,10.0,0.0
10005523,2024/25,22,0.0,5.0
10005523,2024/25,25,720.0,30.0
10005544,2014/15,22,50.0,5.0
10005544,2014/15,25,65.0,5.0
10005544,2015/16,22,60.0,5.0
10005544,2015/16,25,55.0,5.0
10005544,2016/17,22,50.0,5.0
10005544,2016/17,25,55.0,5.0
10005544,2017/18,22,55.0,5.0
10005544,2017/18,25,55.0,5.0
10005544,2018/19,22,60.0,10.0
10005544,2018/19,25,60.0,10.0
10005544,2019/20,22,60.0,10.0
10005544,2019/20,25,45.0,10.0
10005544,2020/21,22,65.0,10.0
10005544,2020/21,25,45.0,10.0
10005544,2021/22,22,60.0,15.0
10005544,2021/22,25,40.0,15.0
10005544,2022/23,22,50.0,50.0
10005544,2022/23,25,90.0,50.0
10005544,2023/24,22,50.0,45.0
10005544,2023/24,25,70.0,45.0
10005544,2024/25,22,35.0,45.0
10005544,2024/25,25,75.0,45.0
10005545,2014/15,06,580.0,35.0
10005545,2014/15,13,305.0,10.0
10005545,2014/15,17,240.0,10.0
10005545,2015/16,06,605.0,30.0
10005545,2015/16,13,315.0,10.0
10005545,2015/16,17,235.0,5.0
10005545,2016/17,06,730.0,35.0
10005545,2016/17,13,295.0,5.0
10005545,2016/17,17,205.0,0.0
10005545,2016/17,20,10.0,0.0
10005545,2017/18,06,820.0,35.0
10005545,2017/18,13,115.0,5.0
10005545,2017/18,17,205.0,0.0
10005545,2017/18,20,5.0,0.0
10005545,2018/19,06,810.0,35.0
10005545,2018/19,13,120.0,5.0
10005545,2018/19,17,175.0,0.0
10005545,2019/20,03,75.0,0.0
10005545,2019/20,06,600.0,35.0
10005545,2019/20,17,380.0,15.0
10005545,2019/20,23,15.0,0.0
10005545,2020/21,03,75.0,5.0
10005545,2020/21,06,640.0,60.0
10005545,2020/21,13,5.0,5.0
10005545,2020/21,17,355.0,15.0
10005545,2020/21,20,5.0,0.0
10005545,2020/21,23,10.0,0.0
10005545,2021/22,03,85.0,10.0
10005545,2021/22,06,635.0,100.0
10005545,2021/22,13,5.0,5.0
10005545,2021/22,17,370.0,15.0
10005545,2021/22,20,5.0,0.0
10005545,2021/22,23,10.0,0.0
10005545,2022/23,03,55.0,5.0
10005545,2022/23,06,605.0,65.0
10005545,2022/23,13,0.0,5.0
10005545,2022/23,17,325.0,15.0
10005545,2022/23,23,15.0,0.0
10005545,2023/24,03,35.0,5.0
10005545,2023/24,06,560.0,50.0
10005545,2023/24,13,0.0,5.0
10005545,2023/24,17,335.0,10.0
10005545,2023/24,20,5.0,0.0
10005545,2024/25,03,35.0,5.0
10005545,2024/25,06,465.0,55.0
10005545,2024/25,13,0.0,10.0
10005545,2024/25,17,330.0,10.0
10005545,2024/25,20,0.0,10.0
10005553,2014/15,02,45.0,30.0
10005553,2014/15,03,520.0,25.0
10005553,2014/15,04,680.0,10.0
10005553,2014/15,07,250.0,10.0
10005553,2014/15,09,240.0,35.0
10005553,2014/15,11,430.0,120.0
10005553,2014/15,15,1320.0,400.0
10005553,2014/15,17,1690.0,60.0
10005553,2014/15,19,1080.0,65.0
10005553,2014/15,20,940.0,75.0
10005553,2014/15,22,0.0,195.0
10005553,2014/15,23,20.0,0.0
10005553,2014/15,24,170.0,5.0
10005553,2014/15,25,660.0,65.0
10005553,2014/15,26,740.0,30.0
10005553,2015/16,02,50.0,20.0
10005553,2015/16,03,535.0,25.0
10005553,2015/16,04,710.0,10.0
10005553,2015/16,07,210.0,15.0
10005553,2015/16,09,220.0,30.0
10005553,2015/16,11,470.0,160.0
10005553,2015/16,15,1390.0,430.0
10005553,2015/16,16,60.0,0.0
10005553,2015/16,17,1600.0,45.0
10005553,2015/16,19,1015.0,60.0
10005553,2015/16,20,1005.0,75.0
10005553,2015/16,22,0.0,125.0
10005553,2015/16,23,45.0,0.0
10005553,2015/16,24,185.0,5.0
10005553,2015/16,25,650.0,65.0
10005553,2015/16,26,735.0,35.0
10005553,2016/17,02,110.0,25.0
10005553,2016/17,03,570.0,20.0
10005553,2016/17,04,775.0,25.0
10005553,2016/17,07,215.0,5.0
10005553,2016/17,09,235.0,20.0
10005553,2016/17,11,545.0,185.0
10005553,2016/17,15,1490.0,345.0
10005553,2016/17,16,140.0,0.0
10005553,2016/17,17,1580.0,50.0
10005553,2016/17,19,885.0,35.0
10005553,2016/17,20,1060.0,70.0
10005553,2016/17,22,0.0,145.0
10005553,2016/17,23,60.0,0.0
10005553,2016/17,24,210.0,10.0
10005553,2016/17,25,680.0,55.0
10005553,2016/17,26,755.0,25.0
10005553,2017/18,02,95.0,60.0
10005553,2017/18,03,595.0,30.0
10005553,2017/18,04,805.0,25.0
10005553,2017/18,07,185.0,10.0
10005553,2017/18,09,225.0,10.0
10005553,2017/18,10,40.0,0.0
10005553,2017/18,11,600.0,210.0
10005553,2017/18,15,1495.0,355.0
10005553,2017/18,16,240.0,5.0
10005553,2017/18,17,1675.0,35.0
10005553,2017/18,19,830.0,35.0
10005553,2017/18,20,980.0,60.0
10005553,2017/18,22,0.0,175.0
10005553,2017/18,23,90.0,0.0
10005553,2017/18,24,195.0,5.0
10005553,2017/18,25,675.0,35.0
10005553,2017/18,26,760.0,25.0
10005553,2018/19,02,105.0,45.0
10005553,2018/19,03,610.0,35.0
10005553,2018/19,04,835.0,25.0
10005553,2018/19,07,215.0,5.0
10005553,2018/19,09,245.0,20.0
10005553,2018/19,10,80.0,0.0
10005553,2018/19,11,800.0,190.0
10005553,2018/19,15,1475.0,225.0
10005553,2018/19,16,320.0,10.0
10005553,2018/19,17,1965.0,30.0
10005553,2018/19,19,820.0,65.0
10005553,2018/19,20,920.0,55.0
10005553,2018/19,22,0.0,175.0
10005553,2018/19,23,100.0,0.0
10005553,2018/19,24,225.0,5.0
10005553,2018/19,25,675.0,35.0
10005553,2018/19,26,715.0,20.0
10005553,2019/20,02,125.0,30.0
10005553,2019/20,03,590.0,35.0
10005553,2019/20,04,910.0,25.0
10005553,2019/20,07,235.0,5.0
10005553,2019/20,09,225.0,20.0
10005553,2019/20,10,95.0,5.0
10005553,2019/20,11,990.0,185.0
10005553,2019/20,15,1535.0,265.0
10005553,2019/20,16,475.0,10.0
10005553,2019/20,17,2095.0,45.0
10005553,2019/20,19,805.0,70.0
10005553,2019/20,20,875.0,60.0
10005553,2019/20,22,0.0,180.0
10005553,2019/20,23,85.0,0.0
10005553,2019/20,24,210.0,10.0
10005553,2019/20,25,645.0,25.0
10005553,2019/20,26,635.0,25.0
10005553,2020/21,02,125.0,30.0
10005553,2020/21,03,590.0,15.0
10005553,2020/21,04,990.0,25.0
10005553,2020/21,07,260.0,0.0
10005553,2020/21,09,225.0,0.0
10005553,2020/21,10,105.0,5.0
10005553,2020/21,11,1290.0,125.0
10005553,2020/21,15,1765.0,290.0
10005553,2020/21,16,650.0,10.0
10005553,2020/21,17,2230.0,25.0
10005553,2020/21,19,785.0,50.0
10005553,2020/21,20,870.0,70.0
10005553,2020/21,22,0.0,200.0
10005553,2020/21,23,100.0,0.0
10005553,2020/21,24,235.0,10.0
10005553,2020/21,25,635.0,30.0
10005553,2020/21,26,535.0,15.0
10005553,2021/22,02,195.0,35.0
10005553,2021/22,03,520.0,25.0
10005553,2021/22,04,1095.0,35.0
10005553,2021/22,07,250.0,15.0
10005553,2021/22,09,180.0,15.0
10005553,2021/22,10,100.0,5.0
10005553,2021/22,11,1375.0,140.0
10005553,2021/22,15,1800.0,210.0
10005553,2021/22,16,765.0,15.0
10005553,2021/22,17,2305.0,55.0
10005553,2021/22,19,740.0,55.0
10005553,2021/22,20,815.0,85.0
10005553,2021/22,22,0.0,185.0
10005553,2021/22,23,90.0,0.0
10005553,2021/22,24,255.0,10.0
10005553,2021/22,25,605.0,30.0
10005553,2021/22,26,465.0,15.0
10005553,2022/23,02,215.0,50.0
10005553,2022/23,03,555.0,15.0
10005553,2022/23,04,1210.0,40.0
10005553,2022/23,06,5.0,0.0
10005553,2022/23,07,265.0,20.0
10005553,2022/23,09,175.0,10.0
10005553,2022/23,10,130.0,5.0
10005553,2022/23,11,1335.0,105.0
10005553,2022/23,15,1690.0,180.0
10005553,2022/23,16,1030.0,10.0
10005553,2022/23,17,2660.0,80.0
10005553,2022/23,19,700.0,50.0
10005553,2022/23,20,790.0,60.0
10005553,2022/23,22,0.0,155.0
10005553,2022/23,23,100.0,5.0
10005553,2022/23,24,265.0,10.0
10005553,2022/23,25,630.0,30.0
10005553,2022/23,26,415.0,20.0
10005553,2023/24,02,250.0,80.0
10005553,2023/24,03,595.0,15.0
10005553,2023/24,04,1235.0,20.0
10005553,2023/24,06,5.0,0.0
10005553,2023/24,07,230.0,15.0
10005553,2023/24,09,165.0,5.0
10005553,2023/24,10,130.0,10.0
10005553,2023/24,11,1470.0,95.0
10005553,2023/24,15,1650.0,190.0
10005553,2023/24,16,1070.0,30.0
10005553,2023/24,17,2335.0,45.0
10005553,2023/24,19,740.0,45.0
10005553,2023/24,20,860.0,55.0
10005553,2023/24,22,0.0,105.0
10005553,2023/24,23,100.0,0.0
10005553,2023/24,24,275.0,10.0
10005553,2023/24,25,700.0,30.0
10005553,2023/24,26,390.0,20.0
10005553,2024/25,02,185.0,10.0
10005553,2024/25,03,680.0,20.0
10005553,2024/25,04,1305.0,25.0
10005553,2024/25,06,5.0,0.0
10005553,2024/25,07,235.0,15.0
10005553,2024/25,09,170.0,10.0
10005553,2024/25,10,145.0,5.0
10005553,2024/25,11,1550.0,85.0
10005553,2024/25,15,1555.0,200.0
10005553,2024/25,16,1360.0,25.0
10005553,2024/25,17,2220.0,40.0
10005553,2024/25,19,710.0,50.0
10005553,2024/25,20,855.0,65.0
10005553,2024/25,22,0.0,95.0
10005553,2024/25,23,90.0,0.0
10005553,2024/25,24,270.0,10.0
10005553,2024/25,25,705.0,35.0
10005553,2024/25,26,365.0,20.0
10005561,2014/15,22,95.0,0.0
10005561,2014/15,25,870.0,25.0
10005561,2015/16,22,110.0,25.0
10005561,2015/16,25,915.0,35.0
10005561,2016/17,22,95.0,75.0
10005561,2016/17,25,950.0,35.0
10005561,2017/18,22,110.0,75.0
10005561,2017/18,25,1000.0,25.0
10005561,2018/19,22,110.0,105.0
10005561,2018/19,25,1030.0,30.0
10005561,2019/20,22,120.0,80.0
10005561,2019/20,25,995.0,30.0
10005561,2020/21,22,130.0,95.0
10005561,2020/21,25,1080.0,30.0
10005561,2021/22,22,115.0,85.0
10005561,2021/22,25,1015.0,30.0
10005561,2022/23,22,65.0,95.0
10005561,2022/23,25,1065.0,35.0
10005561,2023/24,22,50.0,100.0
10005561,2023/24,25,1035.0,40.0
10005561,2024/25,22,50.0,75.0
10005561,2024/25,25,1065.0,45.0
10005700,2014/15,03,265.0,30.0
10005700,2014/15,05,50.0,0.0
10005700,2014/15,06,470.0,75.0
10005700,2014/15,13,25.0,5.0
10005700,2014/15,17,320.0,105.0
10005700,2014/15,26,225.0,50.0
10005700,2015/16,03,270.0,35.0
10005700,2015/16,05,55.0,0.0
10005700,2015/16,06,460.0,65.0
10005700,2015/16,13,20.0,10.0
10005700,2015/16,17,320.0,75.0
10005700,2015/16,26,220.0,50.0
10005700,2016/17,03,245.0,30.0
10005700,2016/17,05,50.0,0.0
10005700,2016/17,06,535.0,130.0
10005700,2016/17,13,30.0,10.0
10005700,2016/17,17,205.0,90.0
10005700,2016/17,22,0.0,10.0
10005700,2016/17,26,230.0,60.0
10005700,2017/18,03,250.0,35.0
10005700,2017/18,05,65.0,0.0
10005700,2017/18,06,490.0,215.0
10005700,2017/18,13,25.0,10.0
10005700,2017/18,17,200.0,160.0
10005700,2017/18,22,0.0,20.0
10005700,2017/18,26,195.0,70.0
10005700,2018/19,03,265.0,60.0
10005700,2018/19,05,65.0,0.0
10005700,2018/19,06,505.0,205.0
10005700,2018/19,13,20.0,5.0
10005700,2018/19,17,200.0,130.0
10005700,2018/19,22,0.0,20.0
10005700,2018/19,26,180.0,110.0
10005700,2019/20,05,60.0,5.0
10005700,2019/20,06,900.0,205.0
10005700,2019/20,07,50.0,10.0
10005700,2019/20,17,40.0,125.0
10005700,2019/20,22,0.0,30.0
10005700,2019/20,26,95.0,45.0
10005700,2020/21,05,95.0,0.0
10005700,2020/21,06,1095.0,215.0
10005700,2020/21,07,25.0,0.0
10005700,2020/21,17,45.0,130.0
10005700,2020/21,22,0.0,35.0
10005700,2020/21,26,95.0,45.0
10005700,2021/22,05,115.0,15.0
10005700,2021/22,06,1060.0,225.0
10005700,2021/22,17,25.0,100.0
10005700,2021/22,22,0.0,25.0
10005700,2021/22,26,70.0,60.0
10005700,2022/23,05,130.0,20.0
10005700,2022/23,06,1000.0,275.0
10005700,2022/23,17,20.0,105.0
10005700,2022/23,22,0.0,40.0
10005700,2022/23,26,45.0,90.0
10005700,2023/24,05,130.0,20.0
10005700,2023/24,06,905.0,275.0
10005700,2023/24,17,20.0,65.0
10005700,2023/24,22,10.0,45.0
10005700,2023/24,26,195.0,135.0
10005700,2024/25,05,180.0,20.0
10005700,2024/25,06,875.0,260.0
10005700,2024/25,17,15.0,90.0
10005700,2024/25,22,20.0,70.0
10005700,2024/25,26,170.0,120.0
10005790,2014/15,02,3405.0,1555.0
10005790,2014/15,03,2105.0,185.0
10005790,2014/15,04,930.0,70.0
10005790,2014/15,06,325.0,20.0
10005790,2014/15,07,285.0,25.0
10005790,2014/15,09,400.0,55.0
10005790,2014/15,10,1475.0,785.0
10005790,2014/15,11,1745.0,160.0
10005790,2014/15,13,660.0,400.0
10005790,2014/15,15,1765.0,525.0
10005790,2014/15,16,595.0,40.0
10005790,2014/15,17,5070.0,1830.0
10005790,2014/15,19,775.0,180.0
10005790,2014/15,20,345.0,35.0
10005790,2014/15,22,1850.0,795.0
10005790,2014/15,23,0.0,195.0
10005790,2014/15,24,860.0,75.0
10005790,2014/15,25,1470.0,60.0
10005790,2014/15,26,460.0,5.0
10005790,2015/16,01,0.0,100.0
10005790,2015/16,02,3625.0,1610.0
10005790,2015/16,03,2440.0,180.0
10005790,2015/16,04,1005.0,60.0
10005790,2015/16,06,335.0,20.0
10005790,2015/16,07,305.0,15.0
10005790,2015/16,09,435.0,15.0
10005790,2015/16,10,1355.0,810.0
10005790,2015/16,11,1660.0,155.0
10005790,2015/16,13,675.0,450.0
10005790,2015/16,15,1690.0,380.0
10005790,2015/16,16,615.0,45.0
10005790,2015/16,17,4960.0,1600.0
10005790,2015/16,19,765.0,190.0
10005790,2015/16,20,335.0,15.0
10005790,2015/16,22,2060.0,485.0
10005790,2015/16,23,0.0,125.0
10005790,2015/16,24,830.0,40.0
10005790,2015/16,25,1520.0,75.0
10005790,2015/16,26,490.0,15.0
10005790,2016/17,01,0.0,65.0
10005790,2016/17,02,3760.0,1600.0
10005790,2016/17,03,2525.0,225.0
10005790,2016/17,04,1050.0,90.0
10005790,2016/17,06,230.0,15.0
10005790,2016/17,07,315.0,15.0
10005790,2016/17,09,440.0,15.0
10005790,2016/17,10,1320.0,705.0
10005790,2016/17,11,1720.0,135.0
10005790,2016/17,13,730.0,490.0
10005790,2016/17,15,1815.0,290.0
10005790,2016/17,16,620.0,45.0
10005790,2016/17,17,4690.0,980.0
10005790,2016/17,19,745.0,215.0
10005790,2016/17,20,320.0,15.0
10005790,2016/17,22,2035.0,375.0
10005790,2016/17,23,5.0,125.0
10005790,2016/17,24,860.0,35.0
10005790,2016/17,25,1670.0,75.0
10005790,2016/17,26,450.0,15.0
10005790,2017/18,01,0.0,90.0
10005790,2017/18,02,3790.0,1655.0
10005790,2017/18,03,2430.0,220.0
10005790,2017/18,04,1085.0,115.0
10005790,2017/18,06,185.0,10.0
10005790,2017/18,07,305.0,15.0
10005790,2017/18,09,405.0,20.0
10005790,2017/18,10,1270.0,600.0
10005790,2017/18,11,1645.0,215.0
10005790,2017/18,13,770.0,555.0
10005790,2017/18,15,2010.0,230.0
10005790,2017/18,16,680.0,35.0
10005790,2017/18,17,4575.0,850.0
10005790,2017/18,19,700.0,205.0
10005790,2017/18,20,285.0,15.0
10005790,2017/18,22,2005.0,395.0
10005790,2017/18,23,20.0,130.0
10005790,2017/18,24,895.0,40.0
10005790,2017/18,25,1750.0,70.0
10005790,2017/18,26,455.0,15.0
10005790,2018/19,02,3805.0,1845.0
10005790,2018/19,03,2380.0,255.0
10005790,2018/19,04,1190.0,105.0
10005790,2018/19,06,155.0,35.0
10005790,2018/19,07,280.0,10.0
10005790,2018/19,09,340.0,20.0
10005790,2018/19,10,1190.0,645.0
10005790,2018/19,11,1610.0,295.0
10005790,2018/19,13,720.0,600.0
10005790,2018/19,15,2130.0,200.0
10005790,2018/19,16,740.0,20.0
10005790,2018/19,17,4290.0,890.0
10005790,2018/19,19,665.0,190.0
10005790,2018/19,20,250.0,15.0
10005790,2018/19,22,2015.0,350.0
10005790,2018/19,23,20.0,105.0
10005790,2018/19,24,935.0,40.0
10005790,2018/19,25,1910.0,65.0
10005790,2018/19,26,405.0,10.0
10005790,2019/20,02,4360.0,2040.0
10005790,2019/20,03,1520.0,170.0
10005790,2019/20,04,1230.0,105.0
10005790,2019/20,06,90.0,25.0
10005790,2019/20,07,240.0,15.0
10005790,2019/20,09,270.0,15.0
10005790,2019/20,10,1360.0,665.0
10005790,2019/20,11,1725.0,305.0
10005790,2019/20,13,715.0,625.0
10005790,2019/20,15,2830.0,265.0
10005790,2019/20,16,775.0,35.0
10005790,2019/20,17,4195.0,885.0
10005790,2019/20,19,540.0,140.0
10005790,2019/20,20,230.0,10.0
10005790,2019/20,22,1735.0,480.0
10005790,2019/20,23,0.0,5.0
10005790,2019/20,24,715.0,45.0
10005790,2019/20,25,2055.0,75.0
10005790,2019/20,26,460.0,15.0
10005790,2020/21,02,4860.0,2945.0
10005790,2020/21,03,1515.0,195.0
10005790,2020/21,04,1385.0,85.0
10005790,2020/21,06,105.0,25.0
10005790,2020/21,07,230.0,5.0
10005790,2020/21,09,235.0,10.0
10005790,2020/21,10,1595.0,530.0
10005790,2020/21,11,1880.0,340.0
10005790,2020/21,13,770.0,525.0
10005790,2020/21,15,2975.0,280.0
10005790,2020/21,16,875.0,310.0
10005790,2020/21,17,4355.0,915.0
10005790,2020/21,19,485.0,25.0
10005790,2020/21,20,200.0,5.0
10005790,2020/21,22,1885.0,445.0
10005790,2020/21,23,0.0,5.0
10005790,2020/21,24,705.0,35.0
10005790,2020/21,25,1965.0,55.0
10005790,2020/21,26,505.0,15.0
10005790,2021/22,02,4975.0,3115.0
10005790,2021/22,03,1355.0,160.0
10005790,2021/22,04,1405.0,90.0
10005790,2021/22,06,215.0,35.0
10005790,2021/22,07,190.0,5.0
10005790,2021/22,09,235.0,10.0
10005790,2021/22,10,1845.0,540.0
10005790,2021/22,11,1930.0,295.0
10005790,2021/22,13,725.0,565.0
10005790,2021/22,15,2690.0,730.0
10005790,2021/22,16,935.0,485.0
10005790,2021/22,17,4990.0,915.0
10005790,2021/22,19,395.0,40.0
10005790,2021/22,20,170.0,10.0
10005790,2021/22,22,1820.0,470.0
10005790,2021/22,23,0.0,10.0
10005790,2021/22,24,790.0,25.0
10005790,2021/22,25,1830.0,85.0
10005790,2021/22,26,445.0,15.0
10005790,2022/23,02,5175.0,3475.0
10005790,2022/23,03,1250.0,100.0
10005790,2022/23,04,1310.0,115.0
10005790,2022/23,06,215.0,30.0
10005790,2022/23,07,160.0,10.0
10005790,2022/23,09,255.0,5.0
10005790,2022/23,10,1995.0,610.0
10005790,2022/23,11,2090.0,260.0
10005790,2022/23,13,640.0,580.0
10005790,2022/23,15,2790.0,610.0
10005790,2022/23,16,950.0,595.0
10005790,2022/23,17,5305.0,980.0
10005790,2022/23,19,390.0,35.0
10005790,2022/23,20,170.0,5.0
10005790,2022/23,22,1615.0,415.0
10005790,2022/23,23,5.0,15.0
10005790,2022/23,24,820.0,45.0
10005790,2022/23,25,1795.0,100.0
10005790,2022/23,26,415.0,15.0
10005790,2023/24,02,5035.0,3530.0
10005790,2023/24,03,1125.0,100.0
10005790,2023/24,04,1275.0,95.0
10005790,2023/24,06,185.0,45.0
10005790,2023/24,07,190.0,5.0
10005790,2023/24,09,160.0,5.0
10005790,2023/24,10,1440.0,600.0
10005790,2023/24,11,1925.0,310.0
10005790,2023/24,13,640.0,580.0
10005790,2023/24,15,2465.0,440.0
10005790,2023/24,16,885.0,555.0
10005790,2023/24,17,4330.0,910.0
10005790,2023/24,19,330.0,35.0
10005790,2023/24,20,195.0,5.0
10005790,2023/24,22,1450.0,380.0
10005790,2023/24,23,5.0,20.0
10005790,2023/24,24,720.0,55.0
10005790,2023/24,25,1755.0,105.0
10005790,2023/24,26,355.0,10.0
10005790,2024/25,02,4910.0,3480.0
10005790,2024/25,03,1030.0,75.0
10005790,2024/25,04,1235.0,65.0
10005790,2024/25,06,225.0,45.0
10005790,2024/25,07,185.0,20.0
10005790,2024/25,09,205.0,0.0
10005790,2024/25,10,1340.0,565.0
10005790,2024/25,11,2125.0,415.0
10005790,2024/25,13,620.0,620.0
10005790,2024/25,15,2245.0,600.0
10005790,2024/25,16,915.0,375.0
10005790,2024/25,17,3850.0,795.0
10005790,2024/25,19,280.0,20.0
10005790,2024/25,20,210.0,10.0
10005790,2024/25,22,1360.0,270.0
10005790,2024/25,23,5.0,10.0
10005790,2024/25,24,605.0,40.0
10005790,2024/25,25,1595.0,100.0
10005790,2024/25,26,310.0,5.0
10005916,2014/15,25,75.0,0.0
10005916,2015/16,25,85.0,0.0
10005916,2016/17,25,85.0,0.0
10005916,2017/18,25,85.0,0.0
10005916,2018/19,25,85.0,0.0
10006022,2014/15,02,100.0,20.0
10006022,2014/15,03,755.0,35.0
10006022,2014/15,04,270.0,15.0
10006022,2014/15,10,1325.0,420.0
10006022,2014/15,11,760.0,20.0
10006022,2014/15,13,160.0,160.0
10006022,2014/15,15,355.0,70.0
10006022,2014/15,16,205.0,5.0
10006022,2014/15,17,2305.0,465.0
10006022,2014/15,19,125.0,70.0
10006022,2014/15,22,0.0,60.0
10006022,2014/15,23,0.0,10.0
10006022,2014/15,24,1440.0,25.0
10006022,2014/15,25,1995.0,45.0
10006022,2014/15,26,80.0,0.0
10006022,2015/16,02,85.0,50.0
10006022,2015/16,03,900.0,50.0
10006022,2015/16,04,260.0,5.0
10006022,2015/16,10,1000.0,665.0
10006022,2015/16,11,790.0,10.0
10006022,2015/16,13,155.0,190.0
10006022,2015/16,15,435.0,20.0
10006022,2015/16,16,230.0,5.0
10006022,2015/16,17,2095.0,460.0
10006022,2015/16,19,135.0,105.0
10006022,2015/16,22,0.0,70.0
10006022,2015/16,23,0.0,20.0
10006022,2015/16,24,1460.0,25.0
10006022,2015/16,25,1960.0,50.0
10006022,2015/16,26,65.0,0.0
10006022,2016/17,02,200.0,0.0
10006022,2016/17,03,915.0,30.0
10006022,2016/17,04,240.0,0.0
10006022,2016/17,10,1125.0,300.0
10006022,2016/17,11,810.0,20.0
10006022,2016/17,13,130.0,200.0
10006022,2016/17,15,435.0,15.0
10006022,2016/17,16,215.0,5.0
10006022,2016/17,17,2015.0,445.0
10006022,2016/17,19,125.0,215.0
10006022,2016/17,22,0.0,70.0
10006022,2016/17,23,0.0,15.0
10006022,2016/17,24,1435.0,45.0
10006022,2016/17,25,1980.0,45.0
10006022,2016/17,26,35.0,0.0
10006022,2017/18,02,250.0,0.0
10006022,2017/18,03,915.0,15.0
10006022,2017/18,04,255.0,0.0
10006022,2017/18,10,945.0,250.0
10006022,2017/18,11,800.0,15.0
10006022,2017/18,13,120.0,225.0
10006022,2017/18,15,425.0,10.0
10006022,2017/18,16,185.0,5.0
10006022,2017/18,17,1860.0,435.0
10006022,2017/18,19,100.0,200.0
10006022,2017/18,22,0.0,50.0
10006022,2017/18,24,1335.0,60.0
10006022,2017/18,25,2040.0,55.0
10006022,2017/18,26,20.0,0.0
10006022,2018/19,02,280.0,0.0
10006022,2018/19,03,980.0,20.0
10006022,2018/19,04,280.0,5.0
10006022,2018/19,10,910.0,165.0
10006022,2018/19,11,710.0,25.0
10006022,2018/19,13,115.0,250.0
10006022,2018/19,15,390.0,15.0
10006022,2018/19,16,185.0,5.0
10006022,2018/19,17,1615.0,285.0
10006022,2018/19,19,85.0,60.0
10006022,2018/19,22,0.0,40.0
10006022,2018/19,24,1245.0,80.0
10006022,2018/19,25,2105.0,60.0
10006022,2019/20,02,375.0,5.0
10006022,2019/20,03,1105.0,40.0
10006022,2019/20,04,300.0,15.0
10006022,2019/20,07,40.0,5.0
10006022,2019/20,10,850.0,165.0
10006022,2019/20,11,750.0,55.0
10006022,2019/20,13,165.0,245.0
10006022,2019/20,15,475.0,35.0
10006022,2019/20,16,180.0,5.0
10006022,2019/20,17,1920.0,395.0
10006022,2019/20,19,80.0,5.0
10006022,2019/20,22,0.0,30.0
10006022,2019/20,23,5.0,0.0
10006022,2019/20,24,625.0,65.0
10006022,2019/20,25,2480.0,95.0
10006022,2020/21,02,470.0,10.0
10006022,2020/21,03,1035.0,15.0
10006022,2020/21,04,360.0,0.0
10006022,2020/21,07,45.0,5.0
10006022,2020/21,10,930.0,225.0
10006022,2020/21,11,915.0,20.0
10006022,2020/21,13,225.0,175.0
10006022,2020/21,15,540.0,25.0
10006022,2020/21,16,190.0,0.0
10006022,2020/21,17,2710.0,310.0
10006022,2020/21,19,45.0,0.0
10006022,2020/21,22,15.0,25.0
10006022,2020/21,24,575.0,55.0
10006022,2020/21,25,2380.0,50.0
10006022,2021/22,02,475.0,25.0
10006022,2021/22,03,875.0,40.0
10006022,2021/22,04,325.0,15.0
10006022,2021/22,07,20.0,0.0
10006022,2021/22,10,835.0,185.0
10006022,2021/22,11,850.0,70.0
10006022,2021/22,13,195.0,150.0
10006022,2021/22,15,480.0,55.0
10006022,2021/22,16,180.0,15.0
10006022,2021/22,17,2190.0,390.0
10006022,2021/22,19,35.0,0.0
10006022,2021/22,22,5.0,25.0
10006022,2021/22,23,0.0,10.0
10006022,2021/22,24,460.0,75.0
10006022,2021/22,25,1960.0,110.0
10006022,2022/23,02,575.0,10.0
10006022,2022/23,03,905.0,10.0
10006022,2022/23,04,265.0,0.0
10006022,2022/23,07,10.0,0.0
10006022,2022/23,10,940.0,90.0
10006022,2022/23,11,1050.0,10.0
10006022,2022/23,13,160.0,120.0
10006022,2022/23,15,405.0,5.0
10006022,2022/23,16,180.0,0.0
10006022,2022/23,17,2175.0,115.0
10006022,2022/23,19,15.0,0.0
10006022,2022/23,22,0.0,25.0
10006022,2022/23,23,15.0,85.0
10006022,2022/23,24,420.0,55.0
10006022,2022/23,25,1685.0,30.0
10006022,2023/24,02,660.0,65.0
10006022,2023/24,03,785.0,35.0
10006022,2023/24,04,305.0,15.0
10006022,2023/24,07,5.0,0.0
10006022,2023/24,10,1185.0,110.0
10006022,2023/24,11,1165.0,110.0
10006022,2023/24,13,145.0,130.0
10006022,2023/24,15,440.0,30.0
10006022,2023/24,16,185.0,15.0
10006022,2023/24,17,1860.0,235.0
10006022,2023/24,19,10.0,0.0
10006022,2023/24,20,0.0,5.0
10006022,2023/24,22,15.0,70.0
10006022,2023/24,23,5.0,10.0
10006022,2023/24,24,410.0,65.0
10006022,2023/24,25,1440.0,70.0
10006022,2024/25,02,480.0,80.0
10006022,2024/25,03,685.0,25.0
10006022,2024/25,04,350.0,15.0
10006022,2024/25,10,1145.0,130.0
10006022,2024/25,11,1245.0,100.0
10006022,2024/25,13,125.0,105.0
10006022,2024/25,15,425.0,50.0
10006022,2024/25,16,190.0,10.0
10006022,2024/25,17,1550.0,155.0
10006022,2024/25,20,0.0,5.0
10006022,2024/25,22,35.0,35.0
10006022,2024/25,23,5.0,35.0
10006022,2024/25,24,320.0,70.0
10006022,2024/25,25,1090.0,60.0
10006093,2015/16,02,0.0,20.0
10006093,2015/16,20,65.0,75.0
10006093,2016/17,02,0.0,20.0
10006093,2016/17,20,70.0,115.0
10006093,2017/18,02,0.0,20.0
10006093,2017/18,20,80.0,225.0
10006093,2018/19,02,0.0,15.0
10006093,2018/19,20,70.0,290.0
10006093,2019/20,02,0.0,10.0
10006093,2019/20,20,45.0,235.0
10006093,2020/21,02,0.0,25.0
10006093,2020/21,20,50.0,250.0
10006093,2021/22,02,0.0,35.0
10006093,2021/22,20,50.0,190.0
10006093,2022/23,02,0.0,20.0
10006093,2022/23,20,35.0,160.0
10006093,2023/24,02,0.0,25.0
10006093,2023/24,20,30.0,160.0
10006243,2014/15,11,360.0,0.0
10006243,2014/15,15,2235.0,0.0
10006243,2014/15,16,195.0,0.0
10006243,2014/15,17,975.0,0.0
10006243,2014/15,25,10.0,0.0
10006243,2015/16,11,175.0,0.0
10006243,2015/16,15,565.0,0.0
10006243,2015/16,16,45.0,0.0
10006243,2015/16,17,740.0,0.0
10006243,2015/16,25,55.0,0.0
10006243,2016/17,10,70.0,0.0
10006243,2016/17,11,155.0,0.0
10006243,2016/17,15,805.0,0.0
10006243,2016/17,16,10.0,0.0
10006243,2016/17,17,805.0,0.0
10006243,2016/17,25,25.0,0.0
10006243,2017/18,10,105.0,0.0
10006243,2017/18,11,280.0,0.0
10006243,2017/18,15,1335.0,0.0
10006243,2017/18,17,1340.0,0.0
10006243,2018/19,10,30.0,0.0
10006243,2018/19,11,75.0,0.0
10006243,2018/19,15,1020.0,0.0
10006243,2018/19,17,1725.0,0.0
10006243,2019/20,15,710.0,0.0
10006243,2019/20,17,515.0,0.0
10006243,2020/21,15,170.0,0.0
10006243,2020/21,17,110.0,0.0
10006243,2021/22,15,45.0,0.0
10006243,2021/22,17,35.0,0.0
10006299,2014/15,02,880.0,1565.0
10006299,2014/15,03,945.0,75.0
10006299,2014/15,04,610.0,150.0
10006299,2014/15,06,70.0,30.0
10006299,2014/15,07,320.0,45.0
10006299,2014/15,09,25.0,0.0
10006299,2014/15,10,995.0,615.0
10006299,2014/15,11,1825.0,1005.0
10006299,2014/15,13,0.0,25.0
10006299,2014/15,15,575.0,1025.0
10006299,2014/15,16,640.0,305.0
10006299,2014/15,17,860.0,840.0
10006299,2014/15,19,165.0,10.0
10006299,2014/15,20,120.0,35.0
10006299,2014/15,22,345.0,1075.0
10006299,2014/15,23,0.0,55.0
10006299,2014/15,24,485.0,120.0
10006299,2014/15,25,1220.0,565.0
10006299,2014/15,26,85.0,30.0
10006299,2015/16,02,935.0,1450.0
10006299,2015/16,03,830.0,95.0
10006299,2015/16,04,595.0,70.0
10006299,2015/16,06,75.0,15.0
10006299,2015/16,07,345.0,25.0
10006299,2015/16,09,25.0,0.0
10006299,2015/16,10,830.0,600.0
10006299,2015/16,11,1610.0,905.0
10006299,2015/16,13,0.0,10.0
10006299,2015/16,15,515.0,895.0
10006299,2015/16,16,495.0,135.0
10006299,2015/16,17,660.0,680.0
10006299,2015/16,19,120.0,5.0
10006299,2015/16,20,80.0,40.0
10006299,2015/16,22,380.0,1020.0
10006299,2015/16,23,0.0,5.0
10006299,2015/16,24,530.0,80.0
10006299,2015/16,25,1275.0,430.0
10006299,2015/16,26,80.0,20.0
10006299,2016/17,02,1060.0,1135.0
10006299,2016/17,03,750.0,95.0
10006299,2016/17,04,545.0,85.0
10006299,2016/17,06,75.0,15.0
10006299,2016/17,07,310.0,25.0
10006299,2016/17,09,15.0,0.0
10006299,2016/17,10,710.0,805.0
10006299,2016/17,11,1515.0,795.0
10006299,2016/17,15,440.0,875.0
10006299,2016/17,16,445.0,130.0
10006299,2016/17,17,560.0,580.0
10006299,2016/17,19,100.0,5.0
10006299,2016/17,20,75.0,45.0
10006299,2016/17,22,370.0,870.0
10006299,2016/17,24,510.0,70.0
10006299,2016/17,25,1405.0,410.0
10006299,2016/17,26,55.0,15.0
10006299,2017/18,02,1170.0,985.0
10006299,2017/18,03,660.0,125.0
10006299,2017/18,04,600.0,95.0
10006299,2017/18,06,60.0,0.0
10006299,2017/18,07,340.0,20.0
10006299,2017/18,09,10.0,0.0
10006299,2017/18,10,600.0,870.0
10006299,2017/18,11,1715.0,545.0
10006299,2017/18,15,425.0,730.0
10006299,2017/18,16,390.0,115.0
10006299,2017/18,17,550.0,520.0
10006299,2017/18,19,90.0,5.0
10006299,2017/18,20,60.0,35.0
10006299,2017/18,22,315.0,825.0
10006299,2017/18,23,0.0,5.0
10006299,2017/18,24,515.0,45.0
10006299,2017/18,25,1470.0,385.0
10006299,2017/18,26,60.0,5.0
10006299,2018/19,02,1135.0,1410.0
10006299,2018/19,03,615.0,175.0
10006299,2018/19,04,545.0,75.0
10006299,2018/19,06,50.0,5.0
10006299,2018/19,07,350.0,55.0
10006299,2018/19,10,470.0,1010.0
10006299,2018/19,11,1915.0,540.0
10006299,2018/19,15,450.0,820.0
10006299,2018/19,16,385.0,115.0
10006299,2018/19,17,700.0,440.0
10006299,2018/19,19,95.0,5.0
10006299,2018/19,20,50.0,35.0
10006299,2018/19,22,450.0,700.0
10006299,2018/19,23,0.0,5.0
10006299,2018/19,24,425.0,70.0
10006299,2018/19,25,1435.0,260.0
10006299,2018/19,26,50.0,10.0
10006299,2019/20,01,0.0,20.0
10006299,2019/20,02,1285.0,1035.0
10006299,2019/20,03,515.0,90.0
10006299,2019/20,04,555.0,110.0
10006299,2019/20,06,30.0,0.0
10006299,2019/20,07,345.0,20.0
10006299,2019/20,10,405.0,905.0
10006299,2019/20,11,1860.0,640.0
10006299,2019/20,15,655.0,915.0
10006299,2019/20,16,400.0,940.0
10006299,2019/20,17,820.0,540.0
10006299,2019/20,19,80.0,5.0
10006299,2019/20,20,50.0,40.0
10006299,2019/20,22,390.0,610.0
10006299,2019/20,23,5.0,35.0
10006299,2019/20,24,190.0,5.0
10006299,2019/20,25,1910.0,210.0
10006299,2019/20,26,45.0,5.0
10006299,2020/21,01,0.0,50.0
10006299,2020/21,02,1700.0,1160.0
10006299,2020/21,03,435.0,90.0
10006299,2020/21,04,630.0,140.0
10006299,2020/21,06,20.0,0.0
10006299,2020/21,07,340.0,60.0
10006299,2020/21,10,430.0,930.0
10006299,2020/21,11,1885.0,680.0
10006299,2020/21,15,580.0,725.0
10006299,2020/21,16,375.0,2045.0
10006299,2020/21,17,985.0,575.0
10006299,2020/21,19,85.0,0.0
10006299,2020/21,20,55.0,45.0
10006299,2020/21,22,780.0,505.0
10006299,2020/21,23,10.0,15.0
10006299,2020/21,24,155.0,5.0
10006299,2020/21,25,2160.0,180.0
10006299,2020/21,26,25.0,5.0
10006299,2021/22,01,0.0,45.0
10006299,2021/22,02,1705.0,1100.0
10006299,2021/22,03,400.0,70.0
10006299,2021/22,04,650.0,165.0
10006299,2021/22,06,20.0,0.0
10006299,2021/22,07,330.0,45.0
10006299,2021/22,10,420.0,855.0
10006299,2021/22,11,2105.0,705.0
10006299,2021/22,15,540.0,715.0
10006299,2021/22,16,380.0,2545.0
10006299,2021/22,17,1230.0,590.0
10006299,2021/22,19,65.0,0.0
10006299,2021/22,20,20.0,30.0
10006299,2021/22,22,720.0,500.0
10006299,2021/22,23,20.0,20.0
10006299,2021/22,24,170.0,0.0
10006299,2021/22,25,2100.0,195.0
10006299,2021/22,26,10.0,0.0
10006299,2022/23,01,0.0,20.0
10006299,2022/23,02,1820.0,1145.0
10006299,2022/23,03,430.0,60.0
10006299,2022/23,04,585.0,180.0
10006299,2022/23,06,25.0,0.0
10006299,2022/23,07,265.0,40.0
10006299,2022/23,10,495.0,810.0
10006299,2022/23,11,2545.0,1125.0
10006299,2022/23,15,590.0,645.0
10006299,2022/23,16,410.0,2815.0
10006299,2022/23,17,3180.0,675.0
10006299,2022/23,19,50.0,0.0
10006299,2022/23,20,10.0,25.0
10006299,2022/23,22,655.0,470.0
10006299,2022/23,23,65.0,45.0
10006299,2022/23,24,145.0,10.0
10006299,2022/23,25,1950.0,150.0
10006299,2023/24,01,0.0,5.0
10006299,2023/24,02,1895.0,1095.0
10006299,2023/24,03,320.0,55.0
10006299,2023/24,04,565.0,125.0
10006299,2023/24,06,40.0,0.0
10006299,2023/24,07,220.0,30.0
10006299,2023/24,10,410.0,690.0
10006299,2023/24,11,2575.0,810.0
10006299,2023/24,15,585.0,710.0
10006299,2023/24,16,325.0,1885.0
10006299,2023/24,17,2835.0,870.0
10006299,2023/24,19,30.0,5.0
10006299,2023/24,20,5.0,20.0
10006299,2023/24,22,565.0,440.0
10006299,2023/24,23,65.0,15.0
10006299,2023/24,24,125.0,5.0
10006299,2023/24,25,1565.0,150.0
10006299,2024/25,01,0.0,15.0
10006299,2024/25,02,1705.0,1215.0
10006299,2024/25,03,275.0,45.0
10006299,2024/25,04,505.0,120.0
10006299,2024/25,06,10.0,0.0
10006299,2024/25,07,210.0,35.0
10006299,2024/25,10,420.0,640.0
10006299,2024/25,11,2235.0,715.0
10006299,2024/25,15,555.0,585.0
10006299,2024/25,16,295.0,1180.0
10006299,2024/25,17,2620.0,915.0
10006299,2024/25,19,30.0,5.0
10006299,2024/25,20,0.0,25.0
10006299,2024/25,22,540.0,410.0
10006299,2024/25,23,45.0,20.0
10006299,2024/25,24,95.0,5.0
10006299,2024/25,25,1450.0,165.0
10006427,2014/15,13,205.0,0.0
10006427,2014/15,17,10.0,5.0
10006427,2014/15,24,365.0,5.0
10006427,2014/15,25,4035.0,180.0
10006427,2015/16,13,185.0,0.0
10006427,2015/16,17,0.0,5.0
10006427,2015/16,24,350.0,5.0
10006427,2015/16,25,4105.0,160.0
10006427,2016/17,13,200.0,0.0
10006427,2016/17,17,60.0,0.0
10006427,2016/17,19,0.0,110.0
10006427,2016/17,24,285.0,5.0
10006427,2016/17,25,4225.0,1295.0
10006427,2017/18,11,10.0,0.0
10006427,2017/18,13,255.0,0.0
10006427,2017/18,17,380.0,5.0
10006427,2017/18,19,0.0,145.0
10006427,2017/18,24,220.0,10.0
10006427,2017/18,25,3865.0,1735.0
10006427,2018/19,11,20.0,0.0
10006427,2018/19,13,280.0,0.0
10006427,2018/19,17,470.0,0.0
10006427,2018/19,19,0.0,140.0
10006427,2018/19,24,150.0,10.0
10006427,2018/19,25,3885.0,1655.0
10006427,2019/20,11,55.0,0.0
10006427,2019/20,13,255.0,0.0
10006427,2019/20,17,690.0,0.0
10006427,2019/20,19,0.0,125.0
10006427,2019/20,24,100.0,5.0
10006427,2019/20,25,4005.0,1520.0
10006427,2020/21,11,280.0,0.0
10006427,2020/21,13,265.0,20.0
10006427,2020/21,17,1965.0,5.0
10006427,2020/21,19,0.0,130.0
10006427,2020/21,24,80.0,0.0
10006427,2020/21,25,3900.0,1780.0
10006427,2021/22,11,235.0,0.0
10006427,2021/22,13,205.0,25.0
10006427,2021/22,17,2940.0,0.0
10006427,2021/22,19,0.0,135.0
10006427,2021/22,24,35.0,0.0
10006427,2021/22,25,4110.0,1735.0
10006427,2022/23,11,235.0,0.0
10006427,2022/23,13,240.0,20.0
10006427,2022/23,17,4540.0,5.0
10006427,2022/23,19,0.0,115.0
10006427,2022/23,24,45.0,0.0
10006427,2022/23,25,4510.0,1435.0
10006427,2023/24,11,355.0,10.0
10006427,2023/24,13,275.0,15.0
10006427,2023/24,17,5915.0,30.0
10006427,2023/24,19,0.0,20.0
10006427,2023/24,24,35.0,0.0
10006427,2023/24,25,4730.0,385.0
10006427,2024/25,11,735.0,0.0
10006427,2024/25,13,265.0,5.0
10006427,2024/25,17,9240.0,0.0
10006427,2024/25,24,35.0,0.0
10006427,2024/25,25,4680.0,150.0
10006566,2014/15,02,1515.0,1885.0
10006566,2014/15,04,535.0,25.0
10006566,2014/15,07,175.0,0.0
10006566,2014/15,10,165.0,20.0
10006566,2014/15,11,215.0,65.0
10006566,2014/15,13,75.0,15.0
10006566,2014/15,15,130.0,155.0
10006566,2014/15,16,575.0,50.0
10006566,2014/15,17,2555.0,505.0
10006566,2014/15,22,0.0,110.0
10006566,2014/15,23,0.0,10.0
10006566,2014/15,24,380.0,15.0
10006566,2014/15,25,1275.0,40.0
10006566,2015/16,02,1545.0,1725.0
10006566,2015/16,04,500.0,20.0
10006566,2015/16,07,165.0,5.0
10006566,2015/16,10,215.0,25.0
10006566,2015/16,11,235.0,60.0
10006566,2015/16,13,105.0,20.0
10006566,2015/16,15,435.0,145.0
10006566,2015/16,16,290.0,25.0
10006566,2015/16,17,2510.0,390.0
10006566,2015/16,22,0.0,90.0
10006566,2015/16,23,0.0,10.0
10006566,2015/16,24,430.0,5.0
10006566,2015/16,25,1410.0,50.0
10006566,2016/17,02,1595.0,1330.0
10006566,2016/17,04,435.0,10.0
10006566,2016/17,07,145.0,0.0
10006566,2016/17,10,270.0,45.0
10006566,2016/17,11,275.0,75.0
10006566,2016/17,13,125.0,20.0
10006566,2016/17,15,470.0,120.0
10006566,2016/17,16,305.0,30.0
10006566,2016/17,17,2520.0,360.0
10006566,2016/17,22,25.0,75.0
10006566,2016/17,23,0.0,40.0
10006566,2016/17,24,450.0,10.0
10006566,2016/17,25,1585.0,85.0
10006566,2017/18,02,1775.0,1390.0
10006566,2017/18,04,450.0,15.0
10006566,2017/18,07,135.0,0.0
10006566,2017/18,09,5.0,0.0
10006566,2017/18,10,335.0,45.0
10006566,2017/18,11,405.0,85.0
10006566,2017/18,13,115.0,15.0
10006566,2017/18,15,490.0,90.0
10006566,2017/18,16,305.0,25.0
10006566,2017/18,17,2430.0,360.0
10006566,2017/18,19,10.0,0.0
10006566,2017/18,22,80.0,70.0
10006566,2017/18,23,0.0,35.0
10006566,2017/18,24,435.0,10.0
10006566,2017/18,25,1575.0,90.0
10006566,2018/19,02,1580.0,1450.0
10006566,2018/19,04,485.0,20.0
10006566,2018/19,07,145.0,0.0
10006566,2018/19,09,15.0,0.0
10006566,2018/19,10,345.0,45.0
10006566,2018/19,11,545.0,110.0
10006566,2018/19,13,115.0,30.0
10006566,2018/19,15,720.0,45.0
10006566,2018/19,16,335.0,35.0
10006566,2018/19,17,2430.0,320.0
10006566,2018/19,19,15.0,0.0
10006566,2018/19,22,160.0,35.0
10006566,2018/19,23,0.0,25.0
10006566,2018/19,24,375.0,5.0
10006566,2018/19,25,1605.0,75.0
10006566,2019/20,02,1545.0,1140.0
10006566,2019/20,04,550.0,35.0
10006566,2019/20,06,10.0,0.0
10006566,2019/20,07,230.0,5.0
10006566,2019/20,09,25.0,0.0
10006566,2019/20,10,360.0,25.0
10006566,2019/20,11,835.0,120.0
10006566,2019/20,13,160.0,20.0
10006566,2019/20,15,750.0,40.0
10006566,2019/20,16,360.0,40.0
10006566,2019/20,17,2815.0,290.0
10006566,2019/20,19,30.0,0.0
10006566,2019/20,22,195.0,40.0
10006566,2019/20,23,25.0,15.0
10006566,2019/20,24,290.0,5.0
10006566,2019/20,25,1960.0,75.0
10006566,2020/21,02,1920.0,1515.0
10006566,2020/21,04,575.0,45.0
10006566,2020/21,06,20.0,0.0
10006566,2020/21,07,190.0,5.0
10006566,2020/21,09,25.0,0.0
10006566,2020/21,10,350.0,20.0
10006566,2020/21,11,1115.0,75.0
10006566,2020/21,13,215.0,20.0
10006566,2020/21,15,670.0,75.0
10006566,2020/21,16,380.0,55.0
10006566,2020/21,17,4795.0,235.0
10006566,2020/21,19,35.0,0.0
10006566,2020/21,22,240.0,35.0
10006566,2020/21,23,100.0,5.0
10006566,2020/21,24,130.0,5.0
10006566,2020/21,25,2245.0,75.0
10006566,2021/22,02,2360.0,1645.0
10006566,2021/22,03,5.0,0.0
10006566,2021/22,04,535.0,45.0
10006566,2021/22,06,50.0,5.0
10006566,2021/22,07,180.0,5.0
10006566,2021/22,09,20.0,0.0
10006566,2021/22,10,385.0,15.0
10006566,2021/22,11,1420.0,60.0
10006566,2021/22,13,255.0,30.0
10006566,2021/22,15,630.0,50.0
10006566,2021/22,16,405.0,50.0
10006566,2021/22,17,7555.0,180.0
10006566,2021/22,19,35.0,0.0
10006566,2021/22,22,240.0,65.0
10006566,2021/22,23,115.0,0.0
10006566,2021/22,24,125.0,0.0
10006566,2021/22,25,2140.0,80.0
10006566,2022/23,02,2470.0,1400.0
10006566,2022/23,03,10.0,0.0
10006566,2022/23,04,495.0,30.0
10006566,2022/23,06,70.0,5.0
10006566,2022/23,07,175.0,5.0
10006566,2022/23,09,25.0,0.0
10006566,2022/23,10,410.0,20.0
10006566,2022/23,11,1745.0,45.0
10006566,2022/23,13,270.0,25.0
10006566,2022/23,15,540.0,40.0
10006566,2022/23,16,315.0,35.0
10006566,2022/23,17,8430.0,115.0
10006566,2022/23,19,35.0,5.0
10006566,2022/23,22,205.0,45.0
10006566,2022/23,23,155.0,0.0
10006566,2022/23,24,95.0,0.0
10006566,2022/23,25,2115.0,45.0
10006566,2023/24,02,2315.0,1310.0
10006566,2023/24,03,35.0,0.0
10006566,2023/24,04,365.0,25.0
10006566,2023/24,06,75.0,5.0
10006566,2023/24,07,160.0,5.0
10006566,2023/24,09,30.0,0.0
10006566,2023/24,10,460.0,10.0
10006566,2023/24,11,1890.0,35.0
10006566,2023/24,13,265.0,15.0
10006566,2023/24,15,490.0,40.0
10006566,2023/24,16,345.0,30.0
10006566,2023/24,17,7520.0,90.0
10006566,2023/24,19,40.0,0.0
10006566,2023/24,22,150.0,50.0
10006566,2023/24,23,250.0,0.0
10006566,2023/24,24,115.0,0.0
10006566,2023/24,25,2245.0,45.0
10006566,2024/25,02,2070.0,1325.0
10006566,2024/25,03,65.0,0.0
10006566,2024/25,04,370.0,25.0
10006566,2024/25,06,85.0,5.0
10006566,2024/25,07,170.0,5.0
10006566,2024/25,09,35.0,0.0
10006566,2024/25,10,495.0,35.0
10006566,2024/25,11,1920.0,25.0
10006566,2024/25,13,285.0,20.0
10006566,2024/25,15,325.0,30.0
10006566,2024/25,16,365.0,25.0
10006566,2024/25,17,6815.0,95.0
10006566,2024/25,19,40.0,0.0
10006566,2024/25,22,145.0,55.0
10006566,2024/25,23,175.0,0.0
10006566,2024/25,24,110.0,0.0
10006566,2024/25,25,2525.0,35.0
10006840,2014/15,01,2670.0,300.0
10006840,2014/15,02,1385.0,230.0
10006840,2014/15,03,1795.0,50.0
10006840,2014/15,04,1055.0,40.0
10006840,2014/15,06,0.0,40.0
10006840,2014/15,07,1300.0,5.0
10006840,2014/15,09,805.0,0.0
10006840,2014/15,10,3070.0,200.0
10006840,2014/15,11,820.0,5.0
10006840,2014/15,13,155.0,20.0
10006840,2014/15,15,3130.0,825.0
10006840,2014/15,16,1315.0,35.0
10006840,2014/15,17,3445.0,2440.0
10006840,2014/15,19,2080.0,250.0
10006840,2014/15,20,1765.0,505.0
10006840,2014/15,22,790.0,1855.0
10006840,2014/15,23,185.0,0.0
10006840,2014/15,24,30.0,10.0
10006840,2014/15,25,415.0,35.0
10006840,2014/15,26,1085.0,15.0
10006840,2015/16,01,2750.0,275.0
10006840,2015/16,02,1460.0,240.0
10006840,2015/16,03,1850.0,50.0
10006840,2015/16,04,1165.0,40.0
10006840,2015/16,06,0.0,30.0
10006840,2015/16,07,1270.0,5.0
10006840,2015/16,09,845.0,0.0
10006840,2015/16,10,2985.0,175.0
10006840,2015/16,11,795.0,5.0
10006840,2015/16,13,110.0,30.0
10006840,2015/16,15,3020.0,735.0
10006840,2015/16,16,1305.0,40.0
10006840,2015/16,17,3160.0,2650.0
10006840,2015/16,19,2060.0,270.0
10006840,2015/16,20,1875.0,415.0
10006840,2015/16,22,725.0,1625.0
10006840,2015/16,23,320.0,0.0
10006840,2015/16,24,30.0,5.0
10006840,2015/16,25,425.0,30.0
10006840,2015/16,26,1055.0,20.0
10006840,2016/17,01,2720.0,240.0
10006840,2016/17,02,1630.0,290.0
10006840,2016/17,03,1920.0,60.0
10006840,2016/17,04,1245.0,45.0
10006840,2016/17,06,0.0,30.0
10006840,2016/17,07,1285.0,5.0
10006840,2016/17,09,865.0,0.0
10006840,2016/17,10,3160.0,180.0
10006840,2016/17,11,865.0,5.0
10006840,2016/17,13,125.0,45.0
10006840,2016/17,15,3255.0,695.0
10006840,2016/17,16,1345.0,30.0
10006840,2016/17,17,3450.0,2140.0
10006840,2016/17,19,2205.0,340.0
10006840,2016/17,20,1985.0,355.0
10006840,2016/17,22,670.0,1695.0
10006840,2016/17,23,345.0,0.0
10006840,2016/17,24,40.0,10.0
10006840,2016/17,25,430.0,30.0
10006840,2016/17,26,1085.0,25.0
10006840,2017/18,01,2750.0,225.0
10006840,2017/18,02,1730.0,315.0
10006840,2017/18,03,1830.0,65.0
10006840,2017/18,04,1165.0,45.0
10006840,2017/18,06,0.0,35.0
10006840,2017/18,07,1285.0,5.0
10006840,2017/18,09,840.0,0.0
10006840,2017/18,10,3120.0,200.0
10006840,2017/18,11,935.0,5.0
10006840,2017/18,13,105.0,55.0
10006840,2017/18,15,3280.0,640.0
10006840,2017/18,16,1340.0,35.0
10006840,2017/18,17,3680.0,1915.0
10006840,2017/18,19,2200.0,395.0
10006840,2017/18,20,2025.0,370.0
10006840,2017/18,22,630.0,1645.0
10006840,2017/18,23,375.0,0.0
10006840,2017/18,24,35.0,10.0
10006840,2017/18,25,440.0,35.0
10006840,2017/18,26,1130.0,20.0
10006840,2018/19,01,2825.0,175.0
10006840,2018/19,02,1835.0,280.0
10006840,2018/19,03,1855.0,50.0
10006840,2018/19,04,1175.0,40.0
10006840,2018/19,06,0.0,30.0
10006840,2018/19,07,1285.0,10.0
10006840,2018/19,09,850.0,0.0
10006840,2018/19,10,3215.0,210.0
10006840,2018/19,11,1035.0,10.0
10006840,2018/19,13,115.0,50.0
10006840,2018/19,15,3355.0,615.0
10006840,2018/19,16,1390.0,30.0
10006840,2018/19,17,3955.0,1805.0
10006840,2018/19,19,2175.0,345.0
10006840,2018/19,20,2065.0,360.0
10006840,2018/19,22,630.0,1550.0
10006840,2018/19,23,455.0,0.0
10006840,2018/19,24,50.0,15.0
10006840,2018/19,25,435.0,20.0
10006840,2018/19,26,1135.0,20.0
10006840,2019/20,01,2610.0,140.0
10006840,2019/20,02,2220.0,250.0
10006840,2019/20,03,1845.0,100.0
10006840,2019/20,04,1140.0,25.0
10006840,2019/20,06,40.0,35.0
10006840,2019/20,07,1365.0,5.0
10006840,2019/20,09,870.0,20.0
10006840,2019/20,10,3320.0,220.0
10006840,2019/20,11,1405.0,10.0
10006840,2019/20,13,105.0,65.0
10006840,2019/20,15,3885.0,725.0
10006840,2019/20,16,1475.0,45.0
10006840,2019/20,17,3595.0,1275.0
10006840,2019/20,19,2165.0,355.0
10006840,2019/20,20,2085.0,360.0
10006840,2019/20,22,700.0,1420.0
10006840,2019/20,23,250.0,0.0
10006840,2019/20,24,40.0,5.0
10006840,2019/20,25,435.0,25.0
10006840,2019/20,26,1115.0,15.0
10006840,2020/21,01,2715.0,160.0
10006840,2020/21,02,2530.0,295.0
10006840,2020/21,03,1920.0,100.0
10006840,2020/21,04,1220.0,35.0
10006840,2020/21,06,30.0,35.0
10006840,2020/21,07,1445.0,5.0
10006840,2020/21,09,860.0,0.0
10006840,2020/21,10,3365.0,240.0
10006840,2020/21,11,1470.0,15.0
10006840,2020/21,13,120.0,65.0
10006840,2020/21,15,4135.0,1110.0
10006840,2020/21,16,1560.0,55.0
10006840,2020/21,17,3325.0,1710.0
10006840,2020/21,19,2105.0,370.0
10006840,2020/21,20,1975.0,405.0
10006840,2020/21,22,910.0,1370.0
10006840,2020/21,23,300.0,0.0
10006840,2020/21,24,55.0,10.0
10006840,2020/21,25,565.0,30.0
10006840,2020/21,26,1125.0,20.0
10006840,2021/22,01,2855.0,145.0
10006840,2021/22,02,2710.0,275.0
10006840,2021/22,03,1930.0,105.0
10006840,2021/22,04,1210.0,50.0
10006840,2021/22,06,35.0,45.0
10006840,2021/22,07,1420.0,15.0
10006840,2021/22,09,845.0,0.0
10006840,2021/22,10,3440.0,245.0
10006840,2021/22,11,1770.0,45.0
10006840,2021/22,13,120.0,70.0
10006840,2021/22,15,4120.0,1025.0
10006840,2021/22,16,1770.0,70.0
10006840,2021/22,17,3480.0,1740.0
10006840,2021/22,19,1900.0,345.0
10006840,2021/22,20,1655.0,390.0
10006840,2021/22,22,785.0,1255.0
10006840,2021/22,23,355.0,0.0
10006840,2021/22,24,50.0,10.0
10006840,2021/22,25,600.0,35.0
10006840,2021/22,26,1060.0,15.0
10006840,2022/23,01,2925.0,135.0
10006840,2022/23,02,2780.0,270.0
10006840,2022/23,03,1935.0,120.0
10006840,2022/23,04,1365.0,50.0
10006840,2022/23,06,45.0,45.0
10006840,2022/23,07,1440.0,20.0
10006840,2022/23,09,800.0,0.0
10006840,2022/23,10,3570.0,290.0
10006840,2022/23,11,1930.0,120.0
10006840,2022/23,13,90.0,90.0
10006840,2022/23,15,4155.0,895.0
10006840,2022/23,16,1760.0,80.0
10006840,2022/23,17,3955.0,1665.0
10006840,2022/23,19,1690.0,345.0
10006840,2022/23,20,1550.0,430.0
10006840,2022/23,22,740.0,1350.0
10006840,2022/23,23,360.0,0.0
10006840,2022/23,24,55.0,10.0
10006840,2022/23,25,555.0,35.0
10006840,2022/23,26,1045.0,20.0
10006840,2023/24,01,2845.0,205.0
10006840,2023/24,02,2770.0,250.0
10006840,2023/24,03,1990.0,110.0
10006840,2023/24,04,1375.0,45.0
10006840,2023/24,06,30.0,45.0
10006840,2023/24,07,1395.0,10.0
10006840,2023/24,09,840.0,0.0
10006840,2023/24,10,3230.0,225.0
10006840,2023/24,11,2150.0,135.0
10006840,2023/24,13,95.0,75.0
10006840,2023/24,15,4000.0,670.0
10006840,2023/24,16,1840.0,75.0
10006840,2023/24,17,3665.0,1430.0
10006840,2023/24,19,1470.0,285.0
10006840,2023/24,20,1280.0,375.0
10006840,2023/24,22,700.0,1245.0
10006840,2023/24,23,400.0,0.0
10006840,2023/24,24,130.0,10.0
10006840,2023/24,25,400.0,30.0
10006840,2023/24,26,995.0,20.0
10006840,2024/25,01,2845.0,145.0
10006840,2024/25,02,2995.0,465.0
10006840,2024/25,03,2055.0,95.0
10006840,2024/25,04,1480.0,60.0
10006840,2024/25,06,50.0,60.0
10006840,2024/25,07,1485.0,10.0
10006840,2024/25,09,1030.0,0.0
10006840,2024/25,10,3705.0,265.0
10006840,2024/25,11,2425.0,165.0
10006840,2024/25,13,105.0,85.0
10006840,2024/25,15,4535.0,650.0
10006840,2024/25,16,1995.0,50.0
10006840,2024/25,17,4265.0,1595.0
10006840,2024/25,19,1410.0,250.0
10006840,2024/25,20,1275.0,360.0
10006840,2024/25,22,885.0,1125.0
10006840,2024/25,23,380.0,0.0
10006840,2024/25,24,390.0,10.0
10006840,2024/25,25,270.0,30.0
10006840,2024/25,26,1015.0,20.0
10006841,2014/15,02,550.0,660.0
10006841,2014/15,03,380.0,40.0
10006841,2014/15,04,305.0,35.0
10006841,2014/15,09,55.0,20.0
10006841,2014/15,10,630.0,195.0
10006841,2014/15,11,335.0,35.0
10006841,2014/15,13,90.0,105.0
10006841,2014/15,15,125.0,20.0
10006841,2014/15,16,160.0,20.0
10006841,2014/15,17,610.0,180.0
10006841,2014/15,19,160.0,25.0
10006841,2014/15,22,280.0,615.0
10006841,2014/15,24,65.0,0.0
10006841,2014/15,25,650.0,45.0
10006841,2015/16,02,665.0,740.0
10006841,2015/16,03,345.0,40.0
10006841,2015/16,04,330.0,40.0
10006841,2015/16,09,30.0,20.0
10006841,2015/16,10,435.0,180.0
10006841,2015/16,11,390.0,40.0
10006841,2015/16,13,90.0,90.0
10006841,2015/16,15,70.0,10.0
10006841,2015/16,16,175.0,20.0
10006841,2015/16,17,640.0,165.0
10006841,2015/16,19,90.0,15.0
10006841,2015/16,22,335.0,525.0
10006841,2015/16,24,70.0,0.0
10006841,2015/16,25,720.0,45.0
10006841,2016/17,02,880.0,625.0
10006841,2016/17,03,340.0,25.0
10006841,2016/17,04,375.0,80.0
10006841,2016/17,09,15.0,10.0
10006841,2016/17,10,675.0,185.0
10006841,2016/17,11,390.0,15.0
10006841,2016/17,13,75.0,75.0
10006841,2016/17,15,60.0,10.0
10006841,2016/17,16,160.0,15.0
10006841,2016/17,17,565.0,175.0
10006841,2016/17,19,80.0,5.0
10006841,2016/17,22,365.0,445.0
10006841,2016/17,24,75.0,0.0
10006841,2016/17,25,675.0,25.0
10006841,2017/18,02,1160.0,615.0
10006841,2017/18,03,310.0,35.0
10006841,2017/18,04,385.0,95.0
10006841,2017/18,09,25.0,5.0
10006841,2017/18,10,555.0,210.0
10006841,2017/18,11,305.0,15.0
10006841,2017/18,13,30.0,50.0
10006841,2017/18,15,55.0,10.0
10006841,2017/18,16,135.0,10.0
10006841,2017/18,17,685.0,240.0
10006841,2017/18,19,80.0,10.0
10006841,2017/18,22,325.0,355.0
10006841,2017/18,24,50.0,0.0
10006841,2017/18,25,735.0,25.0
10006841,2017/18,26,45.0,0.0
10006841,2018/19,02,1385.0,630.0
10006841,2018/19,03,320.0,40.0
10006841,2018/19,04,310.0,75.0
10006841,2018/19,09,10.0,5.0
10006841,2018/19,10,545.0,195.0
10006841,2018/19,11,325.0,20.0
10006841,2018/19,13,20.0,20.0
10006841,2018/19,15,155.0,20.0
10006841,2018/19,16,135.0,10.0
10006841,2018/19,17,650.0,165.0
10006841,2018/19,19,105.0,15.0
10006841,2018/19,22,375.0,320.0
10006841,2018/19,23,0.0,10.0
10006841,2018/19,24,55.0,0.0
10006841,2018/19,25,920.0,20.0
10006841,2018/19,26,85.0,0.0
10006841,2019/20,02,1185.0,355.0
10006841,2019/20,03,275.0,45.0
10006841,2019/20,04,325.0,65.0
10006841,2019/20,09,25.0,0.0
10006841,2019/20,10,570.0,195.0
10006841,2019/20,11,485.0,10.0
10006841,2019/20,13,20.0,30.0
10006841,2019/20,15,805.0,460.0
10006841,2019/20,16,150.0,5.0
10006841,2019/20,17,1360.0,120.0
10006841,2019/20,19,90.0,15.0
10006841,2019/20,22,285.0,240.0
10006841,2019/20,23,0.0,15.0
10006841,2019/20,24,45.0,0.0
10006841,2019/20,25,940.0,20.0
10006841,2019/20,26,50.0,0.0
10006841,2020/21,02,1650.0,335.0
10006841,2020/21,03,275.0,35.0
10006841,2020/21,04,345.0,75.0
10006841,2020/21,09,10.0,0.0
10006841,2020/21,10,655.0,210.0
10006841,2020/21,11,685.0,25.0
10006841,2020/21,13,25.0,35.0
10006841,2020/21,15,1135.0,485.0
10006841,2020/21,16,170.0,5.0
10006841,2020/21,17,2475.0,105.0
10006841,2020/21,19,85.0,5.0
10006841,2020/21,22,395.0,220.0
10006841,2020/21,23,5.0,5.0
10006841,2020/21,24,50.0,0.0
10006841,2020/21,25,1050.0,20.0
10006841,2020/21,26,5.0,0.0
10006841,2021/22,02,2145.0,435.0
10006841,2021/22,03,205.0,35.0
10006841,2021/22,04,350.0,65.0
10006841,2021/22,09,10.0,0.0
10006841,2021/22,10,680.0,195.0
10006841,2021/22,11,770.0,35.0
10006841,2021/22,13,60.0,45.0
10006841,2021/22,15,1105.0,450.0
10006841,2021/22,16,180.0,5.0
10006841,2021/22,17,2475.0,145.0
10006841,2021/22,19,60.0,5.0
10006841,2021/22,22,355.0,295.0
10006841,2021/22,23,0.0,5.0
10006841,2021/22,24,25.0,0.0
10006841,2021/22,25,835.0,25.0
10006841,2021/22,26,10.0,0.0
10006841,2022/23,01,0.0,5.0
10006841,2022/23,02,2535.0,475.0
10006841,2022/23,03,170.0,15.0
10006841,2022/23,04,340.0,65.0
10006841,2022/23,10,790.0,200.0
10006841,2022/23,11,860.0,15.0
10006841,2022/23,13,65.0,40.0
10006841,2022/23,15,1090.0,365.0
10006841,2022/23,16,210.0,5.0
10006841,2022/23,17,1820.0,150.0
10006841,2022/23,19,55.0,5.0
10006841,2022/23,22,275.0,325.0
10006841,2022/23,23,35.0,15.0
10006841,2022/23,24,30.0,0.0
10006841,2022/23,25,855.0,20.0
10006841,2022/23,26,20.0,0.0
10006841,2023/24,01,0.0,5.0
10006841,2023/24,02,2580.0,520.0
10006841,2023/24,03,145.0,10.0
10006841,2023/24,04,345.0,60.0
10006841,2023/24,10,835.0,170.0
10006841,2023/24,11,915.0,15.0
10006841,2023/24,13,110.0,30.0
10006841,2023/24,15,1220.0,435.0
10006841,2023/24,16,230.0,25.0
10006841,2023/24,17,2135.0,500.0
10006841,2023/24,19,55.0,0.0
10006841,2023/24,22,280.0,335.0
10006841,2023/24,23,95.0,0.0
10006841,2023/24,24,30.0,0.0
10006841,2023/24,25,785.0,15.0
10006841,2023/24,26,30.0,0.0
10006841,2024/25,01,0.0,10.0
10006841,2024/25,02,2375.0,570.0
10006841,2024/25,03,140.0,5.0
10006841,2024/25,04,275.0,60.0
10006841,2024/25,10,915.0,315.0
10006841,2024/25,11,1015.0,15.0
10006841,2024/25,13,75.0,20.0
10006841,2024/25,15,1590.0,390.0
10006841,2024/25,16,230.0,40.0
10006841,2024/25,17,2710.0,115.0
10006841,2024/25,19,35.0,0.0
10006841,2024/25,20,80.0,20.0
10006841,2024/25,22,295.0,250.0
10006841,2024/25,23,110.0,0.0
10006841,2024/25,24,25.0,5.0
10006841,2024/25,25,735.0,10.0
10006841,2024/25,26,145.0,0.0
10006842,2014/15,01,2490.0,375.0
10006842,2014/15,02,1130.0,130.0
10006842,2014/15,03,1025.0,45.0
10006842,2014/15,04,910.0,100.0
10006842,2014/15,05,760.0,410.0
10006842,2014/15,06,85.0,0.0
10006842,2014/15,07,995.0,55.0
10006842,2014/15,09,1030.0,40.0
10006842,2014/15,10,1930.0,100.0
10006842,2014/15,11,600.0,155.0
10006842,2014/15,13,950.0,80.0
10006842,2014/15,15,1045.0,45.0
10006842,2014/15,16,1390.0,75.0
10006842,2014/15,17,2800.0,440.0
10006842,2014/15,19,920.0,70.0
10006842,2014/15,20,845.0,100.0
10006842,2014/15,22,75.0,35.0
10006842,2014/15,23,240.0,60.0
10006842,2014/15,24,160.0,10.0
10006842,2014/15,25,230.0,25.0
10006842,2014/15,26,745.0,20.0
10006842,2015/16,01,2505.0,170.0
10006842,2015/16,02,1180.0,110.0
10006842,2015/16,03,1090.0,55.0
10006842,2015/16,04,1115.0,145.0
10006842,2015/16,05,760.0,695.0
10006842,2015/16,06,75.0,0.0
10006842,2015/16,07,965.0,65.0
10006842,2015/16,09,995.0,50.0
10006842,2015/16,10,1950.0,125.0
10006842,2015/16,11,610.0,140.0
10006842,2015/16,13,1065.0,50.0
10006842,2015/16,15,1295.0,30.0
10006842,2015/16,16,1540.0,75.0
10006842,2015/16,17,3370.0,385.0
10006842,2015/16,19,870.0,60.0
10006842,2015/16,20,975.0,90.0
10006842,2015/16,22,175.0,85.0
10006842,2015/16,23,195.0,125.0
10006842,2015/16,24,260.0,40.0
10006842,2015/16,25,230.0,20.0
10006842,2015/16,26,1005.0,20.0
10006842,2016/17,01,2470.0,205.0
10006842,2016/17,02,1210.0,315.0
10006842,2016/17,03,1190.0,60.0
10006842,2016/17,04,1260.0,205.0
10006842,2016/17,05,765.0,950.0
10006842,2016/17,06,75.0,0.0
10006842,2016/17,07,1050.0,70.0
10006842,2016/17,09,975.0,50.0
10006842,2016/17,10,2140.0,110.0
10006842,2016/17,11,735.0,155.0
10006842,2016/17,13,1030.0,45.0
10006842,2016/17,15,1685.0,50.0
10006842,2016/17,16,1650.0,70.0
10006842,2016/17,17,3505.0,535.0
10006842,2016/17,19,925.0,55.0
10006842,2016/17,20,1095.0,95.0
10006842,2016/17,22,100.0,175.0
10006842,2016/17,23,140.0,110.0
10006842,2016/17,24,340.0,40.0
10006842,2016/17,25,245.0,15.0
10006842,2016/17,26,1205.0,35.0
10006842,2017/18,01,2205.0,185.0
10006842,2017/18,02,1425.0,205.0
10006842,2017/18,03,1220.0,50.0
10006842,2017/18,04,1340.0,325.0
10006842,2017/18,05,810.0,1180.0
10006842,2017/18,06,85.0,0.0
10006842,2017/18,07,1120.0,70.0
10006842,2017/18,09,1140.0,50.0
10006842,2017/18,10,2255.0,95.0
10006842,2017/18,11,890.0,225.0
10006842,2017/18,13,1005.0,45.0
10006842,2017/18,15,2145.0,70.0
10006842,2017/18,16,1605.0,80.0
10006842,2017/18,17,3685.0,540.0
10006842,2017/18,19,1010.0,55.0
10006842,2017/18,20,1225.0,85.0
10006842,2017/18,22,95.0,20.0
10006842,2017/18,23,105.0,50.0
10006842,2017/18,24,425.0,30.0
10006842,2017/18,25,270.0,20.0
10006842,2017/18,26,1320.0,40.0
10006842,2018/19,01,2210.0,85.0
10006842,2018/19,02,1430.0,245.0
10006842,2018/19,03,1200.0,55.0
10006842,2018/19,04,1230.0,270.0
10006842,2018/19,05,825.0,1350.0
10006842,2018/19,06,95.0,0.0
10006842,2018/19,07,1155.0,140.0
10006842,2018/19,09,1295.0,45.0
10006842,2018/19,10,2205.0,110.0
10006842,2018/19,11,1040.0,230.0
10006842,2018/19,13,1030.0,50.0
10006842,2018/19,15,2475.0,60.0
10006842,2018/19,16,1610.0,80.0
10006842,2018/19,17,3965.0,410.0
10006842,2018/19,19,1055.0,60.0
10006842,2018/19,20,1205.0,85.0
10006842,2018/19,22,115.0,20.0
10006842,2018/19,23,60.0,90.0
10006842,2018/19,24,485.0,15.0
10006842,2018/19,25,280.0,15.0
10006842,2018/19,26,1290.0,35.0
10006842,2019/20,01,2095.0,40.0
10006842,2019/20,02,1640.0,215.0
10006842,2019/20,03,1060.0,55.0
10006842,2019/20,04,1250.0,170.0
10006842,2019/20,05,820.0,1265.0
10006842,2019/20,06,95.0,0.0
10006842,2019/20,07,1145.0,135.0
10006842,2019/20,09,1250.0,35.0
10006842,2019/20,10,2175.0,100.0
10006842,2019/20,11,1175.0,160.0
10006842,2019/20,13,1045.0,50.0
10006842,2019/20,15,2535.0,60.0
10006842,2019/20,16,1615.0,75.0
10006842,2019/20,17,4400.0,245.0
10006842,2019/20,19,1025.0,55.0
10006842,2019/20,20,1255.0,85.0
10006842,2019/20,22,100.0,0.0
10006842,2019/20,23,40.0,70.0
10006842,2019/20,24,495.0,25.0
10006842,2019/20,25,295.0,10.0
10006842,2019/20,26,1215.0,30.0
10006842,2020/21,01,2160.0,50.0
10006842,2020/21,02,1780.0,255.0
10006842,2020/21,03,1130.0,55.0
10006842,2020/21,04,1235.0,135.0
10006842,2020/21,05,895.0,1385.0
10006842,2020/21,06,100.0,0.0
10006842,2020/21,07,1190.0,105.0
10006842,2020/21,09,1150.0,30.0
10006842,2020/21,10,2275.0,45.0
10006842,2020/21,11,1445.0,110.0
10006842,2020/21,13,970.0,55.0
10006842,2020/21,15,2440.0,65.0
10006842,2020/21,16,1725.0,35.0
10006842,2020/21,17,3640.0,165.0
10006842,2020/21,19,1055.0,65.0
10006842,2020/21,20,1170.0,95.0
10006842,2020/21,22,75.0,5.0
10006842,2020/21,23,40.0,30.0
10006842,2020/21,24,490.0,20.0
10006842,2020/21,25,345.0,10.0
10006842,2020/21,26,1150.0,20.0
10006842,2021/22,01,2420.0,55.0
10006842,2021/22,02,1810.0,450.0
10006842,2021/22,03,1160.0,70.0
10006842,2021/22,04,1345.0,145.0
10006842,2021/22,05,905.0,1230.0
10006842,2021/22,06,90.0,5.0
10006842,2021/22,07,1120.0,135.0
10006842,2021/22,09,1000.0,30.0
10006842,2021/22,10,2280.0,115.0
10006842,2021/22,11,1525.0,115.0
10006842,2021/22,13,905.0,50.0
10006842,2021/22,15,2295.0,55.0
10006842,2021/22,16,1610.0,40.0
10006842,2021/22,17,3290.0,135.0
10006842,2021/22,19,985.0,65.0
10006842,2021/22,20,1085.0,80.0
10006842,2021/22,22,50.0,0.0
10006842,2021/22,23,30.0,15.0
10006842,2021/22,24,480.0,40.0
10006842,2021/22,25,365.0,20.0
10006842,2021/22,26,1055.0,35.0
10006842,2022/23,01,2410.0,50.0
10006842,2022/23,02,1770.0,535.0
10006842,2022/23,03,1140.0,60.0
10006842,2022/23,04,1490.0,250.0
10006842,2022/23,05,905.0,1175.0
10006842,2022/23,06,80.0,0.0
10006842,2022/23,07,990.0,150.0
10006842,2022/23,09,945.0,50.0
10006842,2022/23,10,2305.0,170.0
10006842,2022/23,11,1655.0,205.0
10006842,2022/23,13,1005.0,55.0
10006842,2022/23,15,2260.0,80.0
10006842,2022/23,16,1575.0,40.0
10006842,2022/23,17,4035.0,215.0
10006842,2022/23,19,955.0,60.0
10006842,2022/23,20,1040.0,95.0
10006842,2022/23,22,60.0,5.0
10006842,2022/23,23,15.0,140.0
10006842,2022/23,24,550.0,35.0
10006842,2022/23,25,345.0,25.0
10006842,2022/23,26,995.0,35.0
10006842,2023/24,01,2415.0,70.0
10006842,2023/24,02,1835.0,540.0
10006842,2023/24,03,1220.0,45.0
10006842,2023/24,04,1455.0,220.0
10006842,2023/24,05,940.0,1035.0
10006842,2023/24,06,75.0,0.0
10006842,2023/24,07,1045.0,185.0
10006842,2023/24,09,895.0,70.0
10006842,2023/24,10,2420.0,185.0
10006842,2023/24,11,1900.0,245.0
10006842,2023/24,13,1085.0,75.0
10006842,2023/24,15,2380.0,65.0
10006842,2023/24,16,1590.0,70.0
10006842,2023/24,17,3695.0,290.0
10006842,2023/24,19,1030.0,55.0
10006842,2023/24,20,1210.0,95.0
10006842,2023/24,22,65.0,10.0
10006842,2023/24,23,15.0,135.0
10006842,2023/24,24,640.0,40.0
10006842,2023/24,25,355.0,20.0
10006842,2023/24,26,1010.0,30.0
10006842,2024/25,01,2440.0,75.0
10006842,2024/25,02,1970.0,455.0
10006842,2024/25,03,1145.0,50.0
10006842,2024/25,04,1440.0,190.0
10006842,2024/25,05,955.0,940.0
10006842,2024/25,06,85.0,0.0
10006842,2024/25,07,1060.0,175.0
10006842,2024/25,09,835.0,60.0
10006842,2024/25,10,2390.0,150.0
10006842,2024/25,11,1830.0,320.0
10006842,2024/25,13,990.0,65.0
10006842,2024/25,15,2455.0,60.0
10006842,2024/25,16,1820.0,70.0
10006842,2024/25,17,3630.0,320.0
10006842,2024/25,19,1070.0,65.0
10006842,2024/25,20,1390.0,110.0
10006842,2024/25,22,70.0,15.0
10006842,2024/25,23,15.0,205.0
10006842,2024/25,24,690.0,45.0
10006842,2024/25,25,375.0,30.0
10006842,2024/25,26,955.0,30.0
10007114,2014/15,01,5.0,0.0
10007114,2014/15,02,195.0,185.0
10007114,2014/15,03,165.0,15.0
10007114,2014/15,04,145.0,25.0
10007114,2014/15,06,155.0,95.0
10007114,2014/15,07,65.0,30.0
10007114,2014/15,10,680.0,355.0
10007114,2014/15,11,295.0,110.0
10007114,2014/15,13,110.0,150.0
10007114,2014/15,15,920.0,350.0
10007114,2014/15,17,1030.0,510.0
10007114,2014/15,19,100.0,175.0
10007114,2014/15,20,285.0,155.0
10007114,2014/15,22,40.0,410.0
10007114,2014/15,23,25.0,45.0
10007114,2014/15,24,15.0,0.0
10007114,2014/15,25,780.0,95.0
10007114,2014/15,26,110.0,25.0
10007114,2015/16,02,215.0,225.0
10007114,2015/16,03,195.0,50.0
10007114,2015/16,04,145.0,45.0
10007114,2015/16,06,145.0,80.0
10007114,2015/16,07,50.0,15.0
10007114,2015/16,10,605.0,385.0
10007114,2015/16,11,345.0,125.0
10007114,2015/16,13,95.0,145.0
10007114,2015/16,15,990.0,385.0
10007114,2015/16,16,15.0,5.0
10007114,2015/16,17,1065.0,630.0
10007114,2015/16,19,125.0,190.0
10007114,2015/16,20,320.0,190.0
10007114,2015/16,22,70.0,445.0
10007114,2015/16,23,20.0,60.0
10007114,2015/16,24,10.0,0.0
10007114,2015/16,25,785.0,95.0
10007114,2015/16,26,135.0,30.0
10007114,2016/17,01,40.0,0.0
10007114,2016/17,02,180.0,205.0
10007114,2016/17,03,280.0,65.0
10007114,2016/17,04,145.0,35.0
10007114,2016/17,06,165.0,85.0
10007114,2016/17,07,60.0,25.0
10007114,2016/17,10,580.0,400.0
10007114,2016/17,11,360.0,105.0
10007114,2016/17,13,105.0,180.0
10007114,2016/17,15,770.0,380.0
10007114,2016/17,16,30.0,5.0
10007114,2016/17,17,980.0,660.0
10007114,2016/17,19,140.0,200.0
10007114,2016/17,20,340.0,210.0
10007114,2016/17,22,340.0,505.0
10007114,2016/17,23,20.0,30.0
10007114,2016/17,24,10.0,0.0
10007114,2016/17,25,765.0,115.0
10007114,2016/17,26,160.0,45.0
10007114,2017/18,01,45.0,5.0
10007114,2017/18,02,340.0,305.0
10007114,2017/18,03,360.0,120.0
10007114,2017/18,04,125.0,35.0
10007114,2017/18,06,160.0,150.0
10007114,2017/18,07,60.0,15.0
10007114,2017/18,10,485.0,420.0
10007114,2017/18,11,330.0,85.0
10007114,2017/18,13,90.0,160.0
10007114,2017/18,15,800.0,400.0
10007114,2017/18,16,40.0,5.0
10007114,2017/18,17,975.0,660.0
10007114,2017/18,19,145.0,185.0
10007114,2017/18,20,340.0,225.0
10007114,2017/18,22,400.0,625.0
10007114,2017/18,23,20.0,65.0
10007114,2017/18,24,10.0,0.0
10007114,2017/18,25,785.0,125.0
10007114,2017/18,26,190.0,40.0
10007114,2018/19,01,40.0,0.0
10007114,2018/19,02,570.0,350.0
10007114,2018/19,03,350.0,125.0
10007114,2018/19,04,140.0,40.0
10007114,2018/19,06,160.0,145.0
10007114,2018/19,07,55.0,15.0
10007114,2018/19,10,455.0,380.0
10007114,2018/19,11,320.0,105.0
10007114,2018/19,13,80.0,145.0
10007114,2018/19,15,840.0,355.0
10007114,2018/19,16,0.0,10.0
10007114,2018/19,17,915.0,655.0
10007114,2018/19,19,155.0,160.0
10007114,2018/19,20,355.0,195.0
10007114,2018/19,22,425.0,740.0
10007114,2018/19,23,25.0,65.0
10007114,2018/19,24,0.0,10.0
10007114,2018/19,25,775.0,135.0
10007114,2018/19,26,205.0,30.0
10007114,2019/20,01,60.0,0.0
10007114,2019/20,02,600.0,340.0
10007114,2019/20,03,335.0,100.0
10007114,2019/20,04,120.0,55.0
10007114,2019/20,06,165.0,170.0
10007114,2019/20,07,80.0,25.0
10007114,2019/20,10,430.0,385.0
10007114,2019/20,11,285.0,140.0
10007114,2019/20,13,100.0,105.0
10007114,2019/20,15,1035.0,1040.0
10007114,2019/20,16,0.0,5.0
10007114,2019/20,17,940.0,645.0
10007114,2019/20,19,165.0,150.0
10007114,2019/20,20,350.0,185.0
10007114,2019/20,22,180.0,305.0
10007114,2019/20,23,0.0,70.0
10007114,2019/20,24,40.0,15.0
10007114,2019/20,25,775.0,175.0
10007114,2019/20,26,250.0,85.0
10007114,2020/21,01,40.0,5.0
10007114,2020/21,02,620.0,415.0
10007114,2020/21,03,405.0,95.0
10007114,2020/21,04,125.0,70.0
10007114,2020/21,06,220.0,200.0
10007114,2020/21,07,90.0,35.0
10007114,2020/21,10,490.0,335.0
10007114,2020/21,11,315.0,225.0
10007114,2020/21,13,95.0,85.0
10007114,2020/21,15,1085.0,1040.0
10007114,2020/21,16,0.0,10.0
10007114,2020/21,17,1045.0,560.0
10007114,2020/21,19,175.0,190.0
10007114,2020/21,20,380.0,195.0
10007114,2020/21,22,235.0,240.0
10007114,2020/21,23,0.0,45.0
10007114,2020/21,24,40.0,10.0
10007114,2020/21,25,800.0,150.0
10007114,2020/21,26,230.0,105.0
10007114,2021/22,01,40.0,5.0
10007114,2021/22,02,630.0,450.0
10007114,2021/22,03,375.0,110.0
10007114,2021/22,04,140.0,75.0
10007114,2021/22,06,195.0,220.0
10007114,2021/22,07,50.0,10.0
10007114,2021/22,10,415.0,340.0
10007114,2021/22,11,260.0,195.0
10007114,2021/22,13,75.0,85.0
10007114,2021/22,15,985.0,1160.0
10007114,2021/22,16,0.0,5.0
10007114,2021/22,17,865.0,550.0
10007114,2021/22,19,135.0,195.0
10007114,2021/22,20,325.0,230.0
10007114,2021/22,22,255.0,410.0
10007114,2021/22,23,0.0,35.0
10007114,2021/22,24,50.0,10.0
10007114,2021/22,25,650.0,160.0
10007114,2021/22,26,210.0,100.0
10007114,2022/23,01,45.0,5.0
10007114,2022/23,02,650.0,440.0
10007114,2022/23,03,335.0,115.0
10007114,2022/23,04,145.0,65.0
10007114,2022/23,06,205.0,180.0
10007114,2022/23,07,35.0,55.0
10007114,2022/23,10,390.0,320.0
10007114,2022/23,11,265.0,135.0
10007114,2022/23,13,55.0,100.0
10007114,2022/23,15,960.0,1040.0
10007114,2022/23,16,0.0,5.0
10007114,2022/23,17,680.0,535.0
10007114,2022/23,19,135.0,210.0
10007114,2022/23,20,305.0,185.0
10007114,2022/23,22,290.0,440.0
10007114,2022/23,23,0.0,90.0
10007114,2022/23,24,55.0,55.0
10007114,2022/23,25,650.0,165.0
10007114,2022/23,26,225.0,95.0
10007114,2023/24,01,30.0,10.0
10007114,2023/24,02,570.0,460.0
10007114,2023/24,03,340.0,140.0
10007114,2023/24,04,130.0,70.0
10007114,2023/24,06,195.0,185.0
10007114,2023/24,07,45.0,65.0
10007114,2023/24,10,415.0,345.0
10007114,2023/24,11,285.0,145.0
10007114,2023/24,13,70.0,85.0
10007114,2023/24,15,760.0,1150.0
10007114,2023/24,17,610.0,530.0
10007114,2023/24,19,125.0,250.0
10007114,2023/24,20,255.0,185.0
10007114,2023/24,22,230.0,435.0
10007114,2023/24,23,0.0,100.0
10007114,2023/24,24,40.0,100.0
10007114,2023/24,25,645.0,195.0
10007114,2023/24,26,220.0,115.0
10007114,2024/25,01,40.0,0.0
10007114,2024/25,02,525.0,505.0
10007114,2024/25,03,350.0,125.0
10007114,2024/25,04,105.0,65.0
10007114,2024/25,06,205.0,180.0
10007114,2024/25,07,30.0,25.0
10007114,2024/25,10,445.0,305.0
10007114,2024/25,11,255.0,120.0
10007114,2024/25,13,70.0,85.0
10007114,2024/25,15,665.0,900.0
10007114,2024/25,17,570.0,440.0
10007114,2024/25,19,125.0,250.0
10007114,2024/25,20,180.0,190.0
10007114,2024/25,22,300.0,320.0
10007114,2024/25,23,0.0,55.0
10007114,2024/25,24,40.0,65.0
10007114,2024/25,25,630.0,180.0
10007114,2024/25,26,225.0,120.0
10007137,2014/15,02,0.0,125.0
10007137,2014/15,03,1095.0,55.0
10007137,2014/15,04,135.0,5.0
10007137,2014/15,09,20.0,5.0
10007137,2014/15,10,5.0,20.0
10007137,2014/15,11,45.0,0.0
10007137,2014/15,15,415.0,95.0
10007137,2014/15,17,410.0,60.0
10007137,2014/15,19,225.0,50.0
10007137,2014/15,20,245.0,55.0
10007137,2014/15,22,800.0,315.0
10007137,2014/15,24,105.0,0.0
10007137,2014/15,25,1090.0,85.0
10007137,2015/16,02,0.0,125.0
10007137,2015/16,03,1085.0,60.0
10007137,2015/16,04,135.0,5.0
10007137,2015/16,09,25.0,0.0
10007137,2015/16,10,5.0,20.0
10007137,2015/16,11,45.0,0.0
10007137,2015/16,15,430.0,115.0
10007137,2015/16,17,445.0,125.0
10007137,2015/16,19,190.0,40.0
10007137,2015/16,20,230.0,40.0
10007137,2015/16,22,730.0,275.0
10007137,2015/16,24,120.0,0.0
10007137,2015/16,25,1185.0,85.0
10007137,2016/17,02,0.0,135.0
10007137,2016/17,03,1105.0,55.0
10007137,2016/17,04,125.0,5.0
10007137,2016/17,09,35.0,0.0
10007137,2016/17,10,5.0,25.0
10007137,2016/17,11,40.0,20.0
10007137,2016/17,15,420.0,150.0
10007137,2016/17,17,360.0,95.0
10007137,2016/17,19,200.0,35.0
10007137,2016/17,20,260.0,45.0
10007137,2016/17,22,655.0,255.0
10007137,2016/17,24,130.0,0.0
10007137,2016/17,25,1290.0,100.0
10007137,2017/18,02,0.0,135.0
10007137,2017/18,03,1045.0,45.0
10007137,2017/18,04,135.0,5.0
10007137,2017/18,09,40.0,0.0
10007137,2017/18,10,20.0,15.0
10007137,2017/18,11,35.0,35.0
10007137,2017/18,15,390.0,175.0
10007137,2017/18,17,315.0,180.0
10007137,2017/18,19,190.0,40.0
10007137,2017/18,20,255.0,40.0
10007137,2017/18,22,575.0,255.0
10007137,2017/18,24,135.0,5.0
10007137,2017/18,25,1345.0,100.0
10007137,2018/19,02,0.0,140.0
10007137,2018/19,03,985.0,45.0
10007137,2018/19,04,130.0,0.0
10007137,2018/19,09,35.0,5.0
10007137,2018/19,10,35.0,25.0
10007137,2018/19,11,45.0,40.0
10007137,2018/19,15,375.0,205.0
10007137,2018/19,17,250.0,190.0
10007137,2018/19,19,170.0,50.0
10007137,2018/19,20,225.0,35.0
10007137,2018/19,22,535.0,215.0
10007137,2018/19,24,140.0,0.0
10007137,2018/19,25,1490.0,105.0
10007137,2019/20,02,0.0,150.0
10007137,2019/20,03,875.0,60.0
10007137,2019/20,04,155.0,5.0
10007137,2019/20,09,35.0,5.0
10007137,2019/20,10,55.0,50.0
10007137,2019/20,11,50.0,50.0
10007137,2019/20,15,345.0,235.0
10007137,2019/20,16,15.0,0.0
10007137,2019/20,17,295.0,210.0
10007137,2019/20,19,165.0,50.0
10007137,2019/20,20,180.0,40.0
10007137,2019/20,22,465.0,185.0
10007137,2019/20,23,5.0,0.0
10007137,2019/20,24,70.0,0.0
10007137,2019/20,25,1700.0,105.0
10007137,2020/21,02,40.0,165.0
10007137,2020/21,03,785.0,65.0
10007137,2020/21,04,205.0,10.0
10007137,2020/21,09,35.0,5.0
10007137,2020/21,10,55.0,60.0
10007137,2020/21,11,55.0,40.0
10007137,2020/21,15,385.0,240.0
10007137,2020/21,16,30.0,0.0
10007137,2020/21,17,360.0,270.0
10007137,2020/21,19,150.0,35.0
10007137,2020/21,20,170.0,50.0
10007137,2020/21,22,535.0,200.0
10007137,2020/21,24,80.0,0.0
10007137,2020/21,25,1805.0,125.0
10007137,2021/22,02,145.0,160.0
10007137,2021/22,03,765.0,60.0
10007137,2021/22,04,310.0,10.0
10007137,2021/22,09,30.0,5.0
10007137,2021/22,10,50.0,90.0
10007137,2021/22,11,75.0,35.0
10007137,2021/22,15,415.0,205.0
10007137,2021/22,16,55.0,0.0
10007137,2021/22,17,305.0,200.0
10007137,2021/22,19,150.0,45.0
10007137,2021/22,20,150.0,50.0
10007137,2021/22,22,575.0,210.0
10007137,2021/22,24,90.0,0.0
10007137,2021/22,25,1730.0,90.0
10007137,2022/23,02,235.0,170.0
10007137,2022/23,03,690.0,40.0
10007137,2022/23,04,420.0,10.0
10007137,2022/23,09,25.0,0.0
10007137,2022/23,10,50.0,90.0
10007137,2022/23,11,100.0,40.0
10007137,2022/23,15,470.0,225.0
10007137,2022/23,16,85.0,0.0
10007137,2022/23,17,275.0,190.0
10007137,2022/23,19,160.0,30.0
10007137,2022/23,20,140.0,45.0
10007137,2022/23,22,525.0,185.0
10007137,2022/23,24,85.0,0.0
10007137,2022/23,25,1530.0,60.0
10007137,2023/24,02,320.0,170.0
10007137,2023/24,03,680.0,40.0
10007137,2023/24,04,500.0,20.0
10007137,2023/24,09,25.0,0.0
10007137,2023/24,10,50.0,85.0
10007137,2023/24,11,735.0,35.0
10007137,2023/24,15,425.0,555.0
10007137,2023/24,16,120.0,5.0
10007137,2023/24,17,315.0,140.0
10007137,2023/24,19,185.0,30.0
10007137,2023/24,20,140.0,30.0
10007137,2023/24,22,505.0,180.0
10007137,2023/24,24,85.0,0.0
10007137,2023/24,25,1410.0,45.0
10007137,2024/25,02,435.0,150.0
10007137,2024/25,03,635.0,30.0
10007137,2024/25,04,465.0,25.0
10007137,2024/25,09,30.0,0.0
10007137,2024/25,10,45.0,95.0
10007137,2024/25,11,255.0,35.0
10007137,2024/25,15,410.0,925.0
10007137,2024/25,16,125.0,5.0
10007137,2024/25,17,265.0,130.0
10007137,2024/25,19,180.0,30.0
10007137,2024/25,20,120.0,25.0
10007137,2024/25,22,470.0,90.0
10007137,2024/25,23,0.0,10.0
10007137,2024/25,24,80.0,0.0
10007137,2024/25,25,1300.0,40.0
10007138,2014/15,02,1245.0,1310.0
10007138,2014/15,03,465.0,15.0
10007138,2014/15,04,485.0,50.0
10007138,2014/15,06,15.0,5.0
10007138,2014/15,10,245.0,220.0
10007138,2014/15,11,440.0,70.0
10007138,2014/15,13,45.0,15.0
10007138,2014/15,15,1120.0,145.0
10007138,2014/15,16,300.0,30.0
10007138,2014/15,17,2205.0,675.0
10007138,2014/15,19,195.0,20.0
10007138,2014/15,20,160.0,15.0
10007138,2014/15,22,1275.0,915.0
10007138,2014/15,24,225.0,15.0
10007138,2014/15,25,985.0,65.0
10007138,2014/15,26,195.0,105.0
10007138,2015/16,02,1335.0,1270.0
10007138,2015/16,03,445.0,20.0
10007138,2015/16,04,490.0,60.0
10007138,2015/16,06,10.0,10.0
10007138,2015/16,07,0.0,45.0
10007138,2015/16,10,305.0,185.0
10007138,2015/16,11,465.0,75.0
10007138,2015/16,13,45.0,10.0
10007138,2015/16,15,990.0,120.0
10007138,2015/16,16,280.0,35.0
10007138,2015/16,17,2270.0,630.0
10007138,2015/16,19,185.0,10.0
10007138,2015/16,20,135.0,15.0
10007138,2015/16,22,1250.0,765.0
10007138,2015/16,24,235.0,5.0
10007138,2015/16,25,955.0,60.0
10007138,2015/16,26,180.0,80.0
10007138,2016/17,02,1390.0,1075.0
10007138,2016/17,03,445.0,30.0
10007138,2016/17,04,650.0,70.0
10007138,2016/17,06,5.0,10.0
10007138,2016/17,07,0.0,20.0
10007138,2016/17,10,265.0,170.0
10007138,2016/17,11,545.0,70.0
10007138,2016/17,13,50.0,10.0
10007138,2016/17,15,990.0,95.0
10007138,2016/17,16,305.0,35.0
10007138,2016/17,17,2435.0,465.0
10007138,2016/17,19,155.0,30.0
10007138,2016/17,20,120.0,25.0
10007138,2016/17,22,1130.0,700.0
10007138,2016/17,24,235.0,10.0
10007138,2016/17,25,965.0,55.0
10007138,2016/17,26,165.0,130.0
10007138,2017/18,02,1440.0,850.0
10007138,2017/18,03,430.0,40.0
10007138,2017/18,04,575.0,125.0
10007138,2017/18,06,0.0,10.0
10007138,2017/18,07,0.0,5.0
10007138,2017/18,10,285.0,155.0
10007138,2017/18,11,480.0,60.0
10007138,2017/18,13,55.0,15.0
10007138,2017/18,15,950.0,125.0
10007138,2017/18,16,335.0,40.0
10007138,2017/18,17,2475.0,465.0
10007138,2017/18,19,140.0,25.0
10007138,2017/18,20,95.0,25.0
10007138,2017/18,22,1010.0,470.0
10007138,2017/18,24,195.0,15.0
10007138,2017/18,25,805.0,40.0
10007138,2017/18,26,135.0,110.0
10007138,2018/19,02,1380.0,890.0
10007138,2018/19,03,455.0,50.0
10007138,2018/19,04,590.0,140.0
10007138,2018/19,06,0.0,5.0
10007138,2018/19,07,0.0,5.0
10007138,2018/19,10,265.0,140.0
10007138,2018/19,11,440.0,75.0
10007138,2018/19,13,60.0,10.0
10007138,2018/19,15,1025.0,160.0
10007138,2018/19,16,330.0,50.0
10007138,2018/19,17,2700.0,440.0
10007138,2018/19,19,115.0,25.0
10007138,2018/19,20,105.0,25.0
10007138,2018/19,22,915.0,395.0
10007138,2018/19,24,205.0,15.0
10007138,2018/19,25,815.0,50.0
10007138,2018/19,26,130.0,85.0
10007138,2019/20,01,0.0,10.0
10007138,2019/20,02,1360.0,825.0
10007138,2019/20,03,490.0,60.0
10007138,2019/20,04,585.0,165.0
10007138,2019/20,07,0.0,5.0
10007138,2019/20,10,225.0,170.0
10007138,2019/20,11,535.0,80.0
10007138,2019/20,13,60.0,10.0
10007138,2019/20,15,1110.0,125.0
10007138,2019/20,16,475.0,45.0
10007138,2019/20,17,2780.0,405.0
10007138,2019/20,19,100.0,15.0
10007138,2019/20,20,90.0,20.0
10007138,2019/20,22,750.0,335.0
10007138,2019/20,24,210.0,15.0
10007138,2019/20,25,785.0,55.0
10007138,2019/20,26,120.0,45.0
10007138,2020/21,01,0.0,10.0
10007138,2020/21,02,1695.0,1055.0
10007138,2020/21,03,500.0,65.0
10007138,2020/21,04,615.0,190.0
10007138,2020/21,10,185.0,230.0
10007138,2020/21,11,565.0,90.0
10007138,2020/21,13,50.0,5.0
10007138,2020/21,15,1270.0,120.0
10007138,2020/21,16,495.0,65.0
10007138,2020/21,17,3780.0,515.0
10007138,2020/21,19,100.0,15.0
10007138,2020/21,20,90.0,20.0
10007138,2020/21,22,770.0,310.0
10007138,2020/21,24,235.0,15.0
10007138,2020/21,25,790.0,35.0
10007138,2020/21,26,100.0,50.0
10007138,2021/22,01,0.0,5.0
10007138,2021/22,02,1940.0,1345.0
10007138,2021/22,03,465.0,80.0
10007138,2021/22,04,615.0,190.0
10007138,2021/22,10,225.0,235.0
10007138,2021/22,11,615.0,90.0
10007138,2021/22,13,40.0,10.0
10007138,2021/22,15,1475.0,170.0
10007138,2021/22,16,450.0,130.0
10007138,2021/22,17,4570.0,650.0
10007138,2021/22,19,95.0,25.0
10007138,2021/22,20,70.0,25.0
10007138,2021/22,22,725.0,280.0
10007138,2021/22,24,235.0,10.0
10007138,2021/22,25,1215.0,30.0
10007138,2021/22,26,70.0,20.0
10007138,2022/23,01,0.0,5.0
10007138,2022/23,02,2095.0,1290.0
10007138,2022/23,03,455.0,80.0
10007138,2022/23,04,970.0,220.0
10007138,2022/23,07,0.0,5.0
10007138,2022/23,10,235.0,280.0
10007138,2022/23,11,715.0,55.0
10007138,2022/23,13,45.0,5.0
10007138,2022/23,15,1300.0,180.0
10007138,2022/23,16,435.0,190.0
10007138,2022/23,17,4560.0,725.0
10007138,2022/23,19,70.0,15.0
10007138,2022/23,20,70.0,25.0
10007138,2022/23,22,640.0,240.0
10007138,2022/23,24,235.0,10.0
10007138,2022/23,25,1855.0,25.0
10007138,2022/23,26,70.0,5.0
10007138,2023/24,02,2105.0,1240.0
10007138,2023/24,03,550.0,60.0
10007138,2023/24,04,1080.0,165.0
10007138,2023/24,10,245.0,260.0
10007138,2023/24,11,870.0,45.0
10007138,2023/24,13,45.0,5.0
10007138,2023/24,15,1210.0,120.0
10007138,2023/24,16,415.0,130.0
10007138,2023/24,17,3685.0,435.0
10007138,2023/24,19,55.0,15.0
10007138,2023/24,20,65.0,20.0
10007138,2023/24,22,550.0,195.0
10007138,2023/24,24,210.0,5.0
10007138,2023/24,25,2535.0,15.0
10007138,2023/24,26,75.0,15.0
10007138,2024/25,01,0.0,10.0
10007138,2024/25,02,2110.0,1185.0
10007138,2024/25,03,500.0,45.0
10007138,2024/25,04,815.0,135.0
10007138,2024/25,10,220.0,270.0
10007138,2024/25,11,890.0,35.0
10007138,2024/25,13,20.0,15.0
10007138,2024/25,15,905.0,110.0
10007138,2024/25,16,455.0,80.0
10007138,2024/25,17,2660.0,350.0
10007138,2024/25,19,55.0,20.0
10007138,2024/25,20,60.0,30.0
10007138,2024/25,22,585.0,170.0
10007138,2024/25,23,0.0,35.0
10007138,2024/25,24,115.0,5.0
10007138,2024/25,25,1500.0,30.0
10007138,2024/25,26,80.0,5.0
10007139,2014/15,02,1200.0,730.0
10007139,2014/15,03,1320.0,85.0
10007139,2014/15,04,420.0,65.0
10007139,2014/15,06,55.0,10.0
10007139,2014/15,07,55.0,5.0
10007139,2014/15,11,245.0,15.0
10007139,2014/15,15,440.0,220.0
10007139,2014/15,16,15.0,0.0
10007139,2014/15,17,750.0,325.0
10007139,2014/15,19,230.0,10.0
10007139,2014/15,20,190.0,15.0
10007139,2014/15,22,1930.0,835.0
10007139,2014/15,24,300.0,10.0
10007139,2014/15,25,405.0,20.0
10007139,2014/15,26,145.0,10.0
10007139,2015/16,02,1495.0,855.0
10007139,2015/16,03,1450.0,95.0
10007139,2015/16,04,405.0,65.0
10007139,2015/16,06,45.0,10.0
10007139,2015/16,07,45.0,5.0
10007139,2015/16,09,10.0,0.0
10007139,2015/16,10,5.0,0.0
10007139,2015/16,11,255.0,15.0
10007139,2015/16,15,430.0,125.0
10007139,2015/16,16,35.0,0.0
10007139,2015/16,17,755.0,335.0
10007139,2015/16,19,245.0,15.0
10007139,2015/16,20,200.0,15.0
10007139,2015/16,22,1900.0,725.0
10007139,2015/16,24,310.0,15.0
10007139,2015/16,25,410.0,20.0
10007139,2015/16,26,170.0,10.0
10007139,2016/17,02,1820.0,875.0
10007139,2016/17,03,1425.0,125.0
10007139,2016/17,04,455.0,80.0
10007139,2016/17,06,25.0,5.0
10007139,2016/17,07,45.0,5.0
10007139,2016/17,09,15.0,0.0
10007139,2016/17,10,5.0,0.0
10007139,2016/17,11,305.0,20.0
10007139,2016/17,15,530.0,130.0
10007139,2016/17,16,120.0,5.0
10007139,2016/17,17,765.0,215.0
10007139,2016/17,19,235.0,10.0
10007139,2016/17,20,195.0,30.0
10007139,2016/17,22,1765.0,610.0
10007139,2016/17,24,315.0,10.0
10007139,2016/17,25,425.0,10.0
10007139,2016/17,26,175.0,5.0
10007139,2017/18,02,1975.0,770.0
10007139,2017/18,03,1420.0,170.0
10007139,2017/18,04,525.0,95.0
10007139,2017/18,06,0.0,5.0
10007139,2017/18,07,55.0,5.0
10007139,2017/18,09,15.0,0.0
10007139,2017/18,10,15.0,0.0
10007139,2017/18,11,320.0,25.0
10007139,2017/18,15,580.0,95.0
10007139,2017/18,16,105.0,5.0
10007139,2017/18,17,775.0,125.0
10007139,2017/18,19,235.0,5.0
10007139,2017/18,20,180.0,20.0
10007139,2017/18,22,1725.0,590.0
10007139,2017/18,24,310.0,5.0
10007139,2017/18,25,425.0,10.0
10007139,2017/18,26,205.0,5.0
10007139,2018/19,02,2005.0,725.0
10007139,2018/19,03,1295.0,145.0
10007139,2018/19,04,515.0,100.0
10007139,2018/19,07,55.0,5.0
10007139,2018/19,09,5.0,0.0
10007139,2018/19,10,25.0,5.0
10007139,2018/19,11,290.0,25.0
10007139,2018/19,15,580.0,100.0
10007139,2018/19,16,165.0,0.0
10007139,2018/19,17,645.0,120.0
10007139,2018/19,19,195.0,10.0
10007139,2018/19,20,170.0,25.0
10007139,2018/19,22,1590.0,445.0
10007139,2018/19,24,275.0,20.0
10007139,2018/19,25,350.0,15.0
10007139,2018/19,26,170.0,5.0
10007139,2019/20,02,1785.0,405.0
10007139,2019/20,03,1165.0,145.0
10007139,2019/20,04,575.0,55.0
10007139,2019/20,07,65.0,5.0
10007139,2019/20,10,25.0,5.0
10007139,2019/20,11,210.0,20.0
10007139,2019/20,15,1110.0,435.0
10007139,2019/20,16,195.0,5.0
10007139,2019/20,17,945.0,115.0
10007139,2019/20,19,185.0,10.0
10007139,2019/20,20,140.0,20.0
10007139,2019/20,22,1405.0,380.0
10007139,2019/20,24,130.0,10.0
10007139,2019/20,25,455.0,25.0
10007139,2019/20,26,145.0,5.0
10007139,2020/21,02,2130.0,395.0
10007139,2020/21,03,1090.0,155.0
10007139,2020/21,04,500.0,60.0
10007139,2020/21,07,65.0,0.0
10007139,2020/21,10,30.0,5.0
10007139,2020/21,11,160.0,10.0
10007139,2020/21,15,1105.0,620.0
10007139,2020/21,16,195.0,10.0
10007139,2020/21,17,660.0,90.0
10007139,2020/21,19,170.0,10.0
10007139,2020/21,20,125.0,15.0
10007139,2020/21,22,1490.0,350.0
10007139,2020/21,24,105.0,10.0
10007139,2020/21,25,450.0,20.0
10007139,2020/21,26,90.0,5.0
10007139,2021/22,01,15.0,0.0
10007139,2021/22,02,2535.0,800.0
10007139,2021/22,03,995.0,115.0
10007139,2021/22,04,480.0,65.0
10007139,2021/22,07,70.0,0.0
10007139,2021/22,10,10.0,5.0
10007139,2021/22,11,170.0,10.0
10007139,2021/22,15,795.0,210.0
10007139,2021/22,16,175.0,10.0
10007139,2021/22,17,725.0,75.0
10007139,2021/22,19,145.0,20.0
10007139,2021/22,20,105.0,15.0
10007139,2021/22,22,1345.0,455.0
10007139,2021/22,24,95.0,5.0
10007139,2021/22,25,360.0,15.0
10007139,2021/22,26,70.0,0.0
10007139,2022/23,01,5.0,0.0
10007139,2022/23,02,2540.0,815.0
10007139,2022/23,03,875.0,120.0
10007139,2022/23,04,405.0,75.0
10007139,2022/23,07,75.0,0.0
10007139,2022/23,10,45.0,0.0
10007139,2022/23,11,170.0,10.0
10007139,2022/23,15,665.0,215.0
10007139,2022/23,16,205.0,20.0
10007139,2022/23,17,835.0,85.0
10007139,2022/23,19,135.0,10.0
10007139,2022/23,20,85.0,10.0
10007139,2022/23,22,1190.0,395.0
10007139,2022/23,23,5.0,10.0
10007139,2022/23,24,85.0,5.0
10007139,2022/23,25,360.0,15.0
10007139,2022/23,26,100.0,5.0
10007139,2023/24,01,65.0,5.0
10007139,2023/24,02,2620.0,520.0
10007139,2023/24,03,845.0,115.0
10007139,2023/24,04,355.0,75.0
10007139,2023/24,07,80.0,5.0
10007139,2023/24,10,65.0,5.0
10007139,2023/24,11,205.0,20.0
10007139,2023/24,15,610.0,270.0
10007139,2023/24,16,245.0,20.0
10007139,2023/24,17,745.0,75.0
10007139,2023/24,19,150.0,10.0
10007139,2023/24,20,85.0,10.0
10007139,2023/24,22,1040.0,345.0
10007139,2023/24,23,5.0,0.0
10007139,2023/24,24,85.0,5.0
10007139,2023/24,25,355.0,15.0
10007139,2023/24,26,115.0,0.0
10007139,2024/25,01,145.0,5.0
10007139,2024/25,02,2715.0,595.0
10007139,2024/25,03,730.0,75.0
10007139,2024/25,04,345.0,55.0
10007139,2024/25,07,70.0,5.0
10007139,2024/25,10,45.0,5.0
10007139,2024/25,11,225.0,15.0
10007139,2024/25,15,555.0,185.0
10007139,2024/25,16,240.0,20.0
10007139,2024/25,17,535.0,60.0
10007139,2024/25,19,155.0,10.0
10007139,2024/25,20,80.0,10.0
10007139,2024/25,22,970.0,335.0
10007139,2024/25,23,0.0,5.0
10007139,2024/25,24,80.0,5.0
10007139,2024/25,25,345.0,10.0
10007139,2024/25,26,130.0,5.0
10007140,2014/15,01,0.0,35.0
10007140,2014/15,02,3410.0,2405.0
10007140,2014/15,04,635.0,45.0
10007140,2014/15,07,65.0,5.0
10007140,2014/15,10,1570.0,225.0
10007140,2014/15,11,805.0,25.0
10007140,2014/15,13,525.0,420.0
10007140,2014/15,15,1315.0,85.0
10007140,2014/15,16,880.0,85.0
10007140,2014/15,17,3125.0,575.0
10007140,2014/15,19,330.0,80.0
10007140,2014/15,20,10.0,0.0
10007140,2014/15,22,1395.0,605.0
10007140,2014/15,23,0.0,105.0
10007140,2014/15,24,795.0,60.0
10007140,2014/15,25,3510.0,200.0
10007140,2015/16,01,0.0,35.0
10007140,2015/16,02,3545.0,2545.0
10007140,2015/16,04,740.0,35.0
10007140,2015/16,07,55.0,0.0
10007140,2015/16,10,1650.0,115.0
10007140,2015/16,11,890.0,20.0
10007140,2015/16,13,550.0,475.0
10007140,2015/16,15,1530.0,65.0
10007140,2015/16,16,825.0,95.0
10007140,2015/16,17,3340.0,450.0
10007140,2015/16,19,330.0,50.0
10007140,2015/16,20,5.0,0.0
10007140,2015/16,22,1285.0,720.0
10007140,2015/16,23,0.0,95.0
10007140,2015/16,24,780.0,70.0
10007140,2015/16,25,3590.0,185.0
10007140,2016/17,02,3685.0,2250.0
10007140,2016/17,04,745.0,25.0
10007140,2016/17,07,40.0,0.0
10007140,2016/17,10,1650.0,110.0
10007140,2016/17,11,985.0,20.0
10007140,2016/17,13,610.0,535.0
10007140,2016/17,15,1510.0,95.0
10007140,2016/17,16,865.0,75.0
10007140,2016/17,17,3410.0,335.0
10007140,2016/17,19,335.0,35.0
10007140,2016/17,20,70.0,0.0
10007140,2016/17,22,1270.0,550.0
10007140,2016/17,23,0.0,130.0
10007140,2016/17,24,815.0,75.0
10007140,2016/17,25,3715.0,175.0
10007140,2017/18,02,3700.0,2180.0
10007140,2017/18,03,255.0,0.0
10007140,2017/18,04,790.0,65.0
10007140,2017/18,07,20.0,0.0
10007140,2017/18,09,0.0,5.0
10007140,2017/18,10,1435.0,130.0
10007140,2017/18,11,1125.0,30.0
10007140,2017/18,13,705.0,565.0
10007140,2017/18,15,1645.0,90.0
10007140,2017/18,16,1025.0,90.0
10007140,2017/18,17,3570.0,295.0
10007140,2017/18,19,310.0,40.0
10007140,2017/18,20,55.0,0.0
10007140,2017/18,22,1310.0,355.0
10007140,2017/18,23,0.0,90.0
10007140,2017/18,24,790.0,55.0
10007140,2017/18,25,3670.0,175.0
10007140,2018/19,02,3980.0,2320.0
10007140,2018/19,03,485.0,15.0
10007140,2018/19,04,865.0,120.0
10007140,2018/19,07,10.0,5.0
10007140,2018/19,09,0.0,15.0
10007140,2018/19,10,1205.0,115.0
10007140,2018/19,11,1235.0,45.0
10007140,2018/19,13,775.0,600.0
10007140,2018/19,15,1750.0,90.0
10007140,2018/19,16,1075.0,110.0
10007140,2018/19,17,3630.0,280.0
10007140,2018/19,19,245.0,60.0
10007140,2018/19,20,30.0,5.0
10007140,2018/19,22,1460.0,405.0
10007140,2018/19,23,0.0,115.0
10007140,2018/19,24,770.0,55.0
10007140,2018/19,25,3805.0,190.0
10007140,2019/20,02,4740.0,1595.0
10007140,2019/20,03,295.0,5.0
10007140,2019/20,04,865.0,130.0
10007140,2019/20,06,15.0,0.0
10007140,2019/20,09,5.0,0.0
10007140,2019/20,10,1140.0,90.0
10007140,2019/20,11,1645.0,35.0
10007140,2019/20,13,845.0,525.0
10007140,2019/20,15,2085.0,95.0
10007140,2019/20,16,1305.0,105.0
10007140,2019/20,17,4345.0,300.0
10007140,2019/20,19,255.0,45.0
10007140,2019/20,20,5.0,0.0
10007140,2019/20,22,1320.0,435.0
10007140,2019/20,23,5.0,95.0
10007140,2019/20,24,865.0,40.0
10007140,2019/20,25,3550.0,155.0
10007140,2020/21,02,5695.0,1880.0
10007140,2020/21,03,380.0,10.0
10007140,2020/21,04,1010.0,140.0
10007140,2020/21,06,20.0,0.0
10007140,2020/21,09,10.0,0.0
10007140,2020/21,10,1210.0,100.0
10007140,2020/21,11,1910.0,40.0
10007140,2020/21,13,840.0,420.0
10007140,2020/21,15,2140.0,100.0
10007140,2020/21,16,1495.0,80.0
10007140,2020/21,17,4625.0,250.0
10007140,2020/21,19,230.0,35.0
10007140,2020/21,22,1635.0,430.0
10007140,2020/21,23,5.0,125.0
10007140,2020/21,24,845.0,45.0
10007140,2020/21,25,3140.0,140.0
10007140,2021/22,02,5995.0,2445.0
10007140,2021/22,03,405.0,5.0
10007140,2021/22,04,1110.0,170.0
10007140,2021/22,06,20.0,0.0
10007140,2021/22,09,25.0,0.0
10007140,2021/22,10,1245.0,95.0
10007140,2021/22,11,1965.0,45.0
10007140,2021/22,13,865.0,390.0
10007140,2021/22,15,2075.0,175.0
10007140,2021/22,16,1605.0,75.0
10007140,2021/22,17,4780.0,265.0
10007140,2021/22,19,230.0,40.0
10007140,2021/22,20,5.0,0.0
10007140,2021/22,22,1600.0,475.0
10007140,2021/22,23,10.0,130.0
10007140,2021/22,24,810.0,30.0
10007140,2021/22,25,3045.0,155.0
10007140,2022/23,02,5965.0,2500.0
10007140,2022/23,03,480.0,5.0
10007140,2022/23,04,1170.0,175.0
10007140,2022/23,06,10.0,0.0
10007140,2022/23,09,25.0,0.0
10007140,2022/23,10,1250.0,85.0
10007140,2022/23,11,2305.0,35.0
10007140,2022/23,13,1010.0,375.0
10007140,2022/23,15,2035.0,190.0
10007140,2022/23,16,1760.0,80.0
10007140,2022/23,17,5780.0,280.0
10007140,2022/23,19,245.0,25.0
10007140,2022/23,20,5.0,0.0
10007140,2022/23,22,1370.0,440.0
10007140,2022/23,23,20.0,90.0
10007140,2022/23,24,835.0,20.0
10007140,2022/23,25,3060.0,110.0
10007140,2023/24,02,6190.0,2575.0
10007140,2023/24,03,545.0,10.0
10007140,2023/24,04,1240.0,130.0
10007140,2023/24,06,5.0,0.0
10007140,2023/24,09,15.0,0.0
10007140,2023/24,10,1180.0,120.0
10007140,2023/24,11,2555.0,30.0
10007140,2023/24,13,950.0,395.0
10007140,2023/24,15,1920.0,205.0
10007140,2023/24,16,1715.0,45.0
10007140,2023/24,17,5550.0,255.0
10007140,2023/24,19,225.0,25.0
10007140,2023/24,22,1350.0,410.0
10007140,2023/24,23,30.0,110.0
10007140,2023/24,24,740.0,20.0
10007140,2023/24,25,2890.0,95.0
10007140,2024/25,02,6185.0,2340.0
10007140,2024/25,03,555.0,10.0
10007140,2024/25,04,1300.0,75.0
10007140,2024/25,09,10.0,0.0
10007140,2024/25,10,1205.0,140.0
10007140,2024/25,11,2790.0,70.0
10007140,2024/25,13,1050.0,455.0
10007140,2024/25,15,1720.0,345.0
10007140,2024/25,16,1775.0,25.0
10007140,2024/25,17,5650.0,275.0
10007140,2024/25,19,210.0,20.0
10007140,2024/25,22,1365.0,455.0
10007140,2024/25,23,25.0,130.0
10007140,2024/25,24,700.0,15.0
10007140,2024/25,25,2875.0,95.0
10007141,2014/15,01,135.0,310.0
10007141,2014/15,02,2815.0,2245.0
10007141,2014/15,03,795.0,185.0
10007141,2014/15,04,835.0,120.0
10007141,2014/15,05,20.0,85.0
10007141,2014/15,06,235.0,265.0
10007141,2014/15,07,1145.0,490.0
10007141,2014/15,09,115.0,10.0
10007141,2014/15,10,605.0,595.0
10007141,2014/15,11,515.0,80.0
10007141,2014/15,13,320.0,350.0
10007141,2014/15,15,2155.0,575.0
10007141,2014/15,16,715.0,240.0
10007141,2014/15,17,2230.0,860.0
10007141,2014/15,19,745.0,605.0
10007141,2014/15,20,215.0,35.0
10007141,2014/15,22,400.0,925.0
10007141,2014/15,24,800.0,35.0
10007141,2014/15,25,2450.0,205.0
10007141,2014/15,26,140.0,50.0
10007141,2015/16,01,200.0,430.0
10007141,2015/16,02,3375.0,2035.0
10007141,2015/16,03,1205.0,270.0
10007141,2015/16,04,945.0,95.0
10007141,2015/16,05,10.0,35.0
10007141,2015/16,06,135.0,150.0
10007141,2015/16,07,885.0,420.0
10007141,2015/16,09,95.0,10.0
10007141,2015/16,10,575.0,405.0
10007141,2015/16,11,795.0,140.0
10007141,2015/16,13,285.0,270.0
10007141,2015/16,15,1505.0,595.0
10007141,2015/16,16,1100.0,265.0
10007141,2015/16,17,2015.0,510.0
10007141,2015/16,19,900.0,500.0
10007141,2015/16,20,285.0,30.0
10007141,2015/16,22,200.0,475.0
10007141,2015/16,23,25.0,0.0
10007141,2015/16,24,465.0,40.0
10007141,2015/16,25,2415.0,200.0
10007141,2015/16,26,155.0,20.0
10007141,2016/17,01,335.0,355.0
10007141,2016/17,02,3520.0,1980.0
10007141,2016/17,03,1200.0,260.0
10007141,2016/17,04,940.0,95.0
10007141,2016/17,05,0.0,10.0
10007141,2016/17,06,65.0,60.0
10007141,2016/17,07,1005.0,365.0
10007141,2016/17,09,95.0,5.0
10007141,2016/17,10,620.0,350.0
10007141,2016/17,11,820.0,150.0
10007141,2016/17,13,275.0,255.0
10007141,2016/17,15,1770.0,645.0
10007141,2016/17,16,805.0,285.0
10007141,2016/17,17,2105.0,465.0
10007141,2016/17,19,930.0,555.0
10007141,2016/17,20,270.0,35.0
10007141,2016/17,22,165.0,370.0
10007141,2016/17,23,5.0,0.0
10007141,2016/17,24,360.0,40.0
10007141,2016/17,25,2255.0,225.0
10007141,2016/17,26,100.0,20.0
10007141,2017/18,01,515.0,385.0
10007141,2017/18,02,3745.0,1355.0
10007141,2017/18,03,1160.0,235.0
10007141,2017/18,04,930.0,100.0
10007141,2017/18,05,0.0,5.0
10007141,2017/18,06,0.0,10.0
10007141,2017/18,07,970.0,370.0
10007141,2017/18,09,85.0,5.0
10007141,2017/18,10,705.0,355.0
10007141,2017/18,11,830.0,155.0
10007141,2017/18,13,310.0,240.0
10007141,2017/18,15,1765.0,600.0
10007141,2017/18,16,760.0,280.0
10007141,2017/18,17,1960.0,370.0
10007141,2017/18,19,1050.0,115.0
10007141,2017/18,20,275.0,40.0
10007141,2017/18,22,175.0,310.0
10007141,2017/18,23,5.0,0.0
10007141,2017/18,24,310.0,30.0
10007141,2017/18,25,2115.0,265.0
10007141,2017/18,26,100.0,5.0
10007141,2018/19,01,685.0,410.0
10007141,2018/19,02,3765.0,1505.0
10007141,2018/19,03,1110.0,255.0
10007141,2018/19,04,1010.0,130.0
10007141,2018/19,06,5.0,0.0
10007141,2018/19,07,1030.0,315.0
10007141,2018/19,09,80.0,10.0
10007141,2018/19,10,795.0,350.0
10007141,2018/19,11,705.0,125.0
10007141,2018/19,13,340.0,195.0
10007141,2018/19,15,1680.0,660.0
10007141,2018/19,16,680.0,240.0
10007141,2018/19,17,2100.0,385.0
10007141,2018/19,19,1005.0,125.0
10007141,2018/19,20,265.0,45.0
10007141,2018/19,22,160.0,270.0
10007141,2018/19,23,40.0,0.0
10007141,2018/19,24,485.0,20.0
10007141,2018/19,25,1880.0,260.0
10007141,2018/19,26,75.0,5.0
10007141,2019/20,01,915.0,405.0
10007141,2019/20,02,3830.0,1490.0
10007141,2019/20,03,815.0,245.0
10007141,2019/20,04,795.0,135.0
10007141,2019/20,06,0.0,15.0
10007141,2019/20,07,725.0,225.0
10007141,2019/20,09,75.0,5.0
10007141,2019/20,10,1160.0,295.0
10007141,2019/20,11,1055.0,125.0
10007141,2019/20,13,385.0,145.0
10007141,2019/20,15,2235.0,715.0
10007141,2019/20,16,1085.0,530.0
10007141,2019/20,17,2560.0,345.0
10007141,2019/20,19,1060.0,120.0
10007141,2019/20,20,255.0,40.0
10007141,2019/20,22,305.0,230.0
10007141,2019/20,23,15.0,5.0
10007141,2019/20,24,310.0,10.0
10007141,2019/20,25,1740.0,250.0
10007141,2019/20,26,60.0,5.0
10007141,2020/21,01,1280.0,450.0
10007141,2020/21,02,4645.0,2005.0
10007141,2020/21,03,785.0,235.0
10007141,2020/21,04,940.0,175.0
10007141,2020/21,06,0.0,10.0
10007141,2020/21,07,790.0,230.0
10007141,2020/21,09,70.0,0.0
10007141,2020/21,10,1540.0,205.0
10007141,2020/21,11,1210.0,100.0
10007141,2020/21,13,480.0,75.0
10007141,2020/21,15,2335.0,750.0
10007141,2020/21,16,1210.0,755.0
10007141,2020/21,17,3220.0,300.0
10007141,2020/21,19,1015.0,110.0
10007141,2020/21,20,250.0,35.0
10007141,2020/21,22,365.0,155.0
10007141,2020/21,23,15.0,5.0
10007141,2020/21,24,335.0,25.0
10007141,2020/21,25,1590.0,200.0
10007141,2020/21,26,40.0,5.0
10007141,2021/22,01,1575.0,480.0
10007141,2021/22,02,4785.0,2180.0
10007141,2021/22,03,705.0,245.0
10007141,2021/22,04,1070.0,125.0
10007141,2021/22,06,0.0,10.0
10007141,2021/22,07,760.0,240.0
10007141,2021/22,09,35.0,5.0
10007141,2021/22,10,1515.0,295.0
10007141,2021/22,11,1065.0,70.0
10007141,2021/22,13,355.0,220.0
10007141,2021/22,15,2070.0,795.0
10007141,2021/22,16,1110.0,735.0
10007141,2021/22,17,3960.0,365.0
10007141,2021/22,19,900.0,130.0
10007141,2021/22,20,225.0,45.0
10007141,2021/22,22,315.0,140.0
10007141,2021/22,23,5.0,0.0
10007141,2021/22,24,250.0,45.0
10007141,2021/22,25,1345.0,140.0
10007141,2021/22,26,25.0,5.0
10007141,2022/23,01,1825.0,630.0
10007141,2022/23,02,4620.0,2410.0
10007141,2022/23,03,585.0,170.0
10007141,2022/23,04,930.0,125.0
10007141,2022/23,06,35.0,10.0
10007141,2022/23,07,715.0,195.0
10007141,2022/23,09,40.0,5.0
10007141,2022/23,10,1395.0,385.0
10007141,2022/23,11,925.0,125.0
10007141,2022/23,13,415.0,175.0
10007141,2022/23,15,1810.0,710.0
10007141,2022/23,16,1000.0,640.0
10007141,2022/23,17,4080.0,415.0
10007141,2022/23,19,850.0,130.0
10007141,2022/23,20,170.0,30.0
10007141,2022/23,22,250.0,165.0
10007141,2022/23,23,190.0,185.0
10007141,2022/23,24,215.0,35.0
10007141,2022/23,25,1220.0,90.0
10007141,2022/23,26,5.0,5.0
10007141,2023/24,01,1790.0,655.0
10007141,2023/24,02,4425.0,1895.0
10007141,2023/24,03,490.0,190.0
10007141,2023/24,04,875.0,85.0
10007141,2023/24,05,115.0,0.0
10007141,2023/24,06,70.0,30.0
10007141,2023/24,07,655.0,160.0
10007141,2023/24,09,40.0,5.0
10007141,2023/24,10,1140.0,345.0
10007141,2023/24,11,800.0,110.0
10007141,2023/24,13,320.0,215.0
10007141,2023/24,15,1700.0,500.0
10007141,2023/24,16,760.0,335.0
10007141,2023/24,17,2895.0,500.0
10007141,2023/24,19,660.0,85.0
10007141,2023/24,20,145.0,15.0
10007141,2023/24,22,255.0,140.0
10007141,2023/24,23,170.0,155.0
10007141,2023/24,24,215.0,20.0
10007141,2023/24,25,1090.0,75.0
10007141,2024/25,01,1975.0,580.0
10007141,2024/25,02,4230.0,1510.0
10007141,2024/25,03,505.0,155.0
10007141,2024/25,04,995.0,95.0
10007141,2024/25,05,195.0,0.0
10007141,2024/25,06,85.0,40.0
10007141,2024/25,07,620.0,150.0
10007141,2024/25,09,35.0,0.0
10007141,2024/25,10,1095.0,365.0
10007141,2024/25,11,930.0,145.0
10007141,2024/25,13,290.0,310.0
10007141,2024/25,15,1555.0,730.0
10007141,2024/25,16,700.0,225.0
10007141,2024/25,17,2880.0,480.0
10007141,2024/25,19,540.0,80.0
10007141,2024/25,20,150.0,10.0
10007141,2024/25,22,250.0,120.0
10007141,2024/25,23,220.0,230.0
10007141,2024/25,24,215.0,20.0
10007141,2024/25,25,1065.0,95.0
10007143,2014/15,01,200.0,0.0
10007143,2014/15,02,395.0,20.0
10007143,2014/15,03,730.0,5.0
10007143,2014/15,04,720.0,5.0
10007143,2014/15,07,1460.0,5.0
10007143,2014/15,09,855.0,5.0
10007143,2014/15,10,645.0,0.0
10007143,2014/15,11,150.0,5.0
10007143,2014/15,15,2120.0,110.0
10007143,2014/15,16,735.0,15.0
10007143,2014/15,17,2335.0,535.0
10007143,2014/15,19,1845.0,25.0
10007143,2014/15,20,1875.0,200.0
10007143,2014/15,22,685.0,560.0
10007143,2014/15,23,5.0,5.0
10007143,2014/15,25,165.0,10.0
10007143,2014/15,26,1165.0,15.0
10007143,2015/16,01,210.0,0.0
10007143,2015/16,02,450.0,10.0
10007143,2015/16,03,755.0,5.0
10007143,2015/16,04,730.0,0.0
10007143,2015/16,07,1485.0,5.0
10007143,2015/16,09,865.0,5.0
10007143,2015/16,10,645.0,0.0
10007143,2015/16,11,200.0,0.0
10007143,2015/16,15,2220.0,115.0
10007143,2015/16,16,755.0,10.0
10007143,2015/16,17,2360.0,480.0
10007143,2015/16,19,1865.0,30.0
10007143,2015/16,20,1895.0,195.0
10007143,2015/16,22,630.0,540.0
10007143,2015/16,23,5.0,5.0
10007143,2015/16,25,165.0,10.0
10007143,2015/16,26,1150.0,10.0
10007143,2016/17,01,200.0,0.0
10007143,2016/17,02,510.0,5.0
10007143,2016/17,03,755.0,5.0
10007143,2016/17,04,725.0,5.0
10007143,2016/17,07,1500.0,0.0
10007143,2016/17,09,885.0,5.0
10007143,2016/17,10,665.0,0.0
10007143,2016/17,11,240.0,0.0
10007143,2016/17,15,2300.0,110.0
10007143,2016/17,16,890.0,10.0
10007143,2016/17,17,2535.0,495.0
10007143,2016/17,19,1880.0,25.0
10007143,2016/17,20,1945.0,190.0
10007143,2016/17,22,600.0,530.0
10007143,2016/17,23,5.0,5.0
10007143,2016/17,25,170.0,10.0
10007143,2016/17,26,1175.0,15.0
10007143,2017/18,01,80.0,0.0
10007143,2017/18,02,220.0,0.0
10007143,2017/18,03,810.0,5.0
10007143,2017/18,04,745.0,5.0
10007143,2017/18,07,1500.0,5.0
10007143,2017/18,09,945.0,5.0
10007143,2017/18,10,660.0,0.0
10007143,2017/18,11,295.0,0.0
10007143,2017/18,15,2375.0,115.0
10007143,2017/18,16,985.0,5.0
10007143,2017/18,17,2460.0,475.0
10007143,2017/18,19,1920.0,25.0
10007143,2017/18,20,2025.0,170.0
10007143,2017/18,22,595.0,455.0
10007143,2017/18,23,5.0,5.0
10007143,2017/18,25,215.0,15.0
10007143,2017/18,26,1205.0,10.0
10007143,2018/19,02,135.0,0.0
10007143,2018/19,03,865.0,10.0
10007143,2018/19,04,765.0,5.0
10007143,2018/19,07,1495.0,5.0
10007143,2018/19,09,1035.0,10.0
10007143,2018/19,10,680.0,5.0
10007143,2018/19,11,430.0,5.0
10007143,2018/19,15,2385.0,95.0
10007143,2018/19,16,1075.0,10.0
10007143,2018/19,17,2720.0,495.0
10007143,2018/19,19,1975.0,20.0
10007143,2018/19,20,2110.0,200.0
10007143,2018/19,22,615.0,390.0
10007143,2018/19,23,5.0,0.0
10007143,2018/19,25,225.0,15.0
10007143,2018/19,26,1225.0,15.0
10007143,2019/20,03,895.0,5.0
10007143,2019/20,04,690.0,5.0
10007143,2019/20,07,2070.0,5.0
10007143,2019/20,09,850.0,10.0
10007143,2019/20,10,665.0,5.0
10007143,2019/20,11,465.0,5.0
10007143,2019/20,15,2665.0,90.0
10007143,2019/20,16,1085.0,5.0
10007143,2019/20,17,2980.0,385.0
10007143,2019/20,19,1730.0,15.0
10007143,2019/20,20,2135.0,195.0
10007143,2019/20,22,620.0,260.0
10007143,2019/20,23,295.0,5.0
10007143,2019/20,25,230.0,15.0
10007143,2019/20,26,1125.0,15.0
10007143,2020/21,03,1005.0,5.0
10007143,2020/21,04,835.0,5.0
10007143,2020/21,07,2225.0,5.0
10007143,2020/21,09,995.0,5.0
10007143,2020/21,10,725.0,0.0
10007143,2020/21,11,550.0,5.0
10007143,2020/21,15,2745.0,60.0
10007143,2020/21,16,1250.0,10.0
10007143,2020/21,17,2755.0,380.0
10007143,2020/21,19,1860.0,10.0
10007143,2020/21,20,2260.0,185.0
10007143,2020/21,22,690.0,280.0
10007143,2020/21,23,305.0,0.0
10007143,2020/21,25,270.0,10.0
10007143,2020/21,26,1200.0,10.0
10007143,2021/22,03,1060.0,5.0
10007143,2021/22,04,1020.0,5.0
10007143,2021/22,07,2285.0,5.0
10007143,2021/22,09,1110.0,5.0
10007143,2021/22,10,870.0,0.0
10007143,2021/22,11,650.0,5.0
10007143,2021/22,15,2740.0,65.0
10007143,2021/22,16,1335.0,10.0
10007143,2021/22,17,3135.0,420.0
10007143,2021/22,19,1955.0,15.0
10007143,2021/22,20,2430.0,180.0
10007143,2021/22,22,725.0,265.0
10007143,2021/22,23,335.0,0.0
10007143,2021/22,25,290.0,15.0
10007143,2021/22,26,1290.0,10.0
10007143,2022/23,03,1060.0,10.0
10007143,2022/23,04,1070.0,5.0
10007143,2022/23,07,2335.0,10.0
10007143,2022/23,09,1155.0,5.0
10007143,2022/23,10,875.0,0.0
10007143,2022/23,11,705.0,10.0
10007143,2022/23,15,2660.0,60.0
10007143,2022/23,16,1330.0,10.0
10007143,2022/23,17,3335.0,295.0
10007143,2022/23,19,1840.0,15.0
10007143,2022/23,20,2460.0,195.0
10007143,2022/23,22,750.0,180.0
10007143,2022/23,23,340.0,0.0
10007143,2022/23,25,320.0,10.0
10007143,2022/23,26,1320.0,10.0
10007143,2023/24,03,990.0,15.0
10007143,2023/24,04,1080.0,5.0
10007143,2023/24,07,2160.0,10.0
10007143,2023/24,09,1135.0,5.0
10007143,2023/24,10,890.0,0.0
10007143,2023/24,11,775.0,10.0
10007143,2023/24,15,2675.0,55.0
10007143,2023/24,16,1285.0,10.0
10007143,2023/24,17,3365.0,245.0
10007143,2023/24,19,1730.0,15.0
10007143,2023/24,20,2370.0,215.0
10007143,2023/24,22,655.0,175.0
10007143,2023/24,23,305.0,0.0
10007143,2023/24,25,300.0,10.0
10007143,2023/24,26,1240.0,10.0
10007143,2024/25,03,995.0,10.0
10007143,2024/25,04,1025.0,5.0
10007143,2024/25,07,2100.0,10.0
10007143,2024/25,09,1040.0,5.0
10007143,2024/25,10,860.0,0.0
10007143,2024/25,11,815.0,15.0
10007143,2024/25,15,2755.0,55.0
10007143,2024/25,16,1340.0,10.0
10007143,2024/25,17,3180.0,265.0
10007143,2024/25,19,1625.0,25.0
10007143,2024/25,20,2410.0,215.0
10007143,2024/25,22,565.0,100.0
10007143,2024/25,23,275.0,0.0
10007143,2024/25,25,290.0,5.0
10007143,2024/25,26,1150.0,10.0
10007144,2014/15,02,1220.0,540.0
10007144,2014/15,03,750.0,140.0
10007144,2014/15,04,1145.0,870.0
10007144,2014/15,07,45.0,5.0
10007144,2014/15,09,5.0,0.0
10007144,2014/15,10,520.0,150.0
10007144,2014/15,11,780.0,210.0
10007144,2014/15,13,440.0,45.0
10007144,2014/15,15,1260.0,585.0
10007144,2014/15,16,610.0,130.0
10007144,2014/15,17,1340.0,360.0
10007144,2014/15,19,165.0,30.0
10007144,2014/15,20,80.0,20.0
10007144,2014/15,22,1760.0,465.0
10007144,2014/15,23,15.0,45.0
10007144,2014/15,24,385.0,35.0
10007144,2014/15,25,1580.0,140.0
10007144,2015/16,02,1150.0,420.0
10007144,2015/16,03,725.0,120.0
10007144,2015/16,04,1105.0,720.0
10007144,2015/16,07,25.0,5.0
10007144,2015/16,09,5.0,0.0
10007144,2015/16,10,400.0,140.0
10007144,2015/16,11,445.0,110.0
10007144,2015/16,13,390.0,125.0
10007144,2015/16,15,990.0,425.0
10007144,2015/16,16,550.0,125.0
10007144,2015/16,17,1195.0,235.0
10007144,2015/16,19,115.0,20.0
10007144,2015/16,20,55.0,10.0
10007144,2015/16,22,1615.0,405.0
10007144,2015/16,23,10.0,20.0
10007144,2015/16,24,470.0,25.0
10007144,2015/16,25,1365.0,100.0
10007144,2016/17,02,1260.0,310.0
10007144,2016/17,03,705.0,105.0
10007144,2016/17,04,1180.0,615.0
10007144,2016/17,10,415.0,130.0
10007144,2016/17,11,385.0,145.0
10007144,2016/17,13,415.0,80.0
10007144,2016/17,15,885.0,320.0
10007144,2016/17,16,560.0,125.0
10007144,2016/17,17,1165.0,265.0
10007144,2016/17,19,110.0,20.0
10007144,2016/17,20,50.0,5.0
10007144,2016/17,22,1460.0,510.0
10007144,2016/17,23,10.0,30.0
10007144,2016/17,24,475.0,30.0
10007144,2016/17,25,1365.0,95.0
10007144,2017/18,02,1320.0,240.0
10007144,2017/18,03,720.0,80.0
10007144,2017/18,04,1240.0,530.0
10007144,2017/18,09,5.0,0.0
10007144,2017/18,10,425.0,100.0
10007144,2017/18,11,505.0,135.0
10007144,2017/18,13,515.0,90.0
10007144,2017/18,15,945.0,210.0
10007144,2017/18,16,585.0,85.0
10007144,2017/18,17,1275.0,185.0
10007144,2017/18,19,90.0,10.0
10007144,2017/18,20,40.0,5.0
10007144,2017/18,22,1430.0,405.0
10007144,2017/18,23,0.0,20.0
10007144,2017/18,24,495.0,20.0
10007144,2017/18,25,1320.0,75.0
10007144,2018/19,02,1445.0,265.0
10007144,2018/19,03,690.0,80.0
10007144,2018/19,04,1250.0,450.0
10007144,2018/19,07,15.0,0.0
10007144,2018/19,09,5.0,20.0
10007144,2018/19,10,435.0,110.0
10007144,2018/19,11,810.0,125.0
10007144,2018/19,13,525.0,80.0
10007144,2018/19,15,905.0,180.0
10007144,2018/19,16,655.0,75.0
10007144,2018/19,17,1450.0,190.0
10007144,2018/19,19,70.0,20.0
10007144,2018/19,20,20.0,0.0
10007144,2018/19,22,1325.0,365.0
10007144,2018/19,23,0.0,5.0
10007144,2018/19,24,355.0,20.0
10007144,2018/19,25,1400.0,70.0
10007144,2019/20,02,1550.0,280.0
10007144,2019/20,03,635.0,85.0
10007144,2019/20,04,1160.0,495.0
10007144,2019/20,07,105.0,5.0
10007144,2019/20,09,5.0,0.0
10007144,2019/20,10,570.0,115.0
10007144,2019/20,11,1450.0,155.0
10007144,2019/20,13,715.0,70.0
10007144,2019/20,15,1520.0,245.0
10007144,2019/20,16,495.0,65.0
10007144,2019/20,17,2385.0,200.0
10007144,2019/20,19,55.0,10.0
10007144,2019/20,20,10.0,0.0
10007144,2019/20,22,835.0,325.0
10007144,2019/20,24,345.0,10.0
10007144,2019/20,25,1385.0,70.0
10007144,2020/21,02,1940.0,295.0
10007144,2020/21,03,675.0,45.0
10007144,2020/21,04,1275.0,525.0
10007144,2020/21,07,135.0,10.0
10007144,2020/21,10,640.0,110.0
10007144,2020/21,11,1900.0,130.0
10007144,2020/21,13,715.0,50.0
10007144,2020/21,15,1450.0,160.0
10007144,2020/21,16,455.0,50.0
10007144,2020/21,17,3425.0,285.0
10007144,2020/21,19,45.0,10.0
10007144,2020/21,22,990.0,290.0
10007144,2020/21,24,335.0,10.0
10007144,2020/21,25,1380.0,60.0
10007144,2021/22,02,2160.0,315.0
10007144,2021/22,03,950.0,60.0
10007144,2021/22,04,1150.0,535.0
10007144,2021/22,07,160.0,5.0
10007144,2021/22,10,735.0,120.0
10007144,2021/22,11,1830.0,130.0
10007144,2021/22,13,685.0,50.0
10007144,2021/22,15,1225.0,155.0
10007144,2021/22,16,470.0,60.0
10007144,2021/22,17,5040.0,265.0
10007144,2021/22,19,50.0,10.0
10007144,2021/22,22,1010.0,295.0
10007144,2021/22,23,5.0,0.0
10007144,2021/22,24,620.0,10.0
10007144,2021/22,25,1375.0,80.0
10007144,2022/23,02,2295.0,445.0
10007144,2022/23,03,1165.0,75.0
10007144,2022/23,04,980.0,370.0
10007144,2022/23,07,285.0,15.0
10007144,2022/23,10,1030.0,125.0
10007144,2022/23,11,2505.0,120.0
10007144,2022/23,13,745.0,45.0
10007144,2022/23,15,925.0,115.0
10007144,2022/23,16,450.0,60.0
10007144,2022/23,17,6925.0,380.0
10007144,2022/23,19,45.0,10.0
10007144,2022/23,22,920.0,335.0
10007144,2022/23,23,55.0,0.0
10007144,2022/23,24,580.0,5.0
10007144,2022/23,25,1385.0,85.0
10007144,2023/24,02,2005.0,240.0
10007144,2023/24,03,1095.0,105.0
10007144,2023/24,04,810.0,295.0
10007144,2023/24,07,185.0,20.0
10007144,2023/24,10,1055.0,130.0
10007144,2023/24,11,2390.0,190.0
10007144,2023/24,13,585.0,30.0
10007144,2023/24,15,830.0,80.0
10007144,2023/24,16,480.0,25.0
10007144,2023/24,17,7010.0,295.0
10007144,2023/24,19,30.0,5.0
10007144,2023/24,22,480.0,270.0
10007144,2023/24,23,5.0,0.0
10007144,2023/24,24,755.0,10.0
10007144,2023/24,25,1250.0,80.0
10007144,2023/24,26,5.0,0.0
10007144,2024/25,02,2230.0,365.0
10007144,2024/25,03,1230.0,90.0
10007144,2024/25,04,975.0,295.0
10007144,2024/25,07,295.0,10.0
10007144,2024/25,10,1520.0,165.0
10007144,2024/25,11,4415.0,230.0
10007144,2024/25,13,780.0,35.0
10007144,2024/25,15,820.0,85.0
10007144,2024/25,16,595.0,50.0
10007144,2024/25,17,8645.0,430.0
10007144,2024/25,19,25.0,5.0
10007144,2024/25,22,795.0,185.0
10007144,2024/25,23,15.0,0.0
10007144,2024/25,24,760.0,15.0
10007144,2024/25,25,1620.0,70.0
10007144,2024/25,26,10.0,0.0
10007145,2014/15,02,25.0,65.0
10007145,2014/15,03,1120.0,250.0
10007145,2014/15,04,215.0,50.0
10007145,2014/15,10,0.0,10.0
10007145,2014/15,11,350.0,30.0
10007145,2014/15,13,90.0,35.0
10007145,2014/15,15,685.0,165.0
10007145,2014/15,16,155.0,15.0
10007145,2014/15,17,1080.0,235.0
10007145,2014/15,19,235.0,40.0
10007145,2014/15,20,165.0,40.0
10007145,2014/15,22,1015.0,290.0
10007145,2014/15,23,0.0,95.0
10007145,2014/15,24,275.0,15.0
10007145,2014/15,25,935.0,40.0
10007145,2014/15,26,125.0,15.0
10007145,2015/16,02,10.0,25.0
10007145,2015/16,03,1080.0,265.0
10007145,2015/16,04,215.0,45.0
10007145,2015/16,06,15.0,0.0
10007145,2015/16,10,0.0,10.0
10007145,2015/16,11,385.0,25.0
10007145,2015/16,13,110.0,35.0
10007145,2015/16,15,670.0,105.0
10007145,2015/16,16,150.0,10.0
10007145,2015/16,17,1080.0,240.0
10007145,2015/16,19,250.0,40.0
10007145,2015/16,20,150.0,35.0
10007145,2015/16,22,970.0,270.0
10007145,2015/16,23,15.0,40.0
10007145,2015/16,24,320.0,15.0
10007145,2015/16,25,1075.0,55.0
10007145,2015/16,26,120.0,10.0
10007145,2016/17,02,30.0,120.0
10007145,2016/17,03,1085.0,285.0
10007145,2016/17,04,235.0,50.0
10007145,2016/17,06,40.0,0.0
10007145,2016/17,10,0.0,10.0
10007145,2016/17,11,490.0,25.0
10007145,2016/17,13,140.0,40.0
10007145,2016/17,15,730.0,135.0
10007145,2016/17,16,150.0,10.0
10007145,2016/17,17,1135.0,240.0
10007145,2016/17,19,245.0,30.0
10007145,2016/17,20,165.0,45.0
10007145,2016/17,22,890.0,260.0
10007145,2016/17,23,15.0,45.0
10007145,2016/17,24,415.0,10.0
10007145,2016/17,25,1240.0,75.0
10007145,2016/17,26,115.0,5.0
10007145,2017/18,02,125.0,60.0
10007145,2017/18,03,1045.0,260.0
10007145,2017/18,04,275.0,50.0
10007145,2017/18,06,40.0,0.0
10007145,2017/18,10,0.0,10.0
10007145,2017/18,11,565.0,25.0
10007145,2017/18,13,165.0,30.0
10007145,2017/18,15,675.0,105.0
10007145,2017/18,16,140.0,10.0
10007145,2017/18,17,1095.0,245.0
10007145,2017/18,19,255.0,35.0
10007145,2017/18,20,175.0,35.0
10007145,2017/18,22,840.0,225.0
10007145,2017/18,23,5.0,20.0
10007145,2017/18,24,445.0,5.0
10007145,2017/18,25,1320.0,90.0
10007145,2017/18,26,125.0,10.0
10007145,2018/19,02,255.0,70.0
10007145,2018/19,03,925.0,255.0
10007145,2018/19,04,255.0,65.0
10007145,2018/19,06,10.0,0.0
10007145,2018/19,10,0.0,10.0
10007145,2018/19,11,630.0,35.0
10007145,2018/19,13,165.0,40.0
10007145,2018/19,15,650.0,90.0
10007145,2018/19,16,130.0,10.0
10007145,2018/19,17,1045.0,265.0
10007145,2018/19,19,235.0,50.0
10007145,2018/19,20,170.0,25.0
10007145,2018/19,22,745.0,190.0
10007145,2018/19,23,0.0,40.0
10007145,2018/19,24,425.0,5.0
10007145,2018/19,25,1220.0,120.0
10007145,2018/19,26,110.0,15.0
10007145,2019/20,02,495.0,115.0
10007145,2019/20,03,820.0,235.0
10007145,2019/20,04,365.0,40.0
10007145,2019/20,10,5.0,10.0
10007145,2019/20,11,585.0,50.0
10007145,2019/20,13,140.0,30.0
10007145,2019/20,15,625.0,95.0
10007145,2019/20,16,125.0,0.0
10007145,2019/20,17,835.0,245.0
10007145,2019/20,19,195.0,35.0
10007145,2019/20,20,145.0,20.0
10007145,2019/20,22,640.0,165.0
10007145,2019/20,23,15.0,40.0
10007145,2019/20,24,245.0,5.0
10007145,2019/20,25,1380.0,135.0
10007145,2019/20,26,80.0,10.0
10007145,2020/21,02,780.0,115.0
10007145,2020/21,03,800.0,210.0
10007145,2020/21,04,435.0,45.0
10007145,2020/21,10,35.0,5.0
10007145,2020/21,11,590.0,50.0
10007145,2020/21,13,95.0,40.0
10007145,2020/21,15,750.0,110.0
10007145,2020/21,16,105.0,10.0
10007145,2020/21,17,800.0,265.0
10007145,2020/21,19,150.0,25.0
10007145,2020/21,20,120.0,5.0
10007145,2020/21,22,640.0,135.0
10007145,2020/21,23,15.0,70.0
10007145,2020/21,24,255.0,10.0
10007145,2020/21,25,1325.0,135.0
10007145,2020/21,26,65.0,10.0
10007145,2021/22,02,1005.0,230.0
10007145,2021/22,03,700.0,225.0
10007145,2021/22,04,430.0,50.0
10007145,2021/22,10,60.0,10.0
10007145,2021/22,11,575.0,50.0
10007145,2021/22,13,115.0,25.0
10007145,2021/22,15,785.0,90.0
10007145,2021/22,16,125.0,5.0
10007145,2021/22,17,715.0,280.0
10007145,2021/22,19,120.0,30.0
10007145,2021/22,20,115.0,5.0
10007145,2021/22,22,585.0,140.0
10007145,2021/22,23,15.0,80.0
10007145,2021/22,24,245.0,5.0
10007145,2021/22,25,1195.0,110.0
10007145,2021/22,26,85.0,10.0
10007145,2022/23,02,1120.0,360.0
10007145,2022/23,03,610.0,140.0
10007145,2022/23,04,410.0,55.0
10007145,2022/23,10,130.0,20.0
10007145,2022/23,11,590.0,80.0
10007145,2022/23,13,135.0,10.0
10007145,2022/23,15,770.0,90.0
10007145,2022/23,16,115.0,5.0
10007145,2022/23,17,975.0,250.0
10007145,2022/23,19,110.0,25.0
10007145,2022/23,20,115.0,15.0
10007145,2022/23,22,520.0,100.0
10007145,2022/23,23,5.0,15.0
10007145,2022/23,24,260.0,0.0
10007145,2022/23,25,1145.0,110.0
10007145,2022/23,26,90.0,10.0
10007145,2023/24,02,1170.0,370.0
10007145,2023/24,03,480.0,150.0
10007145,2023/24,04,385.0,60.0
10007145,2023/24,06,5.0,0.0
10007145,2023/24,10,135.0,25.0
10007145,2023/24,11,610.0,95.0
10007145,2023/24,13,150.0,30.0
10007145,2023/24,15,715.0,80.0
10007145,2023/24,16,120.0,5.0
10007145,2023/24,17,965.0,245.0
10007145,2023/24,19,105.0,20.0
10007145,2023/24,20,110.0,25.0
10007145,2023/24,22,555.0,85.0
10007145,2023/24,23,5.0,0.0
10007145,2023/24,24,255.0,5.0
10007145,2023/24,25,1050.0,80.0
10007145,2023/24,26,125.0,5.0
10007145,2024/25,02,1105.0,340.0
10007145,2024/25,03,480.0,160.0
10007145,2024/25,04,320.0,45.0
10007145,2024/25,06,15.0,0.0
10007145,2024/25,10,65.0,30.0
10007145,2024/25,11,520.0,60.0
10007145,2024/25,13,130.0,25.0
10007145,2024/25,15,630.0,105.0
10007145,2024/25,16,125.0,5.0
10007145,2024/25,17,1440.0,355.0
10007145,2024/25,19,100.0,20.0
10007145,2024/25,20,105.0,15.0
10007145,2024/25,22,475.0,65.0
10007145,2024/25,23,5.0,5.0
10007145,2024/25,24,220.0,5.0
10007145,2024/25,25,965.0,85.0
10007145,2024/25,26,105.0,5.0
10007146,2014/15,02,2385.0,2880.0
10007146,2014/15,03,605.0,160.0
10007146,2014/15,04,380.0,35.0
10007146,2014/15,05,30.0,10.0
10007146,2014/15,06,410.0,45.0
10007146,2014/15,07,215.0,40.0
10007146,2014/15,09,360.0,25.0
10007146,2014/15,10,875.0,365.0
10007146,2014/15,11,1650.0,180.0
10007146,2014/15,13,535.0,475.0
10007146,2014/15,15,930.0,120.0
10007146,2014/15,16,360.0,20.0
10007146,2014/15,17,3750.0,660.0
10007146,2014/15,19,500.0,20.0
10007146,2014/15,20,165.0,15.0
10007146,2014/15,22,1230.0,760.0
10007146,2014/15,23,25.0,10.0
10007146,2014/15,24,160.0,10.0
10007146,2014/15,25,785.0,30.0
10007146,2014/15,26,70.0,20.0
10007146,2015/16,02,2500.0,2325.0
10007146,2015/16,03,540.0,175.0
10007146,2015/16,04,430.0,50.0
10007146,2015/16,05,20.0,10.0
10007146,2015/16,06,390.0,55.0
10007146,2015/16,07,215.0,45.0
10007146,2015/16,09,350.0,30.0
10007146,2015/16,10,705.0,390.0
10007146,2015/16,11,1455.0,270.0
10007146,2015/16,13,505.0,495.0
10007146,2015/16,15,965.0,135.0
10007146,2015/16,16,335.0,40.0
10007146,2015/16,17,3470.0,1050.0
10007146,2015/16,19,425.0,35.0
10007146,2015/16,20,140.0,15.0
10007146,2015/16,22,1255.0,630.0
10007146,2015/16,23,15.0,5.0
10007146,2015/16,24,110.0,10.0
10007146,2015/16,25,915.0,50.0
10007146,2015/16,26,65.0,25.0
10007146,2016/17,02,2540.0,2625.0
10007146,2016/17,03,485.0,180.0
10007146,2016/17,04,450.0,60.0
10007146,2016/17,05,10.0,5.0
10007146,2016/17,06,340.0,30.0
10007146,2016/17,07,185.0,45.0
10007146,2016/17,09,325.0,25.0
10007146,2016/17,10,615.0,315.0
10007146,2016/17,11,1345.0,255.0
10007146,2016/17,13,480.0,455.0
10007146,2016/17,15,960.0,90.0
10007146,2016/17,16,345.0,25.0
10007146,2016/17,17,3495.0,805.0
10007146,2016/17,19,400.0,20.0
10007146,2016/17,20,115.0,10.0
10007146,2016/17,22,1155.0,555.0
10007146,2016/17,24,95.0,5.0
10007146,2016/17,25,950.0,45.0
10007146,2016/17,26,55.0,20.0
10007146,2017/18,02,2250.0,2275.0
10007146,2017/18,03,465.0,350.0
10007146,2017/18,04,435.0,50.0
10007146,2017/18,06,290.0,45.0
10007146,2017/18,07,205.0,45.0
10007146,2017/18,09,255.0,20.0
10007146,2017/18,10,575.0,315.0
10007146,2017/18,11,1170.0,165.0
10007146,2017/18,13,460.0,410.0
10007146,2017/18,15,975.0,60.0
10007146,2017/18,16,335.0,40.0
10007146,2017/18,17,3620.0,535.0
10007146,2017/18,19,370.0,15.0
10007146,2017/18,20,90.0,5.0
10007146,2017/18,22,1195.0,355.0
10007146,2017/18,24,210.0,0.0
10007146,2017/18,25,995.0,45.0
10007146,2017/18,26,40.0,10.0
10007146,2018/19,02,2120.0,1935.0
10007146,2018/19,03,515.0,410.0
10007146,2018/19,04,485.0,50.0
10007146,2018/19,06,270.0,55.0
10007146,2018/19,07,225.0,60.0
10007146,2018/19,09,250.0,20.0
10007146,2018/19,10,575.0,255.0
10007146,2018/19,11,1105.0,170.0
10007146,2018/19,13,475.0,440.0
10007146,2018/19,15,1020.0,70.0
10007146,2018/19,16,395.0,35.0
10007146,2018/19,17,4000.0,595.0
10007146,2018/19,19,310.0,20.0
10007146,2018/19,20,80.0,5.0
10007146,2018/19,22,1210.0,280.0
10007146,2018/19,24,220.0,5.0
10007146,2018/19,25,885.0,60.0
10007146,2018/19,26,35.0,10.0
10007146,2019/20,02,2200.0,1395.0
10007146,2019/20,03,545.0,490.0
10007146,2019/20,04,645.0,70.0
10007146,2019/20,06,315.0,45.0
10007146,2019/20,07,225.0,70.0
10007146,2019/20,09,245.0,20.0
10007146,2019/20,10,775.0,235.0
10007146,2019/20,11,1340.0,155.0
10007146,2019/20,13,545.0,440.0
10007146,2019/20,15,1165.0,75.0
10007146,2019/20,16,495.0,30.0
10007146,2019/20,17,4550.0,665.0
10007146,2019/20,19,315.0,20.0
10007146,2019/20,20,80.0,5.0
10007146,2019/20,22,1265.0,235.0
10007146,2019/20,24,95.0,5.0
10007146,2019/20,25,1000.0,35.0
10007146,2019/20,26,30.0,5.0
10007146,2020/21,02,2805.0,1195.0
10007146,2020/21,03,635.0,465.0
10007146,2020/21,04,910.0,65.0
10007146,2020/21,06,450.0,45.0
10007146,2020/21,07,230.0,60.0
10007146,2020/21,09,225.0,10.0
10007146,2020/21,10,1330.0,135.0
10007146,2020/21,11,1860.0,130.0
10007146,2020/21,13,575.0,375.0
10007146,2020/21,15,1440.0,65.0
10007146,2020/21,16,590.0,5.0
10007146,2020/21,17,5650.0,260.0
10007146,2020/21,19,340.0,15.0
10007146,2020/21,20,90.0,5.0
10007146,2020/21,22,1435.0,205.0
10007146,2020/21,24,110.0,0.0
10007146,2020/21,25,1010.0,15.0
10007146,2020/21,26,25.0,0.0
10007146,2021/22,02,3335.0,1170.0
10007146,2021/22,03,720.0,500.0
10007146,2021/22,04,1090.0,90.0
10007146,2021/22,06,590.0,55.0
10007146,2021/22,07,205.0,55.0
10007146,2021/22,09,170.0,20.0
10007146,2021/22,10,1730.0,190.0
10007146,2021/22,11,2585.0,160.0
10007146,2021/22,13,615.0,380.0
10007146,2021/22,15,1485.0,95.0
10007146,2021/22,16,645.0,45.0
10007146,2021/22,17,7150.0,330.0
10007146,2021/22,19,345.0,20.0
10007146,2021/22,20,85.0,10.0
10007146,2021/22,22,1225.0,320.0
10007146,2021/22,24,110.0,10.0
10007146,2021/22,25,1015.0,30.0
10007146,2021/22,26,20.0,0.0
10007146,2022/23,02,3505.0,1375.0
10007146,2022/23,03,755.0,645.0
10007146,2022/23,04,1280.0,115.0
10007146,2022/23,06,655.0,80.0
10007146,2022/23,07,200.0,55.0
10007146,2022/23,09,140.0,25.0
10007146,2022/23,10,1745.0,310.0
10007146,2022/23,11,3005.0,265.0
10007146,2022/23,13,690.0,430.0
10007146,2022/23,15,1535.0,105.0
10007146,2022/23,16,740.0,65.0
10007146,2022/23,17,7265.0,485.0
10007146,2022/23,19,355.0,30.0
10007146,2022/23,20,75.0,15.0
10007146,2022/23,22,1065.0,415.0
10007146,2022/23,24,110.0,5.0
10007146,2022/23,25,1075.0,30.0
10007146,2022/23,26,20.0,5.0
10007146,2023/24,02,3900.0,1160.0
10007146,2023/24,03,840.0,625.0
10007146,2023/24,04,1575.0,125.0
10007146,2023/24,06,695.0,40.0
10007146,2023/24,07,200.0,50.0
10007146,2023/24,09,160.0,20.0
10007146,2023/24,10,1605.0,165.0
10007146,2023/24,11,3180.0,185.0
10007146,2023/24,13,770.0,370.0
10007146,2023/24,15,1545.0,100.0
10007146,2023/24,16,930.0,70.0
10007146,2023/24,17,7875.0,415.0
10007146,2023/24,19,365.0,25.0
10007146,2023/24,20,90.0,10.0
10007146,2023/24,22,990.0,325.0
10007146,2023/24,24,125.0,0.0
10007146,2023/24,25,1105.0,30.0
10007146,2023/24,26,15.0,0.0
10007146,2024/25,02,4110.0,1210.0
10007146,2024/25,03,755.0,595.0
10007146,2024/25,04,1695.0,185.0
10007146,2024/25,06,655.0,35.0
10007146,2024/25,07,190.0,30.0
10007146,2024/25,09,170.0,20.0
10007146,2024/25,10,1130.0,150.0
10007146,2024/25,11,3550.0,180.0
10007146,2024/25,13,740.0,385.0
10007146,2024/25,15,1570.0,115.0
10007146,2024/25,16,1085.0,65.0
10007146,2024/25,17,6820.0,925.0
10007146,2024/25,19,375.0,20.0
10007146,2024/25,20,95.0,10.0
10007146,2024/25,22,885.0,320.0
10007146,2024/25,24,100.0,5.0
10007146,2024/25,25,1180.0,45.0
10007146,2024/25,26,10.0,0.0
10007147,2014/15,01,5.0,120.0
10007147,2014/15,02,3615.0,2445.0
10007147,2014/15,03,825.0,85.0
10007147,2014/15,04,570.0,95.0
10007147,2014/15,06,15.0,5.0
10007147,2014/15,07,200.0,15.0
10007147,2014/15,09,235.0,30.0
10007147,2014/15,10,1420.0,170.0
10007147,2014/15,11,1075.0,270.0
10007147,2014/15,13,10.0,40.0
10007147,2014/15,15,545.0,385.0
10007147,2014/15,16,1175.0,710.0
10007147,2014/15,17,3685.0,670.0
10007147,2014/15,19,335.0,240.0
10007147,2014/15,20,215.0,30.0
10007147,2014/15,22,800.0,1675.0
10007147,2014/15,23,210.0,55.0
10007147,2014/15,24,150.0,5.0
10007147,2014/15,25,2070.0,470.0
10007147,2014/15,26,205.0,20.0
10007147,2015/16,01,5.0,155.0
10007147,2015/16,02,3640.0,2425.0
10007147,2015/16,03,885.0,60.0
10007147,2015/16,04,580.0,130.0
10007147,2015/16,06,20.0,0.0
10007147,2015/16,07,200.0,15.0
10007147,2015/16,09,225.0,20.0
10007147,2015/16,10,1460.0,135.0
10007147,2015/16,11,1085.0,260.0
10007147,2015/16,13,10.0,15.0
10007147,2015/16,15,525.0,375.0
10007147,2015/16,16,1185.0,400.0
10007147,2015/16,17,3525.0,740.0
10007147,2015/16,19,285.0,255.0
10007147,2015/16,20,205.0,35.0
10007147,2015/16,22,800.0,1630.0
10007147,2015/16,23,180.0,40.0
10007147,2015/16,24,170.0,10.0
10007147,2015/16,25,2270.0,465.0
10007147,2015/16,26,215.0,25.0
10007147,2016/17,01,5.0,135.0
10007147,2016/17,02,3840.0,2255.0
10007147,2016/17,03,775.0,60.0
10007147,2016/17,04,685.0,125.0
10007147,2016/17,06,20.0,0.0
10007147,2016/17,07,205.0,15.0
10007147,2016/17,09,205.0,15.0
10007147,2016/17,10,1360.0,165.0
10007147,2016/17,11,1110.0,305.0
10007147,2016/17,13,50.0,10.0
10007147,2016/17,15,550.0,420.0
10007147,2016/17,16,1250.0,180.0
10007147,2016/17,17,3470.0,735.0
10007147,2016/17,19,280.0,245.0
10007147,2016/17,20,215.0,25.0
10007147,2016/17,22,810.0,1465.0
10007147,2016/17,23,155.0,30.0
10007147,2016/17,24,165.0,15.0
10007147,2016/17,25,2275.0,425.0
10007147,2016/17,26,235.0,25.0
10007147,2017/18,01,0.0,95.0
10007147,2017/18,02,3760.0,2520.0
10007147,2017/18,03,705.0,55.0
10007147,2017/18,04,625.0,145.0
10007147,2017/18,06,35.0,5.0
10007147,2017/18,07,195.0,15.0
10007147,2017/18,09,215.0,10.0
10007147,2017/18,10,1365.0,230.0
10007147,2017/18,11,1145.0,420.0
10007147,2017/18,13,120.0,20.0
10007147,2017/18,15,615.0,455.0
10007147,2017/18,16,1260.0,100.0
10007147,2017/18,17,3540.0,835.0
10007147,2017/18,19,240.0,235.0
10007147,2017/18,20,215.0,30.0
10007147,2017/18,22,880.0,1115.0
10007147,2017/18,23,145.0,40.0
10007147,2017/18,24,180.0,15.0
10007147,2017/18,25,2245.0,370.0
10007147,2017/18,26,205.0,15.0
10007147,2018/19,01,0.0,115.0
10007147,2018/19,02,3590.0,2405.0
10007147,2018/19,03,625.0,50.0
10007147,2018/19,04,590.0,165.0
10007147,2018/19,06,35.0,5.0
10007147,2018/19,07,185.0,10.0
10007147,2018/19,09,200.0,15.0
10007147,2018/19,10,1435.0,235.0
10007147,2018/19,11,1255.0,525.0
10007147,2018/19,13,155.0,40.0
10007147,2018/19,15,580.0,530.0
10007147,2018/19,16,1400.0,85.0
10007147,2018/19,17,3555.0,845.0
10007147,2018/19,19,195.0,195.0
10007147,2018/19,20,180.0,30.0
10007147,2018/19,22,1000.0,995.0
10007147,2018/19,23,90.0,40.0
10007147,2018/19,24,225.0,25.0
10007147,2018/19,25,2205.0,305.0
10007147,2018/19,26,150.0,30.0
10007147,2019/20,01,45.0,315.0
10007147,2019/20,02,3735.0,2025.0
10007147,2019/20,03,650.0,85.0
10007147,2019/20,04,615.0,165.0
10007147,2019/20,06,20.0,0.0
10007147,2019/20,07,180.0,25.0
10007147,2019/20,09,150.0,35.0
10007147,2019/20,10,1745.0,250.0
10007147,2019/20,11,2700.0,380.0
10007147,2019/20,13,185.0,40.0
10007147,2019/20,15,900.0,205.0
10007147,2019/20,16,1205.0,110.0
10007147,2019/20,17,3850.0,805.0
10007147,2019/20,19,135.0,50.0
10007147,2019/20,20,125.0,40.0
10007147,2019/20,22,1055.0,965.0
10007147,2019/20,23,150.0,40.0
10007147,2019/20,24,185.0,20.0
10007147,2019/20,25,1830.0,325.0
10007147,2019/20,26,165.0,15.0
10007147,2020/21,01,20.0,450.0
10007147,2020/21,02,4350.0,3020.0
10007147,2020/21,03,705.0,65.0
10007147,2020/21,04,690.0,145.0
10007147,2020/21,06,15.0,5.0
10007147,2020/21,07,175.0,20.0
10007147,2020/21,09,135.0,20.0
10007147,2020/21,10,1760.0,520.0
10007147,2020/21,11,4355.0,395.0
10007147,2020/21,13,200.0,85.0
10007147,2020/21,15,900.0,280.0
10007147,2020/21,16,1055.0,145.0
10007147,2020/21,17,4570.0,940.0
10007147,2020/21,19,135.0,25.0
10007147,2020/21,20,115.0,45.0
10007147,2020/21,22,1120.0,990.0
10007147,2020/21,23,120.0,15.0
10007147,2020/21,24,205.0,25.0
10007147,2020/21,25,1770.0,295.0
10007147,2020/21,26,200.0,35.0
10007147,2021/22,01,30.0,320.0
10007147,2021/22,02,4535.0,2855.0
10007147,2021/22,03,625.0,85.0
10007147,2021/22,04,625.0,135.0
10007147,2021/22,06,15.0,5.0
10007147,2021/22,07,130.0,20.0
10007147,2021/22,09,165.0,15.0
10007147,2021/22,10,1940.0,345.0
10007147,2021/22,11,4575.0,305.0
10007147,2021/22,13,250.0,70.0
10007147,2021/22,15,845.0,370.0
10007147,2021/22,16,1080.0,130.0
10007147,2021/22,17,6660.0,925.0
10007147,2021/22,19,105.0,25.0
10007147,2021/22,20,110.0,40.0
10007147,2021/22,22,1045.0,1105.0
10007147,2021/22,23,85.0,20.0
10007147,2021/22,24,215.0,45.0
10007147,2021/22,25,1510.0,205.0
10007147,2021/22,26,335.0,50.0
10007147,2022/23,01,20.0,820.0
10007147,2022/23,02,4465.0,2120.0
10007147,2022/23,03,575.0,75.0
10007147,2022/23,04,630.0,145.0
10007147,2022/23,06,10.0,0.0
10007147,2022/23,07,135.0,20.0
10007147,2022/23,09,380.0,10.0
10007147,2022/23,10,2015.0,380.0
10007147,2022/23,11,4140.0,305.0
10007147,2022/23,13,285.0,55.0
10007147,2022/23,15,685.0,785.0
10007147,2022/23,16,1155.0,105.0
10007147,2022/23,17,9560.0,765.0
10007147,2022/23,19,100.0,15.0
10007147,2022/23,20,95.0,40.0
10007147,2022/23,22,920.0,1000.0
10007147,2022/23,23,75.0,10.0
10007147,2022/23,24,205.0,30.0
10007147,2022/23,25,1450.0,130.0
10007147,2022/23,26,540.0,40.0
10007147,2023/24,01,35.0,895.0
10007147,2023/24,02,4320.0,2190.0
10007147,2023/24,03,520.0,80.0
10007147,2023/24,04,585.0,130.0
10007147,2023/24,06,5.0,0.0
10007147,2023/24,07,100.0,35.0
10007147,2023/24,09,530.0,0.0
10007147,2023/24,10,2085.0,205.0
10007147,2023/24,11,4515.0,370.0
10007147,2023/24,13,270.0,50.0
10007147,2023/24,15,640.0,760.0
10007147,2023/24,16,1290.0,45.0
10007147,2023/24,17,9870.0,440.0
10007147,2023/24,19,85.0,20.0
10007147,2023/24,20,85.0,25.0
10007147,2023/24,22,965.0,875.0
10007147,2023/24,23,55.0,15.0
10007147,2023/24,24,200.0,25.0
10007147,2023/24,25,1230.0,90.0
10007147,2023/24,26,540.0,85.0
10007147,2024/25,01,25.0,710.0
10007147,2024/25,02,4275.0,2120.0
10007147,2024/25,03,500.0,95.0
10007147,2024/25,04,580.0,205.0
10007147,2024/25,06,0.0,5.0
10007147,2024/25,07,135.0,30.0
10007147,2024/25,09,585.0,5.0
10007147,2024/25,10,2060.0,215.0
10007147,2024/25,11,5435.0,365.0
10007147,2024/25,13,240.0,40.0
10007147,2024/25,15,515.0,840.0
10007147,2024/25,16,1380.0,115.0
10007147,2024/25,17,8890.0,800.0
10007147,2024/25,19,75.0,25.0
10007147,2024/25,20,70.0,30.0
10007147,2024/25,22,745.0,535.0
10007147,2024/25,23,45.0,20.0
10007147,2024/25,24,155.0,35.0
10007147,2024/25,25,1105.0,55.0
10007147,2024/25,26,400.0,115.0
10007148,2014/15,02,1660.0,1035.0
10007148,2014/15,03,560.0,20.0
10007148,2014/15,04,1035.0,70.0
10007148,2014/15,06,20.0,0.0
10007148,2014/15,07,595.0,45.0
10007148,2014/15,09,85.0,10.0
10007148,2014/15,10,1440.0,140.0
10007148,2014/15,11,855.0,75.0
10007148,2014/15,13,375.0,80.0
10007148,2014/15,15,900.0,415.0
10007148,2014/15,16,505.0,195.0
10007148,2014/15,17,2900.0,470.0
10007148,2014/15,19,310.0,240.0
10007148,2014/15,20,240.0,30.0
10007148,2014/15,22,645.0,1475.0
10007148,2014/15,23,110.0,45.0
10007148,2014/15,24,540.0,10.0
10007148,2014/15,25,2415.0,70.0
10007148,2015/16,02,1695.0,1085.0
10007148,2015/16,03,560.0,35.0
10007148,2015/16,04,765.0,55.0
10007148,2015/16,06,5.0,0.0
10007148,2015/16,07,520.0,60.0
10007148,2015/16,09,35.0,5.0
10007148,2015/16,10,1605.0,150.0
10007148,2015/16,11,885.0,75.0
10007148,2015/16,13,340.0,80.0
10007148,2015/16,15,1130.0,460.0
10007148,2015/16,16,525.0,140.0
10007148,2015/16,17,2610.0,435.0
10007148,2015/16,19,300.0,345.0
10007148,2015/16,20,195.0,15.0
10007148,2015/16,22,655.0,1375.0
10007148,2015/16,23,120.0,75.0
10007148,2015/16,24,450.0,10.0
10007148,2015/16,25,2410.0,75.0
10007148,2016/17,02,1720.0,805.0
10007148,2016/17,03,570.0,25.0
10007148,2016/17,04,770.0,55.0
10007148,2016/17,06,5.0,0.0
10007148,2016/17,07,515.0,45.0
10007148,2016/17,09,30.0,5.0
10007148,2016/17,10,1630.0,180.0
10007148,2016/17,11,850.0,60.0
10007148,2016/17,13,325.0,75.0
10007148,2016/17,15,1120.0,330.0
10007148,2016/17,16,500.0,80.0
10007148,2016/17,17,2635.0,380.0
10007148,2016/17,19,290.0,235.0
10007148,2016/17,20,195.0,20.0
10007148,2016/17,22,665.0,1135.0
10007148,2016/17,23,115.0,75.0
10007148,2016/17,24,375.0,15.0
10007148,2016/17,25,2370.0,80.0
10007148,2017/18,02,1795.0,700.0
10007148,2017/18,03,575.0,30.0
10007148,2017/18,04,765.0,65.0
10007148,2017/18,06,5.0,0.0
10007148,2017/18,07,475.0,45.0
10007148,2017/18,09,35.0,5.0
10007148,2017/18,10,1530.0,155.0
10007148,2017/18,11,900.0,55.0
10007148,2017/18,13,385.0,50.0
10007148,2017/18,15,1145.0,250.0
10007148,2017/18,16,550.0,60.0
10007148,2017/18,17,2800.0,420.0
10007148,2017/18,19,305.0,380.0
10007148,2017/18,20,200.0,20.0
10007148,2017/18,22,700.0,885.0
10007148,2017/18,23,90.0,95.0
10007148,2017/18,24,350.0,5.0
10007148,2017/18,25,2325.0,85.0
10007148,2018/19,02,2125.0,730.0
10007148,2018/19,03,555.0,30.0
10007148,2018/19,04,770.0,65.0
10007148,2018/19,07,410.0,30.0
10007148,2018/19,09,40.0,0.0
10007148,2018/19,10,1435.0,185.0
10007148,2018/19,11,885.0,55.0
10007148,2018/19,13,400.0,70.0
10007148,2018/19,15,1075.0,180.0
10007148,2018/19,16,600.0,45.0
10007148,2018/19,17,2610.0,350.0
10007148,2018/19,19,280.0,365.0
10007148,2018/19,20,180.0,20.0
10007148,2018/19,22,635.0,525.0
10007148,2018/19,23,50.0,70.0
10007148,2018/19,24,280.0,15.0
10007148,2018/19,25,2090.0,130.0
10007148,2018/19,26,15.0,0.0
10007148,2019/20,02,2310.0,795.0
10007148,2019/20,03,435.0,25.0
10007148,2019/20,04,645.0,40.0
10007148,2019/20,07,570.0,35.0
10007148,2019/20,09,35.0,0.0
10007148,2019/20,10,1425.0,165.0
10007148,2019/20,11,935.0,70.0
10007148,2019/20,13,410.0,65.0
10007148,2019/20,15,1185.0,195.0
10007148,2019/20,16,665.0,35.0
10007148,2019/20,17,2370.0,535.0
10007148,2019/20,19,265.0,320.0
10007148,2019/20,20,190.0,15.0
10007148,2019/20,22,685.0,495.0
10007148,2019/20,23,35.0,70.0
10007148,2019/20,24,315.0,10.0
10007148,2019/20,25,1830.0,85.0
10007148,2019/20,26,40.0,0.0
10007148,2020/21,02,2860.0,795.0
10007148,2020/21,03,410.0,20.0
10007148,2020/21,04,640.0,50.0
10007148,2020/21,07,600.0,20.0
10007148,2020/21,09,60.0,5.0
10007148,2020/21,10,1465.0,120.0
10007148,2020/21,11,1050.0,85.0
10007148,2020/21,13,390.0,45.0
10007148,2020/21,15,1185.0,160.0
10007148,2020/21,16,595.0,40.0
10007148,2020/21,17,2120.0,3885.0
10007148,2020/21,19,230.0,155.0
10007148,2020/21,20,160.0,15.0
10007148,2020/21,22,735.0,460.0
10007148,2020/21,23,25.0,40.0
10007148,2020/21,24,240.0,15.0
10007148,2020/21,25,1745.0,100.0
10007148,2020/21,26,65.0,10.0
10007148,2021/22,02,3360.0,1060.0
10007148,2021/22,03,300.0,20.0
10007148,2021/22,04,540.0,40.0
10007148,2021/22,07,555.0,35.0
10007148,2021/22,09,105.0,10.0
10007148,2021/22,10,1235.0,145.0
10007148,2021/22,11,1070.0,120.0
10007148,2021/22,13,300.0,35.0
10007148,2021/22,15,1125.0,200.0
10007148,2021/22,16,525.0,30.0
10007148,2021/22,17,2280.0,4135.0
10007148,2021/22,19,205.0,155.0
10007148,2021/22,20,140.0,15.0
10007148,2021/22,22,835.0,455.0
10007148,2021/22,23,15.0,25.0
10007148,2021/22,24,205.0,15.0
10007148,2021/22,25,1405.0,115.0
10007148,2021/22,26,60.0,10.0
10007148,2022/23,02,3535.0,1175.0
10007148,2022/23,03,290.0,20.0
10007148,2022/23,04,500.0,40.0
10007148,2022/23,07,590.0,50.0
10007148,2022/23,09,105.0,15.0
10007148,2022/23,10,1165.0,160.0
10007148,2022/23,11,1140.0,100.0
10007148,2022/23,13,280.0,40.0
10007148,2022/23,15,1010.0,215.0
10007148,2022/23,16,490.0,55.0
10007148,2022/23,17,1955.0,4085.0
10007148,2022/23,19,190.0,105.0
10007148,2022/23,20,125.0,15.0
10007148,2022/23,22,730.0,455.0
10007148,2022/23,23,5.0,20.0
10007148,2022/23,24,195.0,15.0
10007148,2022/23,25,1285.0,105.0
10007148,2022/23,26,55.0,10.0
10007148,2023/24,02,3585.0,1115.0
10007148,2023/24,03,270.0,20.0
10007148,2023/24,04,445.0,45.0
10007148,2023/24,07,575.0,40.0
10007148,2023/24,09,80.0,5.0
10007148,2023/24,10,860.0,110.0
10007148,2023/24,11,1110.0,75.0
10007148,2023/24,13,270.0,25.0
10007148,2023/24,15,850.0,170.0
10007148,2023/24,16,555.0,35.0
10007148,2023/24,17,1740.0,5100.0
10007148,2023/24,19,165.0,15.0
10007148,2023/24,20,105.0,10.0
10007148,2023/24,22,620.0,415.0
10007148,2023/24,23,5.0,15.0
10007148,2023/24,24,190.0,5.0
10007148,2023/24,25,1260.0,85.0
10007148,2023/24,26,55.0,5.0
10007148,2024/25,02,3580.0,860.0
10007148,2024/25,03,260.0,10.0
10007148,2024/25,04,410.0,55.0
10007148,2024/25,07,650.0,30.0
10007148,2024/25,09,60.0,10.0
10007148,2024/25,10,855.0,90.0
10007148,2024/25,11,1075.0,90.0
10007148,2024/25,13,245.0,20.0
10007148,2024/25,15,900.0,100.0
10007148,2024/25,16,585.0,25.0
10007148,2024/25,17,1460.0,2395.0
10007148,2024/25,19,130.0,15.0
10007148,2024/25,20,90.0,5.0
10007148,2024/25,22,595.0,380.0
10007148,2024/25,23,0.0,15.0
10007148,2024/25,24,140.0,5.0
10007148,2024/25,25,1105.0,55.0
10007148,2024/25,26,35.0,5.0
10007149,2014/15,01,420.0,15.0
10007149,2014/15,02,1205.0,1075.0
10007149,2014/15,03,1255.0,45.0
10007149,2014/15,04,600.0,5.0
10007149,2014/15,07,945.0,95.0
10007149,2014/15,09,75.0,0.0
10007149,2014/15,10,610.0,100.0
10007149,2014/15,11,665.0,5.0
10007149,2014/15,15,1380.0,120.0
10007149,2014/15,16,575.0,20.0
10007149,2014/15,17,2215.0,525.0
10007149,2014/15,19,890.0,455.0
10007149,2014/15,20,600.0,110.0
10007149,2014/15,22,1025.0,335.0
10007149,2014/15,23,0.0,645.0
10007149,2014/15,24,95.0,5.0
10007149,2014/15,25,400.0,20.0
10007149,2014/15,26,460.0,5.0
10007149,2015/16,01,430.0,15.0
10007149,2015/16,02,1255.0,1240.0
10007149,2015/16,03,1355.0,25.0
10007149,2015/16,04,620.0,0.0
10007149,2015/16,07,890.0,90.0
10007149,2015/16,09,110.0,0.0
10007149,2015/16,10,705.0,85.0
10007149,2015/16,11,745.0,5.0
10007149,2015/16,15,1340.0,95.0
10007149,2015/16,16,585.0,15.0
10007149,2015/16,17,1595.0,395.0
10007149,2015/16,19,825.0,370.0
10007149,2015/16,20,585.0,100.0
10007149,2015/16,22,955.0,330.0
10007149,2015/16,23,0.0,535.0
10007149,2015/16,24,105.0,5.0
10007149,2015/16,25,390.0,20.0
10007149,2015/16,26,495.0,5.0
10007149,2016/17,01,405.0,10.0
10007149,2016/17,02,1350.0,1100.0
10007149,2016/17,03,1475.0,25.0
10007149,2016/17,04,675.0,0.0
10007149,2016/17,07,805.0,105.0
10007149,2016/17,09,120.0,0.0
10007149,2016/17,10,810.0,60.0
10007149,2016/17,11,840.0,5.0
10007149,2016/17,15,1405.0,55.0
10007149,2016/17,16,535.0,10.0
10007149,2016/17,17,1985.0,315.0
10007149,2016/17,19,780.0,75.0
10007149,2016/17,20,595.0,80.0
10007149,2016/17,22,960.0,345.0
10007149,2016/17,23,0.0,500.0
10007149,2016/17,24,110.0,5.0
10007149,2016/17,25,440.0,15.0
10007149,2016/17,26,540.0,0.0
10007149,2017/18,01,445.0,10.0
10007149,2017/18,02,1305.0,1090.0
10007149,2017/18,03,1500.0,25.0
10007149,2017/18,04,670.0,5.0
10007149,2017/18,07,670.0,90.0
10007149,2017/18,09,105.0,10.0
10007149,2017/18,10,895.0,35.0
10007149,2017/18,11,860.0,5.0
10007149,2017/18,15,1370.0,45.0
10007149,2017/18,16,520.0,0.0
10007149,2017/18,17,1950.0,300.0
10007149,2017/18,19,680.0,50.0
10007149,2017/18,20,555.0,45.0
10007149,2017/18,22,920.0,270.0
10007149,2017/18,23,0.0,10.0
10007149,2017/18,24,130.0,0.0
10007149,2017/18,25,445.0,15.0
10007149,2017/18,26,570.0,0.0
10007149,2018/19,01,480.0,15.0
10007149,2018/19,02,1520.0,1235.0
10007149,2018/19,03,1475.0,30.0
10007149,2018/19,04,665.0,5.0
10007149,2018/19,07,570.0,85.0
10007149,2018/19,09,95.0,0.0
10007149,2018/19,10,1050.0,25.0
10007149,2018/19,11,825.0,5.0
10007149,2018/19,15,1440.0,105.0
10007149,2018/19,16,530.0,0.0
10007149,2018/19,17,1990.0,405.0
10007149,2018/19,19,645.0,45.0
10007149,2018/19,20,500.0,40.0
10007149,2018/19,22,945.0,260.0
10007149,2018/19,24,165.0,5.0
10007149,2018/19,25,385.0,20.0
10007149,2018/19,26,535.0,5.0
10007149,2019/20,01,485.0,30.0
10007149,2019/20,02,1970.0,175.0
10007149,2019/20,03,810.0,10.0
10007149,2019/20,04,655.0,5.0
10007149,2019/20,07,485.0,25.0
10007149,2019/20,09,85.0,0.0
10007149,2019/20,10,1085.0,140.0
10007149,2019/20,11,685.0,5.0
10007149,2019/20,15,1660.0,550.0
10007149,2019/20,16,520.0,5.0
10007149,2019/20,17,1590.0,345.0
10007149,2019/20,19,515.0,95.0
10007149,2019/20,20,395.0,30.0
10007149,2019/20,22,625.0,320.0
10007149,2019/20,23,10.0,15.0
10007149,2019/20,24,215.0,5.0
10007149,2019/20,25,275.0,10.0
10007149,2019/20,26,405.0,5.0
10007149,2020/21,01,535.0,25.0
10007149,2020/21,02,2150.0,250.0
10007149,2020/21,03,760.0,10.0
10007149,2020/21,04,650.0,5.0
10007149,2020/21,06,5.0,0.0
10007149,2020/21,07,445.0,20.0
10007149,2020/21,09,85.0,0.0
10007149,2020/21,10,1190.0,340.0
10007149,2020/21,11,605.0,0.0
10007149,2020/21,15,1670.0,810.0
10007149,2020/21,16,515.0,5.0
10007149,2020/21,17,1510.0,295.0
10007149,2020/21,19,395.0,175.0
10007149,2020/21,20,320.0,15.0
10007149,2020/21,22,600.0,330.0
10007149,2020/21,23,15.0,5.0
10007149,2020/21,24,235.0,65.0
10007149,2020/21,25,250.0,5.0
10007149,2020/21,26,320.0,10.0
10007149,2021/22,01,600.0,20.0
10007149,2021/22,02,2300.0,370.0
10007149,2021/22,03,675.0,10.0
10007149,2021/22,04,580.0,5.0
10007149,2021/22,07,395.0,10.0
10007149,2021/22,09,55.0,0.0
10007149,2021/22,10,1220.0,440.0
10007149,2021/22,11,765.0,0.0
10007149,2021/22,13,5.0,0.0
10007149,2021/22,15,1540.0,865.0
10007149,2021/22,16,580.0,0.0
10007149,2021/22,17,1780.0,300.0
10007149,2021/22,19,295.0,260.0
10007149,2021/22,20,245.0,10.0
10007149,2021/22,22,655.0,140.0
10007149,2021/22,23,10.0,0.0
10007149,2021/22,24,190.0,120.0
10007149,2021/22,25,240.0,5.0
10007149,2021/22,26,360.0,15.0
10007149,2022/23,01,640.0,15.0
10007149,2022/23,02,2290.0,420.0
10007149,2022/23,03,655.0,5.0
10007149,2022/23,04,570.0,10.0
10007149,2022/23,07,405.0,5.0
10007149,2022/23,09,65.0,0.0
10007149,2022/23,10,1085.0,350.0
10007149,2022/23,11,1295.0,45.0
10007149,2022/23,13,15.0,0.0
10007149,2022/23,15,1470.0,695.0
10007149,2022/23,16,655.0,0.0
10007149,2022/23,17,1790.0,375.0
10007149,2022/23,19,275.0,130.0
10007149,2022/23,20,250.0,5.0
10007149,2022/23,22,775.0,175.0
10007149,2022/23,23,10.0,0.0
10007149,2022/23,24,170.0,95.0
10007149,2022/23,25,235.0,10.0
10007149,2022/23,26,415.0,10.0
10007149,2023/24,01,670.0,15.0
10007149,2023/24,02,2280.0,460.0
10007149,2023/24,03,650.0,10.0
10007149,2023/24,04,590.0,5.0
10007149,2023/24,07,355.0,0.0
10007149,2023/24,09,75.0,0.0
10007149,2023/24,10,820.0,445.0
10007149,2023/24,11,1035.0,125.0
10007149,2023/24,13,20.0,0.0
10007149,2023/24,15,1360.0,825.0
10007149,2023/24,16,635.0,0.0
10007149,2023/24,17,2260.0,605.0
10007149,2023/24,19,230.0,220.0
10007149,2023/24,20,220.0,5.0
10007149,2023/24,22,575.0,225.0
10007149,2023/24,23,15.0,0.0
10007149,2023/24,24,160.0,115.0
10007149,2023/24,25,245.0,5.0
10007149,2023/24,26,305.0,10.0
10007149,2024/25,01,655.0,10.0
10007149,2024/25,02,1825.0,405.0
10007149,2024/25,03,710.0,10.0
10007149,2024/25,04,565.0,5.0
10007149,2024/25,07,290.0,0.0
10007149,2024/25,09,70.0,0.0
10007149,2024/25,10,740.0,380.0
10007149,2024/25,11,1275.0,155.0
10007149,2024/25,15,1195.0,765.0
10007149,2024/25,16,605.0,0.0
10007149,2024/25,17,2555.0,655.0
10007149,2024/25,19,205.0,165.0
10007149,2024/25,20,200.0,5.0
10007149,2024/25,22,425.0,105.0
10007149,2024/25,23,10.0,0.0
10007149,2024/25,24,145.0,90.0
10007149,2024/25,25,245.0,5.0
10007149,2024/25,26,220.0,5.0
10007150,2014/15,02,325.0,445.0
10007150,2014/15,03,1260.0,95.0
10007150,2014/15,04,850.0,120.0
10007150,2014/15,06,65.0,5.0
10007150,2014/15,07,935.0,40.0
10007150,2014/15,09,515.0,35.0
10007150,2014/15,10,435.0,25.0
10007150,2014/15,11,1075.0,30.0
10007150,2014/15,13,450.0,35.0
10007150,2014/15,15,2990.0,200.0
10007150,2014/15,16,1350.0,80.0
10007150,2014/15,17,2585.0,80.0
10007150,2014/15,19,1685.0,105.0
10007150,2014/15,20,1365.0,95.0
10007150,2014/15,22,5.0,295.0
10007150,2014/15,23,10.0,0.0
10007150,2014/15,24,95.0,5.0
10007150,2014/15,25,1250.0,55.0
10007150,2015/16,02,350.0,480.0
10007150,2015/16,03,1360.0,125.0
10007150,2015/16,04,920.0,150.0
10007150,2015/16,06,70.0,5.0
10007150,2015/16,07,1015.0,60.0
10007150,2015/16,09,510.0,35.0
10007150,2015/16,10,435.0,25.0
10007150,2015/16,11,1155.0,45.0
10007150,2015/16,13,485.0,20.0
10007150,2015/16,15,3145.0,235.0
10007150,2015/16,16,1320.0,75.0
10007150,2015/16,17,2565.0,70.0
10007150,2015/16,19,1675.0,105.0
10007150,2015/16,20,1435.0,80.0
10007150,2015/16,22,10.0,245.0
10007150,2015/16,23,15.0,5.0
10007150,2015/16,24,120.0,5.0
10007150,2015/16,25,1260.0,65.0
10007150,2016/17,02,295.0,710.0
10007150,2016/17,03,1410.0,120.0
10007150,2016/17,04,1030.0,140.0
10007150,2016/17,06,70.0,5.0
10007150,2016/17,07,965.0,105.0
10007150,2016/17,09,470.0,25.0
10007150,2016/17,10,395.0,30.0
10007150,2016/17,11,1195.0,65.0
10007150,2016/17,13,475.0,25.0
10007150,2016/17,15,3160.0,285.0
10007150,2016/17,16,1305.0,65.0
10007150,2016/17,17,2840.0,105.0
10007150,2016/17,19,1540.0,80.0
10007150,2016/17,20,1430.0,85.0
10007150,2016/17,22,10.0,235.0
10007150,2016/17,23,35.0,0.0
10007150,2016/17,24,130.0,10.0
10007150,2016/17,25,1310.0,70.0
10007150,2016/17,26,5.0,0.0
10007150,2017/18,02,265.0,520.0
10007150,2017/18,03,1415.0,110.0
10007150,2017/18,04,1090.0,125.0
10007150,2017/18,06,110.0,5.0
10007150,2017/18,07,1025.0,65.0
10007150,2017/18,09,450.0,20.0
10007150,2017/18,10,400.0,20.0
10007150,2017/18,11,1120.0,55.0
10007150,2017/18,13,485.0,25.0
10007150,2017/18,15,3310.0,295.0
10007150,2017/18,16,1285.0,60.0
10007150,2017/18,17,2775.0,110.0
10007150,2017/18,19,1435.0,85.0
10007150,2017/18,20,1410.0,80.0
10007150,2017/18,22,5.0,245.0
10007150,2017/18,23,45.0,0.0
10007150,2017/18,24,125.0,5.0
10007150,2017/18,25,1190.0,55.0
10007150,2017/18,26,5.0,0.0
10007150,2018/19,02,270.0,685.0
10007150,2018/19,03,1385.0,120.0
10007150,2018/19,04,1055.0,130.0
10007150,2018/19,06,105.0,5.0
10007150,2018/19,07,945.0,85.0
10007150,2018/19,09,365.0,25.0
10007150,2018/19,10,345.0,20.0
10007150,2018/19,11,1070.0,65.0
10007150,2018/19,13,450.0,40.0
10007150,2018/19,15,3205.0,325.0
10007150,2018/19,16,1305.0,35.0
10007150,2018/19,17,2625.0,135.0
10007150,2018/19,19,1300.0,70.0
10007150,2018/19,20,1345.0,85.0
10007150,2018/19,22,10.0,275.0
10007150,2018/19,23,65.0,20.0
10007150,2018/19,24,115.0,5.0
10007150,2018/19,25,1120.0,55.0
10007150,2018/19,26,5.0,0.0
10007150,2019/20,02,245.0,675.0
10007150,2019/20,03,1365.0,80.0
10007150,2019/20,04,1115.0,125.0
10007150,2019/20,06,20.0,0.0
10007150,2019/20,07,870.0,60.0
10007150,2019/20,09,435.0,20.0
10007150,2019/20,10,390.0,20.0
10007150,2019/20,11,1185.0,65.0
10007150,2019/20,13,445.0,45.0
10007150,2019/20,15,3095.0,485.0
10007150,2019/20,16,1430.0,45.0
10007150,2019/20,17,2450.0,140.0
10007150,2019/20,19,1155.0,55.0
10007150,2019/20,20,1260.0,65.0
10007150,2019/20,22,0.0,220.0
10007150,2019/20,23,45.0,55.0
10007150,2019/20,24,135.0,5.0
10007150,2019/20,25,820.0,50.0
10007150,2019/20,26,40.0,0.0
10007150,2020/21,01,55.0,0.0
10007150,2020/21,02,280.0,695.0
10007150,2020/21,03,1465.0,60.0
10007150,2020/21,04,1170.0,115.0
10007150,2020/21,06,30.0,0.0
10007150,2020/21,07,870.0,20.0
10007150,2020/21,09,475.0,5.0
10007150,2020/21,10,475.0,15.0
10007150,2020/21,11,1215.0,35.0
10007150,2020/21,13,445.0,60.0
10007150,2020/21,15,3015.0,520.0
10007150,2020/21,16,1495.0,40.0
10007150,2020/21,17,2365.0,105.0
10007150,2020/21,19,955.0,60.0
10007150,2020/21,20,1110.0,70.0
10007150,2020/21,22,5.0,190.0
10007150,2020/21,23,50.0,70.0
10007150,2020/21,24,155.0,10.0
10007150,2020/21,25,785.0,25.0
10007150,2020/21,26,75.0,5.0
10007150,2021/22,01,105.0,0.0
10007150,2021/22,02,805.0,605.0
10007150,2021/22,03,970.0,70.0
10007150,2021/22,04,1170.0,110.0
10007150,2021/22,06,25.0,0.0
10007150,2021/22,07,815.0,40.0
10007150,2021/22,09,365.0,25.0
10007150,2021/22,10,500.0,20.0
10007150,2021/22,11,1030.0,40.0
10007150,2021/22,13,430.0,60.0
10007150,2021/22,15,2615.0,620.0
10007150,2021/22,16,1535.0,40.0
10007150,2021/22,17,2620.0,290.0
10007150,2021/22,19,720.0,60.0
10007150,2021/22,20,920.0,80.0
10007150,2021/22,22,5.0,230.0
10007150,2021/22,23,70.0,45.0
10007150,2021/22,24,140.0,10.0
10007150,2021/22,25,795.0,40.0
10007150,2021/22,26,90.0,0.0
10007150,2022/23,01,150.0,0.0
10007150,2022/23,02,775.0,655.0
10007150,2022/23,03,1025.0,85.0
10007150,2022/23,04,1240.0,125.0
10007150,2022/23,06,25.0,0.0
10007150,2022/23,07,755.0,50.0
10007150,2022/23,09,315.0,30.0
10007150,2022/23,10,545.0,35.0
10007150,2022/23,11,1025.0,90.0
10007150,2022/23,13,390.0,45.0
10007150,2022/23,15,2335.0,740.0
10007150,2022/23,16,1545.0,65.0
10007150,2022/23,17,2635.0,320.0
10007150,2022/23,19,615.0,60.0
10007150,2022/23,20,785.0,75.0
10007150,2022/23,22,15.0,180.0
10007150,2022/23,23,65.0,45.0
10007150,2022/23,24,250.0,15.0
10007150,2022/23,25,675.0,40.0
10007150,2022/23,26,90.0,5.0
10007150,2023/24,01,210.0,0.0
10007150,2023/24,02,870.0,445.0
10007150,2023/24,03,1010.0,70.0
10007150,2023/24,04,1270.0,190.0
10007150,2023/24,06,5.0,0.0
10007150,2023/24,07,720.0,55.0
10007150,2023/24,09,275.0,15.0
10007150,2023/24,10,525.0,40.0
10007150,2023/24,11,1115.0,75.0
10007150,2023/24,13,340.0,40.0
10007150,2023/24,15,2125.0,725.0
10007150,2023/24,16,1630.0,40.0
10007150,2023/24,17,2370.0,345.0
10007150,2023/24,19,540.0,45.0
10007150,2023/24,20,770.0,50.0
10007150,2023/24,22,15.0,140.0
10007150,2023/24,23,65.0,25.0
10007150,2023/24,24,215.0,10.0
10007150,2023/24,25,675.0,45.0
10007150,2023/24,26,90.0,5.0
10007150,2024/25,01,255.0,0.0
10007150,2024/25,02,765.0,400.0
10007150,2024/25,03,910.0,85.0
10007150,2024/25,04,1365.0,180.0
10007150,2024/25,06,10.0,0.0
10007150,2024/25,07,750.0,65.0
10007150,2024/25,09,255.0,10.0
10007150,2024/25,10,525.0,40.0
10007150,2024/25,11,1130.0,65.0
10007150,2024/25,13,330.0,50.0
10007150,2024/25,15,1765.0,750.0
10007150,2024/25,16,1580.0,70.0
10007150,2024/25,17,2145.0,260.0
10007150,2024/25,19,490.0,35.0
10007150,2024/25,20,655.0,50.0
10007150,2024/25,22,5.0,115.0
10007150,2024/25,23,50.0,25.0
10007150,2024/25,24,195.0,5.0
10007150,2024/25,25,590.0,30.0
10007150,2024/25,26,75.0,0.0
10007151,2014/15,02,1040.0,435.0
10007151,2014/15,03,525.0,25.0
10007151,2014/15,04,760.0,45.0
10007151,2014/15,06,255.0,125.0
10007151,2014/15,07,265.0,10.0
10007151,2014/15,09,5.0,0.0
10007151,2014/15,10,160.0,65.0
10007151,2014/15,11,565.0,45.0
10007151,2014/15,13,355.0,200.0
10007151,2014/15,15,640.0,365.0
10007151,2014/15,16,415.0,25.0
10007151,2014/15,17,2290.0,1045.0
10007151,2014/15,19,315.0,105.0
10007151,2014/15,20,295.0,25.0
10007151,2014/15,22,15.0,125.0
10007151,2014/15,24,1085.0,40.0
10007151,2014/15,25,1525.0,80.0
10007151,2015/16,02,1120.0,430.0
10007151,2015/16,03,615.0,20.0
10007151,2015/16,04,885.0,55.0
10007151,2015/16,06,215.0,135.0
10007151,2015/16,07,280.0,10.0
10007151,2015/16,09,35.0,0.0
10007151,2015/16,10,160.0,50.0
10007151,2015/16,11,720.0,65.0
10007151,2015/16,13,285.0,180.0
10007151,2015/16,15,665.0,290.0
10007151,2015/16,16,430.0,20.0
10007151,2015/16,17,2075.0,1005.0
10007151,2015/16,19,325.0,90.0
10007151,2015/16,20,405.0,25.0
10007151,2015/16,22,15.0,145.0
10007151,2015/16,24,1130.0,45.0
10007151,2015/16,25,1505.0,60.0
10007151,2016/17,02,1265.0,390.0
10007151,2016/17,03,715.0,25.0
10007151,2016/17,04,960.0,40.0
10007151,2016/17,06,210.0,155.0
10007151,2016/17,07,300.0,15.0
10007151,2016/17,09,70.0,0.0
10007151,2016/17,10,180.0,45.0
10007151,2016/17,11,780.0,60.0
10007151,2016/17,13,225.0,190.0
10007151,2016/17,15,695.0,240.0
10007151,2016/17,16,450.0,20.0
10007151,2016/17,17,2165.0,980.0
10007151,2016/17,19,355.0,75.0
10007151,2016/17,20,530.0,25.0
10007151,2016/17,22,10.0,150.0
10007151,2016/17,24,1145.0,60.0
10007151,2016/17,25,1525.0,65.0
10007151,2017/18,02,1365.0,555.0
10007151,2017/18,03,825.0,30.0
10007151,2017/18,04,995.0,45.0
10007151,2017/18,06,215.0,210.0
10007151,2017/18,07,390.0,20.0
10007151,2017/18,09,120.0,5.0
10007151,2017/18,10,220.0,55.0
10007151,2017/18,11,820.0,65.0
10007151,2017/18,13,190.0,135.0
10007151,2017/18,15,875.0,155.0
10007151,2017/18,16,540.0,15.0
10007151,2017/18,17,2150.0,930.0
10007151,2017/18,19,395.0,95.0
10007151,2017/18,20,565.0,35.0
10007151,2017/18,22,20.0,140.0
10007151,2017/18,24,1055.0,65.0
10007151,2017/18,25,1560.0,70.0
10007151,2017/18,26,40.0,0.0
10007151,2018/19,02,1495.0,445.0
10007151,2018/19,03,900.0,25.0
10007151,2018/19,04,1005.0,55.0
10007151,2018/19,06,225.0,190.0
10007151,2018/19,07,480.0,20.0
10007151,2018/19,09,150.0,10.0
10007151,2018/19,10,295.0,85.0
10007151,2018/19,11,850.0,75.0
10007151,2018/19,13,185.0,140.0
10007151,2018/19,15,1085.0,170.0
10007151,2018/19,16,670.0,25.0
10007151,2018/19,17,2100.0,1005.0
10007151,2018/19,19,425.0,75.0
10007151,2018/19,20,625.0,40.0
10007151,2018/19,22,50.0,215.0
10007151,2018/19,24,1025.0,65.0
10007151,2018/19,25,1495.0,80.0
10007151,2018/19,26,90.0,0.0
10007151,2019/20,02,1340.0,210.0
10007151,2019/20,03,960.0,35.0
10007151,2019/20,04,1075.0,70.0
10007151,2019/20,06,255.0,210.0
10007151,2019/20,07,580.0,25.0
10007151,2019/20,09,165.0,10.0
10007151,2019/20,10,345.0,230.0
10007151,2019/20,11,845.0,65.0
10007151,2019/20,13,200.0,115.0
10007151,2019/20,15,1400.0,290.0
10007151,2019/20,16,750.0,15.0
10007151,2019/20,17,2270.0,930.0
10007151,2019/20,19,395.0,85.0
10007151,2019/20,20,670.0,45.0
10007151,2019/20,22,105.0,210.0
10007151,2019/20,24,745.0,30.0
10007151,2019/20,25,1535.0,80.0
10007151,2019/20,26,145.0,0.0
10007151,2020/21,02,1530.0,410.0
10007151,2020/21,03,980.0,35.0
10007151,2020/21,04,1085.0,145.0
10007151,2020/21,06,280.0,230.0
10007151,2020/21,07,665.0,15.0
10007151,2020/21,09,165.0,5.0
10007151,2020/21,10,405.0,225.0
10007151,2020/21,11,835.0,65.0
10007151,2020/21,13,200.0,80.0
10007151,2020/21,15,1425.0,380.0
10007151,2020/21,16,780.0,20.0
10007151,2020/21,17,2205.0,1370.0
10007151,2020/21,19,395.0,75.0
10007151,2020/21,20,685.0,65.0
10007151,2020/21,22,165.0,225.0
10007151,2020/21,24,590.0,40.0
10007151,2020/21,25,1575.0,65.0
10007151,2020/21,26,155.0,5.0
10007151,2021/22,02,1860.0,345.0
10007151,2021/22,03,975.0,35.0
10007151,2021/22,04,960.0,165.0
10007151,2021/22,06,355.0,215.0
10007151,2021/22,07,685.0,40.0
10007151,2021/22,09,135.0,10.0
10007151,2021/22,10,495.0,255.0
10007151,2021/22,11,845.0,80.0
10007151,2021/22,13,210.0,85.0
10007151,2021/22,15,1340.0,405.0
10007151,2021/22,16,705.0,45.0
10007151,2021/22,17,2585.0,1280.0
10007151,2021/22,19,370.0,75.0
10007151,2021/22,20,615.0,75.0
10007151,2021/22,22,220.0,225.0
10007151,2021/22,24,460.0,35.0
10007151,2021/22,25,1520.0,60.0
10007151,2021/22,26,175.0,35.0
10007151,2022/23,02,2050.0,400.0
10007151,2022/23,03,1045.0,55.0
10007151,2022/23,04,1060.0,135.0
10007151,2022/23,06,475.0,190.0
10007151,2022/23,07,800.0,35.0
10007151,2022/23,09,135.0,10.0
10007151,2022/23,10,575.0,230.0
10007151,2022/23,11,830.0,70.0
10007151,2022/23,13,240.0,60.0
10007151,2022/23,15,1410.0,310.0
10007151,2022/23,16,720.0,45.0
10007151,2022/23,17,3725.0,1020.0
10007151,2022/23,19,425.0,65.0
10007151,2022/23,20,625.0,75.0
10007151,2022/23,22,365.0,195.0
10007151,2022/23,24,430.0,20.0
10007151,2022/23,25,1570.0,65.0
10007151,2022/23,26,245.0,25.0
10007151,2023/24,02,2220.0,425.0
10007151,2023/24,03,1035.0,45.0
10007151,2023/24,04,1095.0,125.0
10007151,2023/24,06,425.0,190.0
10007151,2023/24,07,910.0,45.0
10007151,2023/24,09,145.0,5.0
10007151,2023/24,10,655.0,220.0
10007151,2023/24,11,815.0,45.0
10007151,2023/24,13,225.0,25.0
10007151,2023/24,15,1430.0,335.0
10007151,2023/24,16,770.0,40.0
10007151,2023/24,17,3955.0,970.0
10007151,2023/24,19,400.0,80.0
10007151,2023/24,20,600.0,70.0
10007151,2023/24,22,395.0,235.0
10007151,2023/24,24,415.0,10.0
10007151,2023/24,25,1535.0,70.0
10007151,2023/24,26,185.0,50.0
10007151,2024/25,02,2180.0,385.0
10007151,2024/25,03,1010.0,55.0
10007151,2024/25,04,1155.0,105.0
10007151,2024/25,06,470.0,195.0
10007151,2024/25,07,875.0,40.0
10007151,2024/25,09,140.0,10.0
10007151,2024/25,10,615.0,435.0
10007151,2024/25,11,825.0,85.0
10007151,2024/25,13,215.0,35.0
10007151,2024/25,15,1275.0,370.0
10007151,2024/25,16,775.0,30.0
10007151,2024/25,17,3275.0,940.0
10007151,2024/25,19,365.0,40.0
10007151,2024/25,20,565.0,70.0
10007151,2024/25,22,380.0,305.0
10007151,2024/25,24,360.0,15.0
10007151,2024/25,25,1535.0,85.0
10007151,2024/25,26,180.0,170.0
10007152,2014/15,02,1725.0,1050.0
10007152,2014/15,03,1440.0,200.0
10007152,2014/15,04,430.0,120.0
10007152,2014/15,06,5.0,0.0
10007152,2014/15,10,115.0,80.0
10007152,2014/15,11,745.0,350.0
10007152,2014/15,13,40.0,55.0
10007152,2014/15,15,1245.0,485.0
10007152,2014/15,16,360.0,95.0
10007152,2014/15,17,2190.0,960.0
10007152,2014/15,19,245.0,45.0
10007152,2014/15,22,920.0,1315.0
10007152,2014/15,24,535.0,90.0
10007152,2014/15,25,725.0,70.0
10007152,2014/15,26,10.0,10.0
10007152,2015/16,02,1810.0,865.0
10007152,2015/16,03,1260.0,210.0
10007152,2015/16,04,355.0,110.0
10007152,2015/16,06,5.0,5.0
10007152,2015/16,10,65.0,90.0
10007152,2015/16,11,630.0,225.0
10007152,2015/16,13,50.0,30.0
10007152,2015/16,15,1570.0,620.0
10007152,2015/16,16,280.0,80.0
10007152,2015/16,17,1995.0,570.0
10007152,2015/16,19,245.0,40.0
10007152,2015/16,22,875.0,1205.0
10007152,2015/16,24,455.0,65.0
10007152,2015/16,25,605.0,65.0
10007152,2015/16,26,10.0,5.0
10007152,2016/17,02,1680.0,600.0
10007152,2016/17,03,1220.0,155.0
10007152,2016/17,04,405.0,80.0
10007152,2016/17,06,20.0,5.0
10007152,2016/17,07,75.0,5.0
10007152,2016/17,10,85.0,60.0
10007152,2016/17,11,710.0,80.0
10007152,2016/17,13,45.0,30.0
10007152,2016/17,15,1440.0,580.0
10007152,2016/17,16,300.0,70.0
10007152,2016/17,17,2660.0,315.0
10007152,2016/17,19,225.0,45.0
10007152,2016/17,22,820.0,1145.0
10007152,2016/17,23,0.0,85.0
10007152,2016/17,24,400.0,45.0
10007152,2016/17,25,580.0,30.0
10007152,2016/17,26,10.0,0.0
10007152,2017/18,02,1370.0,405.0
10007152,2017/18,03,1015.0,170.0
10007152,2017/18,04,390.0,80.0
10007152,2017/18,06,15.0,10.0
10007152,2017/18,07,60.0,15.0
10007152,2017/18,10,130.0,50.0
10007152,2017/18,11,680.0,75.0
10007152,2017/18,13,60.0,35.0
10007152,2017/18,15,1595.0,365.0
10007152,2017/18,16,250.0,75.0
10007152,2017/18,17,2600.0,275.0
10007152,2017/18,19,190.0,25.0
10007152,2017/18,22,695.0,990.0
10007152,2017/18,23,0.0,240.0
10007152,2017/18,24,310.0,40.0
10007152,2017/18,25,510.0,35.0
10007152,2017/18,26,5.0,0.0
10007152,2018/19,02,1110.0,485.0
10007152,2018/19,03,915.0,115.0
10007152,2018/19,04,435.0,85.0
10007152,2018/19,06,20.0,5.0
10007152,2018/19,07,55.0,5.0
10007152,2018/19,10,360.0,50.0
10007152,2018/19,11,745.0,70.0
10007152,2018/19,13,50.0,30.0
10007152,2018/19,15,2120.0,400.0
10007152,2018/19,16,225.0,70.0
10007152,2018/19,17,3705.0,355.0
10007152,2018/19,19,150.0,30.0
10007152,2018/19,22,590.0,865.0
10007152,2018/19,23,0.0,60.0
10007152,2018/19,24,260.0,30.0
10007152,2018/19,25,500.0,25.0
10007152,2018/19,26,5.0,0.0
10007152,2019/20,02,1100.0,485.0
10007152,2019/20,03,725.0,130.0
10007152,2019/20,04,525.0,100.0
10007152,2019/20,06,40.0,15.0
10007152,2019/20,07,60.0,20.0
10007152,2019/20,10,360.0,35.0
10007152,2019/20,11,1075.0,90.0
10007152,2019/20,13,50.0,35.0
10007152,2019/20,15,2675.0,530.0
10007152,2019/20,16,235.0,65.0
10007152,2019/20,17,5480.0,560.0
10007152,2019/20,19,135.0,150.0
10007152,2019/20,22,475.0,675.0
10007152,2019/20,23,0.0,75.0
10007152,2019/20,24,210.0,20.0
10007152,2019/20,25,620.0,20.0
10007152,2019/20,26,15.0,0.0
10007152,2020/21,02,1310.0,425.0
10007152,2020/21,03,625.0,70.0
10007152,2020/21,04,535.0,90.0
10007152,2020/21,06,95.0,10.0
10007152,2020/21,07,80.0,10.0
10007152,2020/21,10,435.0,25.0
10007152,2020/21,11,1290.0,85.0
10007152,2020/21,13,20.0,30.0
10007152,2020/21,15,2735.0,320.0
10007152,2020/21,16,235.0,40.0
10007152,2020/21,17,6700.0,510.0
10007152,2020/21,19,110.0,135.0
10007152,2020/21,22,585.0,600.0
10007152,2020/21,24,195.0,20.0
10007152,2020/21,25,610.0,25.0
10007152,2020/21,26,20.0,0.0
10007152,2021/22,02,1325.0,450.0
10007152,2021/22,03,445.0,70.0
10007152,2021/22,04,370.0,70.0
10007152,2021/22,06,95.0,15.0
10007152,2021/22,07,55.0,15.0
10007152,2021/22,10,445.0,25.0
10007152,2021/22,11,1525.0,85.0
10007152,2021/22,13,20.0,25.0
10007152,2021/22,15,2605.0,440.0
10007152,2021/22,16,200.0,55.0
10007152,2021/22,17,5585.0,495.0
10007152,2021/22,19,75.0,115.0
10007152,2021/22,22,560.0,540.0
10007152,2021/22,23,0.0,10.0
10007152,2021/22,24,160.0,20.0
10007152,2021/22,25,490.0,15.0
10007152,2021/22,26,25.0,0.0
10007152,2022/23,01,0.0,45.0
10007152,2022/23,02,1505.0,240.0
10007152,2022/23,03,435.0,45.0
10007152,2022/23,04,345.0,45.0
10007152,2022/23,06,75.0,5.0
10007152,2022/23,07,65.0,10.0
10007152,2022/23,10,365.0,5.0
10007152,2022/23,11,1475.0,60.0
10007152,2022/23,13,25.0,15.0
10007152,2022/23,15,1990.0,295.0
10007152,2022/23,16,160.0,30.0
10007152,2022/23,17,5495.0,335.0
10007152,2022/23,19,65.0,115.0
10007152,2022/23,22,470.0,395.0
10007152,2022/23,24,105.0,20.0
10007152,2022/23,25,445.0,10.0
10007152,2023/24,01,0.0,45.0
10007152,2023/24,02,1435.0,220.0
10007152,2023/24,03,405.0,45.0
10007152,2023/24,04,310.0,45.0
10007152,2023/24,06,90.0,5.0
10007152,2023/24,07,60.0,10.0
10007152,2023/24,10,320.0,10.0
10007152,2023/24,11,1300.0,35.0
10007152,2023/24,13,15.0,10.0
10007152,2023/24,15,1560.0,265.0
10007152,2023/24,16,155.0,15.0
10007152,2023/24,17,4535.0,305.0
10007152,2023/24,19,45.0,50.0
10007152,2023/24,22,475.0,285.0
10007152,2023/24,24,70.0,10.0
10007152,2023/24,25,400.0,10.0
10007152,2024/25,01,0.0,50.0
10007152,2024/25,02,1350.0,270.0
10007152,2024/25,03,345.0,40.0
10007152,2024/25,04,240.0,50.0
10007152,2024/25,06,55.0,10.0
10007152,2024/25,07,60.0,5.0
10007152,2024/25,10,185.0,20.0
10007152,2024/25,11,830.0,60.0
10007152,2024/25,13,30.0,10.0
10007152,2024/25,15,1075.0,215.0
10007152,2024/25,16,170.0,25.0
10007152,2024/25,17,2235.0,400.0
10007152,2024/25,19,40.0,10.0
10007152,2024/25,22,445.0,230.0
10007152,2024/25,24,55.0,10.0
10007152,2024/25,25,465.0,15.0
10007154,2014/15,01,2005.0,110.0
10007154,2014/15,02,3660.0,1590.0
10007154,2014/15,03,1410.0,80.0
10007154,2014/15,04,995.0,70.0
10007154,2014/15,05,665.0,50.0
10007154,2014/15,06,420.0,80.0
10007154,2014/15,07,1570.0,10.0
10007154,2014/15,09,1000.0,0.0
10007154,2014/15,10,3025.0,70.0
10007154,2014/15,11,680.0,15.0
10007154,2014/15,13,1000.0,70.0
10007154,2014/15,15,2380.0,60.0
10007154,2014/15,16,1055.0,90.0
10007154,2014/15,17,1880.0,100.0
10007154,2014/15,19,2710.0,150.0
10007154,2014/15,20,1945.0,135.0
10007154,2014/15,22,565.0,1030.0
10007154,2014/15,24,140.0,0.0
10007154,2014/15,25,275.0,55.0
10007154,2014/15,26,760.0,10.0
10007154,2015/16,01,1975.0,110.0
10007154,2015/16,02,3700.0,1300.0
10007154,2015/16,03,1520.0,100.0
10007154,2015/16,04,965.0,80.0
10007154,2015/16,05,670.0,50.0
10007154,2015/16,06,395.0,75.0
10007154,2015/16,07,1655.0,15.0
10007154,2015/16,09,1045.0,0.0
10007154,2015/16,10,3100.0,60.0
10007154,2015/16,11,695.0,10.0
10007154,2015/16,13,970.0,40.0
10007154,2015/16,15,2465.0,55.0
10007154,2015/16,16,1120.0,75.0
10007154,2015/16,17,2080.0,95.0
10007154,2015/16,19,2585.0,150.0
10007154,2015/16,20,1960.0,110.0
10007154,2015/16,22,450.0,1150.0
10007154,2015/16,24,160.0,0.0
10007154,2015/16,25,275.0,40.0
10007154,2015/16,26,805.0,15.0
10007154,2016/17,01,1975.0,125.0
10007154,2016/17,02,3745.0,1110.0
10007154,2016/17,03,1635.0,85.0
10007154,2016/17,04,985.0,70.0
10007154,2016/17,05,725.0,45.0
10007154,2016/17,06,395.0,80.0
10007154,2016/17,07,1720.0,20.0
10007154,2016/17,09,1075.0,5.0
10007154,2016/17,10,3175.0,55.0
10007154,2016/17,11,740.0,10.0
10007154,2016/17,13,955.0,60.0
10007154,2016/17,15,2690.0,50.0
10007154,2016/17,16,1085.0,75.0
10007154,2016/17,17,2235.0,110.0
10007154,2016/17,19,2515.0,150.0
10007154,2016/17,20,1820.0,110.0
10007154,2016/17,22,450.0,1080.0
10007154,2016/17,23,5.0,0.0
10007154,2016/17,24,200.0,0.0
10007154,2016/17,25,320.0,30.0
10007154,2016/17,26,795.0,10.0
10007154,2017/18,01,2035.0,110.0
10007154,2017/18,02,3655.0,705.0
10007154,2017/18,03,1605.0,85.0
10007154,2017/18,04,1005.0,75.0
10007154,2017/18,05,765.0,45.0
10007154,2017/18,06,425.0,75.0
10007154,2017/18,07,1765.0,25.0
10007154,2017/18,09,1105.0,10.0
10007154,2017/18,10,3465.0,60.0
10007154,2017/18,11,825.0,10.0
10007154,2017/18,13,990.0,55.0
10007154,2017/18,15,2905.0,50.0
10007154,2017/18,16,1035.0,65.0
10007154,2017/18,17,2825.0,105.0
10007154,2017/18,19,2370.0,150.0
10007154,2017/18,20,1845.0,120.0
10007154,2017/18,22,450.0,915.0
10007154,2017/18,24,215.0,5.0
10007154,2017/18,25,335.0,30.0
10007154,2017/18,26,785.0,10.0
10007154,2018/19,01,2105.0,90.0
10007154,2018/19,02,3480.0,495.0
10007154,2018/19,03,1615.0,80.0
10007154,2018/19,04,1020.0,60.0
10007154,2018/19,05,825.0,100.0
10007154,2018/19,06,405.0,60.0
10007154,2018/19,07,1780.0,35.0
10007154,2018/19,09,1165.0,15.0
10007154,2018/19,10,3705.0,90.0
10007154,2018/19,11,845.0,20.0
10007154,2018/19,13,1010.0,45.0
10007154,2018/19,15,2935.0,75.0
10007154,2018/19,16,1025.0,60.0
10007154,2018/19,17,3140.0,135.0
10007154,2018/19,19,2270.0,180.0
10007154,2018/19,20,1845.0,105.0
10007154,2018/19,22,600.0,740.0
10007154,2018/19,23,5.0,0.0
10007154,2018/19,24,245.0,10.0
10007154,2018/19,25,295.0,35.0
10007154,2018/19,26,785.0,15.0
10007154,2019/20,01,2220.0,140.0
10007154,2019/20,02,3560.0,305.0
10007154,2019/20,03,1490.0,85.0
10007154,2019/20,04,1000.0,70.0
10007154,2019/20,05,1005.0,125.0
10007154,2019/20,06,425.0,55.0
10007154,2019/20,07,1880.0,25.0
10007154,2019/20,09,1175.0,10.0
10007154,2019/20,10,4190.0,55.0
10007154,2019/20,11,965.0,10.0
10007154,2019/20,13,1060.0,30.0
10007154,2019/20,15,3065.0,75.0
10007154,2019/20,16,1150.0,55.0
10007154,2019/20,17,3235.0,160.0
10007154,2019/20,19,2095.0,150.0
10007154,2019/20,20,1910.0,105.0
10007154,2019/20,22,760.0,630.0
10007154,2019/20,23,90.0,0.0
10007154,2019/20,24,415.0,20.0
10007154,2019/20,25,125.0,5.0
10007154,2019/20,26,885.0,15.0
10007154,2020/21,01,2495.0,120.0
10007154,2020/21,02,3635.0,425.0
10007154,2020/21,03,1495.0,85.0
10007154,2020/21,04,1085.0,65.0
10007154,2020/21,05,1190.0,155.0
10007154,2020/21,06,370.0,45.0
10007154,2020/21,07,1975.0,35.0
10007154,2020/21,09,1130.0,10.0
10007154,2020/21,10,4455.0,55.0
10007154,2020/21,11,1155.0,10.0
10007154,2020/21,13,990.0,65.0
10007154,2020/21,15,3250.0,65.0
10007154,2020/21,16,1240.0,45.0
10007154,2020/21,17,2930.0,90.0
10007154,2020/21,19,1955.0,155.0
10007154,2020/21,20,1950.0,80.0
10007154,2020/21,22,665.0,615.0
10007154,2020/21,23,160.0,0.0
10007154,2020/21,24,450.0,5.0
10007154,2020/21,25,120.0,5.0
10007154,2020/21,26,970.0,15.0
10007154,2021/22,01,2640.0,155.0
10007154,2021/22,02,3935.0,435.0
10007154,2021/22,03,1680.0,90.0
10007154,2021/22,04,1270.0,95.0
10007154,2021/22,05,1310.0,185.0
10007154,2021/22,06,335.0,25.0
10007154,2021/22,07,1860.0,45.0
10007154,2021/22,09,1030.0,20.0
10007154,2021/22,10,4395.0,60.0
10007154,2021/22,11,1550.0,25.0
10007154,2021/22,13,1005.0,75.0
10007154,2021/22,15,3430.0,45.0
10007154,2021/22,16,1295.0,40.0
10007154,2021/22,17,3045.0,80.0
10007154,2021/22,19,1790.0,140.0
10007154,2021/22,20,1950.0,75.0
10007154,2021/22,22,840.0,410.0
10007154,2021/22,23,285.0,0.0
10007154,2021/22,24,460.0,0.0
10007154,2021/22,25,110.0,5.0
10007154,2021/22,26,1020.0,15.0
10007154,2022/23,01,2775.0,150.0
10007154,2022/23,02,3900.0,585.0
10007154,2022/23,03,1610.0,110.0
10007154,2022/23,04,1470.0,120.0
10007154,2022/23,05,1475.0,200.0
10007154,2022/23,06,325.0,25.0
10007154,2022/23,07,1690.0,65.0
10007154,2022/23,09,940.0,25.0
10007154,2022/23,10,4330.0,90.0
10007154,2022/23,11,1640.0,30.0
10007154,2022/23,13,1020.0,110.0
10007154,2022/23,15,3250.0,55.0
10007154,2022/23,16,1230.0,65.0
10007154,2022/23,17,3395.0,70.0
10007154,2022/23,19,1660.0,175.0
10007154,2022/23,20,1840.0,85.0
10007154,2022/23,22,810.0,620.0
10007154,2022/23,23,350.0,5.0
10007154,2022/23,24,480.0,10.0
10007154,2022/23,25,105.0,10.0
10007154,2022/23,26,990.0,15.0
10007154,2023/24,01,2785.0,125.0
10007154,2023/24,02,3540.0,410.0
10007154,2023/24,03,1560.0,75.0
10007154,2023/24,04,1425.0,100.0
10007154,2023/24,05,1560.0,205.0
10007154,2023/24,06,315.0,25.0
10007154,2023/24,07,1500.0,55.0
10007154,2023/24,09,950.0,45.0
10007154,2023/24,10,4120.0,105.0
10007154,2023/24,11,1710.0,45.0
10007154,2023/24,13,895.0,110.0
10007154,2023/24,15,3115.0,35.0
10007154,2023/24,16,1325.0,45.0
10007154,2023/24,17,3235.0,55.0
10007154,2023/24,19,1565.0,150.0
10007154,2023/24,20,1775.0,70.0
10007154,2023/24,22,685.0,610.0
10007154,2023/24,23,355.0,5.0
10007154,2023/24,24,500.0,0.0
10007154,2023/24,25,90.0,0.0
10007154,2023/24,26,890.0,10.0
10007154,2024/25,01,2740.0,130.0
10007154,2024/25,02,3295.0,400.0
10007154,2024/25,03,1610.0,55.0
10007154,2024/25,04,1345.0,130.0
10007154,2024/25,05,1555.0,155.0
10007154,2024/25,06,300.0,20.0
10007154,2024/25,07,1470.0,35.0
10007154,2024/25,09,910.0,50.0
10007154,2024/25,10,4335.0,125.0
10007154,2024/25,11,1815.0,50.0
10007154,2024/25,13,875.0,180.0
10007154,2024/25,15,3285.0,35.0
10007154,2024/25,16,1435.0,45.0
10007154,2024/25,17,3365.0,30.0
10007154,2024/25,19,1535.0,150.0
10007154,2024/25,20,1910.0,55.0
10007154,2024/25,22,625.0,560.0
10007154,2024/25,23,380.0,5.0
10007154,2024/25,24,520.0,0.0
10007154,2024/25,25,90.0,0.0
10007154,2024/25,26,855.0,10.0
10007155,2014/15,02,1130.0,150.0
10007155,2014/15,03,1120.0,85.0
10007155,2014/15,04,680.0,65.0
10007155,2014/15,07,95.0,5.0
10007155,2014/15,09,430.0,20.0
10007155,2014/15,10,1975.0,510.0
10007155,2014/15,11,1655.0,130.0
10007155,2014/15,13,665.0,85.0
10007155,2014/15,15,1970.0,910.0
10007155,2014/15,16,485.0,50.0
10007155,2014/15,17,2965.0,810.0
10007155,2014/15,19,1330.0,200.0
10007155,2014/15,20,245.0,15.0
10007155,2014/15,22,505.0,460.0
10007155,2014/15,24,520.0,20.0
10007155,2014/15,25,1130.0,30.0
10007155,2014/15,26,1100.0,85.0
10007155,2015/16,02,1195.0,155.0
10007155,2015/16,03,1280.0,80.0
10007155,2015/16,04,825.0,60.0
10007155,2015/16,07,105.0,15.0
10007155,2015/16,09,425.0,15.0
10007155,2015/16,10,2005.0,550.0
10007155,2015/16,11,1540.0,130.0
10007155,2015/16,13,635.0,85.0
10007155,2015/16,15,1995.0,970.0
10007155,2015/16,16,500.0,55.0
10007155,2015/16,17,3095.0,680.0
10007155,2015/16,19,1270.0,170.0
10007155,2015/16,20,230.0,5.0
10007155,2015/16,22,565.0,435.0
10007155,2015/16,24,500.0,15.0
10007155,2015/16,25,1315.0,40.0
10007155,2015/16,26,1040.0,70.0
10007155,2016/17,01,5.0,0.0
10007155,2016/17,02,1505.0,195.0
10007155,2016/17,03,1160.0,70.0
10007155,2016/17,04,910.0,85.0
10007155,2016/17,07,145.0,5.0
10007155,2016/17,09,440.0,15.0
10007155,2016/17,10,2090.0,640.0
10007155,2016/17,11,1705.0,130.0
10007155,2016/17,13,675.0,95.0
10007155,2016/17,15,2235.0,1080.0
10007155,2016/17,16,575.0,70.0
10007155,2016/17,17,3300.0,665.0
10007155,2016/17,19,1180.0,180.0
10007155,2016/17,20,225.0,45.0
10007155,2016/17,22,575.0,410.0
10007155,2016/17,24,490.0,20.0
10007155,2016/17,25,1445.0,60.0
10007155,2016/17,26,1005.0,75.0
10007155,2017/18,02,1660.0,155.0
10007155,2017/18,03,1200.0,95.0
10007155,2017/18,04,905.0,85.0
10007155,2017/18,07,200.0,5.0
10007155,2017/18,09,395.0,15.0
10007155,2017/18,10,2075.0,580.0
10007155,2017/18,11,1765.0,130.0
10007155,2017/18,13,730.0,135.0
10007155,2017/18,15,2460.0,1405.0
10007155,2017/18,16,570.0,50.0
10007155,2017/18,17,3535.0,715.0
10007155,2017/18,19,1060.0,150.0
10007155,2017/18,20,225.0,55.0
10007155,2017/18,22,620.0,460.0
10007155,2017/18,24,465.0,15.0
10007155,2017/18,25,1505.0,55.0
10007155,2017/18,26,855.0,65.0
10007155,2018/19,02,1885.0,180.0
10007155,2018/19,03,1245.0,90.0
10007155,2018/19,04,855.0,85.0
10007155,2018/19,07,265.0,5.0
10007155,2018/19,09,350.0,15.0
10007155,2018/19,10,2060.0,605.0
10007155,2018/19,11,1935.0,150.0
10007155,2018/19,13,780.0,160.0
10007155,2018/19,15,2630.0,1475.0
10007155,2018/19,16,615.0,60.0
10007155,2018/19,17,3710.0,790.0
10007155,2018/19,19,1020.0,130.0
10007155,2018/19,20,210.0,50.0
10007155,2018/19,22,615.0,565.0
10007155,2018/19,24,465.0,20.0
10007155,2018/19,25,1490.0,85.0
10007155,2018/19,26,845.0,60.0
10007155,2019/20,01,75.0,5.0
10007155,2019/20,02,1870.0,185.0
10007155,2019/20,03,1305.0,90.0
10007155,2019/20,04,915.0,75.0
10007155,2019/20,07,435.0,35.0
10007155,2019/20,09,315.0,20.0
10007155,2019/20,10,2270.0,660.0
10007155,2019/20,11,2440.0,150.0
10007155,2019/20,13,735.0,240.0
10007155,2019/20,15,2885.0,1405.0
10007155,2019/20,16,650.0,40.0
10007155,2019/20,17,4130.0,910.0
10007155,2019/20,19,945.0,95.0
10007155,2019/20,20,210.0,35.0
10007155,2019/20,22,395.0,575.0
10007155,2019/20,23,5.0,10.0
10007155,2019/20,24,515.0,15.0
10007155,2019/20,25,1280.0,40.0
10007155,2019/20,26,775.0,45.0
10007155,2020/21,01,90.0,0.0
10007155,2020/21,02,2090.0,245.0
10007155,2020/21,03,1240.0,70.0
10007155,2020/21,04,1060.0,95.0
10007155,2020/21,07,530.0,15.0
10007155,2020/21,09,310.0,5.0
10007155,2020/21,10,2300.0,600.0
10007155,2020/21,11,2575.0,155.0
10007155,2020/21,13,810.0,260.0
10007155,2020/21,15,3740.0,1100.0
10007155,2020/21,16,705.0,20.0
10007155,2020/21,17,4340.0,870.0
10007155,2020/21,19,835.0,90.0
10007155,2020/21,20,180.0,30.0
10007155,2020/21,22,455.0,525.0
10007155,2020/21,23,0.0,15.0
10007155,2020/21,24,505.0,35.0
10007155,2020/21,25,1520.0,60.0
10007155,2020/21,26,775.0,20.0
10007155,2021/22,01,140.0,5.0
10007155,2021/22,02,1970.0,295.0
10007155,2021/22,03,1130.0,105.0
10007155,2021/22,04,1015.0,95.0
10007155,2021/22,07,465.0,35.0
10007155,2021/22,09,285.0,15.0
10007155,2021/22,10,1950.0,645.0
10007155,2021/22,11,2355.0,355.0
10007155,2021/22,13,655.0,440.0
10007155,2021/22,15,2900.0,1040.0
10007155,2021/22,16,700.0,40.0
10007155,2021/22,17,4270.0,985.0
10007155,2021/22,19,805.0,95.0
10007155,2021/22,20,140.0,45.0
10007155,2021/22,22,440.0,455.0
10007155,2021/22,23,0.0,20.0
10007155,2021/22,24,425.0,70.0
10007155,2021/22,25,1330.0,75.0
10007155,2021/22,26,670.0,45.0
10007155,2022/23,01,160.0,15.0
10007155,2022/23,02,1895.0,280.0
10007155,2022/23,03,1095.0,75.0
10007155,2022/23,04,965.0,275.0
10007155,2022/23,07,510.0,35.0
10007155,2022/23,09,290.0,15.0
10007155,2022/23,10,1960.0,555.0
10007155,2022/23,11,2440.0,300.0
10007155,2022/23,13,780.0,520.0
10007155,2022/23,15,3000.0,605.0
10007155,2022/23,16,745.0,50.0
10007155,2022/23,17,4315.0,900.0
10007155,2022/23,19,730.0,80.0
10007155,2022/23,20,125.0,25.0
10007155,2022/23,22,515.0,370.0
10007155,2022/23,23,0.0,25.0
10007155,2022/23,24,385.0,85.0
10007155,2022/23,25,1340.0,75.0
10007155,2022/23,26,620.0,30.0
10007155,2023/24,01,80.0,15.0
10007155,2023/24,02,1930.0,255.0
10007155,2023/24,03,1020.0,85.0
10007155,2023/24,04,960.0,545.0
10007155,2023/24,07,645.0,25.0
10007155,2023/24,09,225.0,5.0
10007155,2023/24,10,1780.0,500.0
10007155,2023/24,11,2385.0,310.0
10007155,2023/24,13,785.0,550.0
10007155,2023/24,15,2035.0,1280.0
10007155,2023/24,16,690.0,115.0
10007155,2023/24,17,3505.0,825.0
10007155,2023/24,19,640.0,90.0
10007155,2023/24,20,115.0,65.0
10007155,2023/24,22,410.0,330.0
10007155,2023/24,23,0.0,10.0
10007155,2023/24,24,315.0,100.0
10007155,2023/24,25,1235.0,70.0
10007155,2023/24,26,590.0,20.0
10007155,2024/25,01,100.0,30.0
10007155,2024/25,02,2080.0,260.0
10007155,2024/25,03,1050.0,55.0
10007155,2024/25,04,980.0,415.0
10007155,2024/25,07,690.0,35.0
10007155,2024/25,09,190.0,5.0
10007155,2024/25,10,1665.0,525.0
10007155,2024/25,11,2375.0,260.0
10007155,2024/25,13,710.0,480.0
10007155,2024/25,15,2005.0,1210.0
10007155,2024/25,16,820.0,80.0
10007155,2024/25,17,3325.0,715.0
10007155,2024/25,19,610.0,75.0
10007155,2024/25,20,115.0,60.0
10007155,2024/25,22,355.0,330.0
10007155,2024/25,23,10.0,5.0
10007155,2024/25,24,335.0,105.0
10007155,2024/25,25,1245.0,45.0
10007155,2024/25,26,625.0,35.0
10007156,2014/15,02,3555.0,1345.0
10007156,2014/15,03,995.0,35.0
10007156,2014/15,04,325.0,75.0
10007156,2014/15,07,450.0,10.0
10007156,2014/15,09,70.0,5.0
10007156,2014/15,10,1885.0,100.0
10007156,2014/15,11,700.0,20.0
10007156,2014/15,13,765.0,475.0
10007156,2014/15,15,1285.0,190.0
10007156,2014/15,16,390.0,105.0
10007156,2014/15,17,2085.0,200.0
10007156,2014/15,19,675.0,20.0
10007156,2014/15,20,90.0,0.0
10007156,2014/15,22,10.0,65.0
10007156,2014/15,24,1040.0,25.0
10007156,2014/15,25,1770.0,45.0
10007156,2014/15,26,105.0,15.0
10007156,2015/16,02,3920.0,1495.0
10007156,2015/16,03,995.0,40.0
10007156,2015/16,04,410.0,100.0
10007156,2015/16,07,455.0,10.0
10007156,2015/16,09,75.0,0.0
10007156,2015/16,10,1915.0,175.0
10007156,2015/16,11,740.0,20.0
10007156,2015/16,13,775.0,535.0
10007156,2015/16,15,1530.0,245.0
10007156,2015/16,16,515.0,125.0
10007156,2015/16,17,2320.0,195.0
10007156,2015/16,19,595.0,20.0
10007156,2015/16,20,100.0,0.0
10007156,2015/16,22,15.0,95.0
10007156,2015/16,24,1095.0,40.0
10007156,2015/16,25,1820.0,60.0
10007156,2015/16,26,75.0,15.0
10007156,2016/17,02,3950.0,1480.0
10007156,2016/17,03,1010.0,35.0
10007156,2016/17,04,475.0,70.0
10007156,2016/17,07,390.0,5.0
10007156,2016/17,09,60.0,0.0
10007156,2016/17,10,1660.0,135.0
10007156,2016/17,11,685.0,15.0
10007156,2016/17,13,800.0,545.0
10007156,2016/17,15,1385.0,250.0
10007156,2016/17,16,530.0,110.0
10007156,2016/17,17,2195.0,215.0
10007156,2016/17,19,495.0,10.0
10007156,2016/17,20,100.0,0.0
10007156,2016/17,22,10.0,90.0
10007156,2016/17,24,1160.0,45.0
10007156,2016/17,25,1920.0,60.0
10007156,2016/17,26,90.0,15.0
10007156,2017/18,02,4120.0,1295.0
10007156,2017/18,03,940.0,40.0
10007156,2017/18,04,540.0,45.0
10007156,2017/18,07,380.0,0.0
10007156,2017/18,09,50.0,0.0
10007156,2017/18,10,1525.0,115.0
10007156,2017/18,11,770.0,20.0
10007156,2017/18,13,980.0,585.0
10007156,2017/18,15,1355.0,290.0
10007156,2017/18,16,590.0,110.0
10007156,2017/18,17,2135.0,225.0
10007156,2017/18,19,450.0,10.0
10007156,2017/18,20,105.0,0.0
10007156,2017/18,22,0.0,70.0
10007156,2017/18,24,1355.0,30.0
10007156,2017/18,25,2020.0,50.0
10007156,2017/18,26,85.0,10.0
10007156,2018/19,02,4225.0,1360.0
10007156,2018/19,03,955.0,55.0
10007156,2018/19,04,555.0,40.0
10007156,2018/19,07,340.0,0.0
10007156,2018/19,09,60.0,0.0
10007156,2018/19,10,1405.0,80.0
10007156,2018/19,11,815.0,20.0
10007156,2018/19,13,1190.0,580.0
10007156,2018/19,15,1330.0,285.0
10007156,2018/19,16,665.0,90.0
10007156,2018/19,17,2045.0,275.0
10007156,2018/19,19,420.0,5.0
10007156,2018/19,20,110.0,0.0
10007156,2018/19,22,0.0,50.0
10007156,2018/19,24,1475.0,20.0
10007156,2018/19,25,2185.0,70.0
10007156,2018/19,26,90.0,5.0
10007156,2019/20,01,0.0,45.0
10007156,2019/20,02,4255.0,1305.0
10007156,2019/20,03,1260.0,60.0
10007156,2019/20,04,575.0,15.0
10007156,2019/20,06,5.0,0.0
10007156,2019/20,07,425.0,15.0
10007156,2019/20,09,70.0,0.0
10007156,2019/20,10,1345.0,90.0
10007156,2019/20,11,890.0,40.0
10007156,2019/20,13,1230.0,540.0
10007156,2019/20,15,1345.0,180.0
10007156,2019/20,16,705.0,45.0
10007156,2019/20,17,2025.0,335.0
10007156,2019/20,19,380.0,10.0
10007156,2019/20,20,115.0,5.0
10007156,2019/20,22,0.0,65.0
10007156,2019/20,24,830.0,0.0
10007156,2019/20,25,3080.0,70.0
10007156,2019/20,26,140.0,10.0
10007156,2020/21,01,0.0,55.0
10007156,2020/21,02,4950.0,1310.0
10007156,2020/21,03,1270.0,60.0
10007156,2020/21,04,620.0,25.0
10007156,2020/21,06,5.0,0.0
10007156,2020/21,07,445.0,25.0
10007156,2020/21,09,85.0,0.0
10007156,2020/21,10,1450.0,70.0
10007156,2020/21,11,1060.0,25.0
10007156,2020/21,13,1225.0,520.0
10007156,2020/21,15,1375.0,180.0
10007156,2020/21,16,710.0,50.0
10007156,2020/21,17,3110.0,485.0
10007156,2020/21,19,345.0,10.0
10007156,2020/21,20,115.0,0.0
10007156,2020/21,22,0.0,55.0
10007156,2020/21,24,805.0,10.0
10007156,2020/21,25,3295.0,65.0
10007156,2020/21,26,155.0,10.0
10007156,2021/22,01,0.0,55.0
10007156,2021/22,02,5630.0,1335.0
10007156,2021/22,03,1160.0,55.0
10007156,2021/22,04,605.0,40.0
10007156,2021/22,06,5.0,0.0
10007156,2021/22,07,500.0,20.0
10007156,2021/22,09,75.0,0.0
10007156,2021/22,10,1505.0,125.0
10007156,2021/22,11,1290.0,15.0
10007156,2021/22,13,1260.0,525.0
10007156,2021/22,15,1290.0,175.0
10007156,2021/22,16,940.0,265.0
10007156,2021/22,17,3355.0,350.0
10007156,2021/22,19,360.0,5.0
10007156,2021/22,20,100.0,0.0
10007156,2021/22,22,0.0,55.0
10007156,2021/22,23,5.0,0.0
10007156,2021/22,24,820.0,5.0
10007156,2021/22,25,3290.0,50.0
10007156,2021/22,26,140.0,10.0
10007156,2022/23,01,0.0,65.0
10007156,2022/23,02,5975.0,1480.0
10007156,2022/23,03,1065.0,60.0
10007156,2022/23,04,570.0,35.0
10007156,2022/23,07,500.0,25.0
10007156,2022/23,09,65.0,5.0
10007156,2022/23,10,1395.0,145.0
10007156,2022/23,11,1480.0,30.0
10007156,2022/23,13,1180.0,570.0
10007156,2022/23,15,1190.0,125.0
10007156,2022/23,16,1255.0,550.0
10007156,2022/23,17,3520.0,235.0
10007156,2022/23,19,370.0,10.0
10007156,2022/23,20,85.0,0.0
10007156,2022/23,22,0.0,60.0
10007156,2022/23,24,780.0,5.0
10007156,2022/23,25,3230.0,45.0
10007156,2022/23,26,140.0,5.0
10007156,2023/24,01,0.0,75.0
10007156,2023/24,02,6060.0,1575.0
10007156,2023/24,03,980.0,45.0
10007156,2023/24,04,585.0,30.0
10007156,2023/24,07,520.0,15.0
10007156,2023/24,09,50.0,0.0
10007156,2023/24,10,1310.0,170.0
10007156,2023/24,11,1615.0,25.0
10007156,2023/24,13,1140.0,615.0
10007156,2023/24,15,1065.0,45.0
10007156,2023/24,16,1455.0,315.0
10007156,2023/24,17,3645.0,200.0
10007156,2023/24,19,340.0,10.0
10007156,2023/24,20,85.0,0.0
10007156,2023/24,22,0.0,30.0
10007156,2023/24,23,65.0,0.0
10007156,2023/24,24,750.0,0.0
10007156,2023/24,25,3150.0,40.0
10007156,2023/24,26,140.0,5.0
10007156,2024/25,01,0.0,80.0
10007156,2024/25,02,6030.0,1480.0
10007156,2024/25,03,905.0,45.0
10007156,2024/25,04,600.0,35.0
10007156,2024/25,06,5.0,0.0
10007156,2024/25,07,530.0,20.0
10007156,2024/25,09,45.0,0.0
10007156,2024/25,10,1275.0,225.0
10007156,2024/25,11,1905.0,35.0
10007156,2024/25,13,1140.0,700.0
10007156,2024/25,15,960.0,50.0
10007156,2024/25,16,1430.0,45.0
10007156,2024/25,17,3595.0,160.0
10007156,2024/25,19,330.0,15.0
10007156,2024/25,20,85.0,0.0
10007156,2024/25,22,0.0,60.0
10007156,2024/25,23,70.0,5.0
10007156,2024/25,24,725.0,0.0
10007156,2024/25,25,3235.0,45.0
10007156,2024/25,26,155.0,5.0
10007157,2014/15,01,2065.0,110.0
10007157,2014/15,02,1330.0,1040.0
10007157,2014/15,03,1260.0,10.0
10007157,2014/15,04,910.0,35.0
10007157,2014/15,07,1230.0,25.0
10007157,2014/15,09,595.0,105.0
10007157,2014/15,10,4600.0,190.0
10007157,2014/15,11,485.0,75.0
10007157,2014/15,13,1325.0,35.0
10007157,2014/15,15,1870.0,195.0
10007157,2014/15,16,1275.0,50.0
10007157,2014/15,17,2145.0,60.0
10007157,2014/15,19,2010.0,160.0
10007157,2014/15,20,1255.0,160.0
10007157,2014/15,22,300.0,465.0
10007157,2014/15,23,25.0,25.0
10007157,2014/15,24,695.0,60.0
10007157,2014/15,25,200.0,75.0
10007157,2014/15,26,725.0,40.0
10007157,2015/16,01,2020.0,105.0
10007157,2015/16,02,1425.0,995.0
10007157,2015/16,03,1315.0,20.0
10007157,2015/16,04,930.0,35.0
10007157,2015/16,07,1280.0,25.0
10007157,2015/16,09,630.0,115.0
10007157,2015/16,10,5020.0,190.0
10007157,2015/16,11,555.0,65.0
10007157,2015/16,13,1295.0,40.0
10007157,2015/16,15,1845.0,180.0
10007157,2015/16,16,1210.0,50.0
10007157,2015/16,17,2095.0,50.0
10007157,2015/16,19,2005.0,160.0
10007157,2015/16,20,1390.0,140.0
10007157,2015/16,22,350.0,495.0
10007157,2015/16,23,30.0,5.0
10007157,2015/16,24,690.0,115.0
10007157,2015/16,25,205.0,65.0
10007157,2015/16,26,775.0,30.0
10007157,2016/17,01,2010.0,105.0
10007157,2016/17,02,1615.0,850.0
10007157,2016/17,03,1365.0,40.0
10007157,2016/17,04,980.0,30.0
10007157,2016/17,07,1275.0,40.0
10007157,2016/17,09,665.0,125.0
10007157,2016/17,10,5410.0,170.0
10007157,2016/17,11,710.0,65.0
10007157,2016/17,13,1405.0,30.0
10007157,2016/17,15,2130.0,360.0
10007157,2016/17,16,1100.0,65.0
10007157,2016/17,17,1750.0,100.0
10007157,2016/17,19,2010.0,150.0
10007157,2016/17,20,1470.0,105.0
10007157,2016/17,22,290.0,470.0
10007157,2016/17,23,60.0,10.0
10007157,2016/17,24,610.0,125.0
10007157,2016/17,25,210.0,65.0
10007157,2016/17,26,725.0,30.0
10007157,2017/18,01,1900.0,100.0
10007157,2017/18,02,1780.0,920.0
10007157,2017/18,03,1355.0,45.0
10007157,2017/18,04,980.0,35.0
10007157,2017/18,07,1195.0,40.0
10007157,2017/18,09,660.0,125.0
10007157,2017/18,10,5480.0,175.0
10007157,2017/18,11,860.0,60.0
10007157,2017/18,13,1450.0,20.0
10007157,2017/18,15,2230.0,420.0
10007157,2017/18,16,1050.0,70.0
10007157,2017/18,17,2120.0,125.0
10007157,2017/18,19,1970.0,135.0
10007157,2017/18,20,1455.0,100.0
10007157,2017/18,22,395.0,535.0
10007157,2017/18,23,60.0,5.0
10007157,2017/18,24,705.0,120.0
10007157,2017/18,25,255.0,60.0
10007157,2017/18,26,665.0,20.0
10007157,2018/19,01,2005.0,40.0
10007157,2018/19,02,1920.0,860.0
10007157,2018/19,03,1245.0,25.0
10007157,2018/19,04,925.0,30.0
10007157,2018/19,07,1055.0,55.0
10007157,2018/19,09,680.0,100.0
10007157,2018/19,10,5595.0,245.0
10007157,2018/19,11,1095.0,50.0
10007157,2018/19,13,1520.0,30.0
10007157,2018/19,15,2280.0,345.0
10007157,2018/19,16,1015.0,65.0
10007157,2018/19,17,2150.0,175.0
10007157,2018/19,19,1880.0,135.0
10007157,2018/19,20,1365.0,95.0
10007157,2018/19,22,440.0,560.0
10007157,2018/19,23,55.0,0.0
10007157,2018/19,24,1110.0,140.0
10007157,2018/19,25,255.0,50.0
10007157,2018/19,26,605.0,10.0
10007157,2019/20,01,2015.0,70.0
10007157,2019/20,02,1540.0,625.0
10007157,2019/20,03,1190.0,15.0
10007157,2019/20,04,980.0,40.0
10007157,2019/20,06,10.0,0.0
10007157,2019/20,07,900.0,40.0
10007157,2019/20,09,690.0,90.0
10007157,2019/20,10,5860.0,215.0
10007157,2019/20,11,985.0,45.0
10007157,2019/20,13,1565.0,35.0
10007157,2019/20,15,3055.0,325.0
10007157,2019/20,16,995.0,70.0
10007157,2019/20,17,2530.0,140.0
10007157,2019/20,19,1725.0,120.0
10007157,2019/20,20,1280.0,90.0
10007157,2019/20,22,435.0,435.0
10007157,2019/20,23,10.0,0.0
10007157,2019/20,24,1015.0,120.0
10007157,2019/20,25,200.0,60.0
10007157,2019/20,26,515.0,20.0
10007157,2020/21,01,2075.0,55.0
10007157,2020/21,02,1970.0,725.0
10007157,2020/21,03,1130.0,10.0
10007157,2020/21,04,1040.0,50.0
10007157,2020/21,06,15.0,0.0
10007157,2020/21,07,815.0,20.0
10007157,2020/21,09,665.0,80.0
10007157,2020/21,10,5760.0,135.0
10007157,2020/21,11,1075.0,40.0
10007157,2020/21,13,1615.0,35.0
10007157,2020/21,15,3150.0,255.0
10007157,2020/21,16,910.0,35.0
10007157,2020/21,17,3050.0,270.0
10007157,2020/21,19,1715.0,110.0
10007157,2020/21,20,1195.0,65.0
10007157,2020/21,22,335.0,390.0
10007157,2020/21,23,5.0,0.0
10007157,2020/21,24,965.0,145.0
10007157,2020/21,25,205.0,55.0
10007157,2020/21,26,435.0,10.0
10007157,2021/22,01,2175.0,50.0
10007157,2021/22,02,2090.0,860.0
10007157,2021/22,03,1175.0,15.0
10007157,2021/22,04,1155.0,80.0
10007157,2021/22,06,15.0,0.0
10007157,2021/22,07,755.0,30.0
10007157,2021/22,09,560.0,100.0
10007157,2021/22,10,5695.0,210.0
10007157,2021/22,11,1175.0,60.0
10007157,2021/22,13,1665.0,35.0
10007157,2021/22,15,3070.0,305.0
10007157,2021/22,16,895.0,15.0
10007157,2021/22,17,2920.0,245.0
10007157,2021/22,19,1555.0,120.0
10007157,2021/22,20,1165.0,70.0
10007157,2021/22,22,305.0,375.0
10007157,2021/22,24,1060.0,135.0
10007157,2021/22,25,205.0,90.0
10007157,2021/22,26,410.0,10.0
10007157,2022/23,01,2290.0,65.0
10007157,2022/23,02,2025.0,550.0
10007157,2022/23,03,1215.0,20.0
10007157,2022/23,04,1265.0,95.0
10007157,2022/23,06,10.0,0.0
10007157,2022/23,07,810.0,30.0
10007157,2022/23,09,560.0,100.0
10007157,2022/23,10,5690.0,250.0
10007157,2022/23,11,1260.0,50.0
10007157,2022/23,13,1720.0,30.0
10007157,2022/23,15,3150.0,300.0
10007157,2022/23,16,1040.0,25.0
10007157,2022/23,17,3095.0,135.0
10007157,2022/23,19,1595.0,110.0
10007157,2022/23,20,1150.0,65.0
10007157,2022/23,22,260.0,395.0
10007157,2022/23,24,1235.0,125.0
10007157,2022/23,25,240.0,70.0
10007157,2022/23,26,440.0,15.0
10007157,2023/24,01,2365.0,70.0
10007157,2023/24,02,1920.0,570.0
10007157,2023/24,03,1225.0,15.0
10007157,2023/24,04,1270.0,100.0
10007157,2023/24,06,10.0,0.0
10007157,2023/24,07,820.0,25.0
10007157,2023/24,09,500.0,80.0
10007157,2023/24,10,5980.0,205.0
10007157,2023/24,11,1350.0,70.0
10007157,2023/24,13,1535.0,25.0
10007157,2023/24,15,3075.0,270.0
10007157,2023/24,16,1060.0,15.0
10007157,2023/24,17,2590.0,65.0
10007157,2023/24,19,1580.0,90.0
10007157,2023/24,20,1120.0,70.0
10007157,2023/24,22,310.0,365.0
10007157,2023/24,23,60.0,120.0
10007157,2023/24,24,1240.0,125.0
10007157,2023/24,25,230.0,40.0
10007157,2023/24,26,500.0,10.0
10007157,2024/25,01,2315.0,65.0
10007157,2024/25,02,1735.0,570.0
10007157,2024/25,03,1115.0,20.0
10007157,2024/25,04,1240.0,90.0
10007157,2024/25,06,5.0,0.0
10007157,2024/25,07,835.0,25.0
10007157,2024/25,09,525.0,55.0
10007157,2024/25,10,5765.0,180.0
10007157,2024/25,11,1420.0,55.0
10007157,2024/25,13,1320.0,20.0
10007157,2024/25,15,2615.0,230.0
10007157,2024/25,16,1005.0,10.0
10007157,2024/25,17,2185.0,40.0
10007157,2024/25,19,1205.0,80.0
10007157,2024/25,20,985.0,80.0
10007157,2024/25,22,230.0,360.0
10007157,2024/25,23,5.0,65.0
10007157,2024/25,24,915.0,140.0
10007157,2024/25,25,215.0,40.0
10007157,2024/25,26,525.0,5.0
10007158,2014/15,01,1465.0,160.0
10007158,2014/15,02,2235.0,805.0
10007158,2014/15,03,900.0,0.0
10007158,2014/15,04,725.0,20.0
10007158,2014/15,07,1210.0,10.0
10007158,2014/15,09,640.0,50.0
10007158,2014/15,10,3125.0,90.0
10007158,2014/15,11,880.0,5.0
10007158,2014/15,13,10.0,0.0
10007158,2014/15,15,1225.0,70.0
10007158,2014/15,16,820.0,25.0
10007158,2014/15,17,1960.0,95.0
10007158,2014/15,19,1385.0,80.0
10007158,2014/15,20,1015.0,110.0
10007158,2014/15,22,555.0,430.0
10007158,2014/15,23,55.0,0.0
10007158,2014/15,24,150.0,5.0
10007158,2014/15,25,1620.0,30.0
10007158,2014/15,26,1785.0,50.0
10007158,2015/16,01,1480.0,200.0
10007158,2015/16,02,2165.0,620.0
10007158,2015/16,03,1005.0,5.0
10007158,2015/16,04,855.0,20.0
10007158,2015/16,07,1240.0,5.0
10007158,2015/16,09,780.0,45.0
10007158,2015/16,10,3205.0,65.0
10007158,2015/16,11,860.0,10.0
10007158,2015/16,13,10.0,0.0
10007158,2015/16,15,1555.0,45.0
10007158,2015/16,16,860.0,15.0
10007158,2015/16,17,2285.0,85.0
10007158,2015/16,19,1335.0,50.0
10007158,2015/16,20,1190.0,75.0
10007158,2015/16,22,495.0,375.0
10007158,2015/16,23,20.0,0.0
10007158,2015/16,24,155.0,5.0
10007158,2015/16,25,1805.0,25.0
10007158,2015/16,26,1880.0,45.0
10007158,2016/17,01,1420.0,200.0
10007158,2016/17,02,2170.0,775.0
10007158,2016/17,03,1040.0,5.0
10007158,2016/17,04,860.0,30.0
10007158,2016/17,07,1230.0,5.0
10007158,2016/17,09,795.0,50.0
10007158,2016/17,10,3220.0,60.0
10007158,2016/17,11,925.0,15.0
10007158,2016/17,13,5.0,0.0
10007158,2016/17,15,1695.0,45.0
10007158,2016/17,16,755.0,15.0
10007158,2016/17,17,2330.0,60.0
10007158,2016/17,19,1280.0,60.0
10007158,2016/17,20,1240.0,80.0
10007158,2016/17,22,535.0,340.0
10007158,2016/17,23,10.0,0.0
10007158,2016/17,24,190.0,10.0
10007158,2016/17,25,1820.0,30.0
10007158,2016/17,26,1810.0,65.0
10007158,2017/18,01,1450.0,200.0
10007158,2017/18,02,1880.0,670.0
10007158,2017/18,03,1025.0,5.0
10007158,2017/18,04,895.0,30.0
10007158,2017/18,07,1155.0,10.0
10007158,2017/18,09,675.0,30.0
10007158,2017/18,10,3345.0,55.0
10007158,2017/18,11,1040.0,20.0
10007158,2017/18,13,10.0,0.0
10007158,2017/18,15,1710.0,30.0
10007158,2017/18,16,630.0,10.0
10007158,2017/18,17,2585.0,45.0
10007158,2017/18,19,1170.0,40.0
10007158,2017/18,20,1310.0,65.0
10007158,2017/18,22,540.0,300.0
10007158,2017/18,23,15.0,0.0
10007158,2017/18,24,200.0,10.0
10007158,2017/18,25,1820.0,35.0
10007158,2017/18,26,1575.0,50.0
10007158,2018/19,01,1435.0,170.0
10007158,2018/19,02,1530.0,605.0
10007158,2018/19,03,1000.0,5.0
10007158,2018/19,04,840.0,25.0
10007158,2018/19,07,1090.0,10.0
10007158,2018/19,09,650.0,25.0
10007158,2018/19,10,3260.0,50.0
10007158,2018/19,11,1080.0,15.0
10007158,2018/19,13,15.0,0.0
10007158,2018/19,15,1585.0,35.0
10007158,2018/19,16,600.0,15.0
10007158,2018/19,17,2460.0,35.0
10007158,2018/19,19,1000.0,35.0
10007158,2018/19,20,1170.0,55.0
10007158,2018/19,22,425.0,240.0
10007158,2018/19,23,15.0,0.0
10007158,2018/19,24,210.0,5.0
10007158,2018/19,25,1640.0,30.0
10007158,2018/19,26,1315.0,45.0
10007158,2019/20,01,1365.0,75.0
10007158,2019/20,02,1610.0,515.0
10007158,2019/20,03,740.0,65.0
10007158,2019/20,04,870.0,45.0
10007158,2019/20,07,1210.0,10.0
10007158,2019/20,09,1045.0,35.0
10007158,2019/20,10,3205.0,70.0
10007158,2019/20,11,1495.0,15.0
10007158,2019/20,13,5.0,0.0
10007158,2019/20,15,1560.0,95.0
10007158,2019/20,16,590.0,15.0
10007158,2019/20,17,2665.0,35.0
10007158,2019/20,19,715.0,30.0
10007158,2019/20,20,1065.0,60.0
10007158,2019/20,22,555.0,230.0
10007158,2019/20,23,90.0,5.0
10007158,2019/20,24,405.0,5.0
10007158,2019/20,25,1055.0,25.0
10007158,2019/20,26,1045.0,40.0
10007158,2020/21,01,1465.0,80.0
10007158,2020/21,02,1210.0,485.0
10007158,2020/21,03,1170.0,50.0
10007158,2020/21,04,815.0,55.0
10007158,2020/21,07,1125.0,5.0
10007158,2020/21,09,1005.0,30.0
10007158,2020/21,10,3250.0,55.0
10007158,2020/21,11,1360.0,10.0
10007158,2020/21,13,5.0,0.0
10007158,2020/21,15,1425.0,70.0
10007158,2020/21,16,555.0,5.0
10007158,2020/21,17,2420.0,20.0
10007158,2020/21,19,565.0,25.0
10007158,2020/21,20,890.0,35.0
10007158,2020/21,22,595.0,275.0
10007158,2020/21,23,60.0,5.0
10007158,2020/21,24,320.0,0.0
10007158,2020/21,25,935.0,15.0
10007158,2020/21,26,955.0,35.0
10007158,2021/22,01,1490.0,95.0
10007158,2021/22,02,1275.0,535.0
10007158,2021/22,03,1420.0,50.0
10007158,2021/22,04,875.0,50.0
10007158,2021/22,07,1150.0,10.0
10007158,2021/22,09,1015.0,35.0
10007158,2021/22,10,3445.0,60.0
10007158,2021/22,11,1605.0,5.0
10007158,2021/22,15,1520.0,50.0
10007158,2021/22,16,615.0,5.0
10007158,2021/22,17,3330.0,20.0
10007158,2021/22,19,520.0,25.0
10007158,2021/22,20,890.0,40.0
10007158,2021/22,22,700.0,265.0
10007158,2021/22,23,90.0,10.0
10007158,2021/22,24,465.0,5.0
10007158,2021/22,25,1225.0,15.0
10007158,2021/22,26,860.0,30.0
10007158,2022/23,01,1525.0,90.0
10007158,2022/23,02,1310.0,555.0
10007158,2022/23,03,1400.0,55.0
10007158,2022/23,04,960.0,80.0
10007158,2022/23,07,1190.0,10.0
10007158,2022/23,09,1050.0,35.0
10007158,2022/23,10,3555.0,85.0
10007158,2022/23,11,1605.0,15.0
10007158,2022/23,13,5.0,0.0
10007158,2022/23,15,1630.0,70.0
10007158,2022/23,16,670.0,5.0
10007158,2022/23,17,4085.0,30.0
10007158,2022/23,19,600.0,30.0
10007158,2022/23,20,895.0,50.0
10007158,2022/23,22,755.0,290.0
10007158,2022/23,23,95.0,10.0
10007158,2022/23,24,610.0,10.0
10007158,2022/23,25,1550.0,20.0
10007158,2022/23,26,995.0,45.0
10007158,2023/24,01,1495.0,95.0
10007158,2023/24,02,1235.0,520.0
10007158,2023/24,03,1415.0,50.0
10007158,2023/24,04,1035.0,65.0
10007158,2023/24,07,1200.0,15.0
10007158,2023/24,09,1075.0,30.0
10007158,2023/24,10,3675.0,65.0
10007158,2023/24,11,1590.0,10.0
10007158,2023/24,13,5.0,0.0
10007158,2023/24,15,1845.0,60.0
10007158,2023/24,16,740.0,5.0
10007158,2023/24,17,3930.0,25.0
10007158,2023/24,19,610.0,30.0
10007158,2023/24,20,960.0,50.0
10007158,2023/24,22,770.0,280.0
10007158,2023/24,23,110.0,5.0
10007158,2023/24,24,590.0,5.0
10007158,2023/24,25,1330.0,15.0
10007158,2023/24,26,1030.0,40.0
10007158,2024/25,01,1440.0,100.0
10007158,2024/25,02,1840.0,600.0
10007158,2024/25,03,935.0,45.0
10007158,2024/25,04,1100.0,75.0
10007158,2024/25,07,1220.0,10.0
10007158,2024/25,09,1000.0,30.0
10007158,2024/25,10,3880.0,75.0
10007158,2024/25,11,1660.0,45.0
10007158,2024/25,13,5.0,0.0
10007158,2024/25,15,1755.0,45.0
10007158,2024/25,16,760.0,5.0
10007158,2024/25,17,3465.0,25.0
10007158,2024/25,19,640.0,25.0
10007158,2024/25,20,1045.0,50.0
10007158,2024/25,22,575.0,265.0
10007158,2024/25,23,100.0,5.0
10007158,2024/25,24,615.0,5.0
10007158,2024/25,25,1185.0,20.0
10007158,2024/25,26,1115.0,35.0
10007159,2014/15,02,1150.0,630.0
10007159,2014/15,03,990.0,40.0
10007159,2014/15,04,550.0,75.0
10007159,2014/15,07,20.0,5.0
10007159,2014/15,09,5.0,0.0
10007159,2014/15,10,495.0,50.0
10007159,2014/15,11,660.0,70.0
10007159,2014/15,15,1055.0,365.0
10007159,2014/15,16,325.0,40.0
10007159,2014/15,17,2860.0,435.0
10007159,2014/15,19,395.0,40.0
10007159,2014/15,20,135.0,5.0
10007159,2014/15,22,745.0,505.0
10007159,2014/15,24,850.0,40.0
10007159,2014/15,25,930.0,125.0
10007159,2014/15,26,55.0,50.0
10007159,2015/16,02,1135.0,745.0
10007159,2015/16,03,925.0,35.0
10007159,2015/16,04,520.0,75.0
10007159,2015/16,07,25.0,5.0
10007159,2015/16,09,5.0,10.0
10007159,2015/16,10,495.0,55.0
10007159,2015/16,11,580.0,65.0
10007159,2015/16,15,1110.0,370.0
10007159,2015/16,16,330.0,15.0
10007159,2015/16,17,2640.0,230.0
10007159,2015/16,19,400.0,35.0
10007159,2015/16,20,130.0,5.0
10007159,2015/16,22,635.0,440.0
10007159,2015/16,23,5.0,0.0
10007159,2015/16,24,820.0,35.0
10007159,2015/16,25,920.0,110.0
10007159,2015/16,26,50.0,40.0
10007159,2016/17,02,1200.0,970.0
10007159,2016/17,03,755.0,35.0
10007159,2016/17,04,515.0,65.0
10007159,2016/17,07,35.0,0.0
10007159,2016/17,09,5.0,0.0
10007159,2016/17,10,475.0,60.0
10007159,2016/17,11,530.0,40.0
10007159,2016/17,15,1145.0,350.0
10007159,2016/17,16,345.0,20.0
10007159,2016/17,17,2765.0,250.0
10007159,2016/17,19,335.0,25.0
10007159,2016/17,20,100.0,5.0
10007159,2016/17,22,665.0,450.0
10007159,2016/17,24,745.0,20.0
10007159,2016/17,25,940.0,105.0
10007159,2016/17,26,50.0,20.0
10007159,2017/18,02,1325.0,1050.0
10007159,2017/18,03,685.0,35.0
10007159,2017/18,04,500.0,60.0
10007159,2017/18,07,40.0,0.0
10007159,2017/18,09,10.0,0.0
10007159,2017/18,10,475.0,90.0
10007159,2017/18,11,535.0,50.0
10007159,2017/18,15,1385.0,340.0
10007159,2017/18,16,330.0,20.0
10007159,2017/18,17,3470.0,245.0
10007159,2017/18,19,300.0,20.0
10007159,2017/18,20,120.0,5.0
10007159,2017/18,22,730.0,575.0
10007159,2017/18,24,675.0,15.0
10007159,2017/18,25,880.0,65.0
10007159,2017/18,26,25.0,20.0
10007159,2018/19,02,1630.0,990.0
10007159,2018/19,03,660.0,45.0
10007159,2018/19,04,535.0,45.0
10007159,2018/19,07,60.0,0.0
10007159,2018/19,09,10.0,0.0
10007159,2018/19,10,540.0,80.0
10007159,2018/19,11,540.0,55.0
10007159,2018/19,15,1540.0,340.0
10007159,2018/19,16,335.0,15.0
10007159,2018/19,17,3985.0,295.0
10007159,2018/19,19,220.0,20.0
10007159,2018/19,20,100.0,5.0
10007159,2018/19,22,830.0,345.0
10007159,2018/19,24,590.0,20.0
10007159,2018/19,25,805.0,55.0
10007159,2018/19,26,5.0,10.0
10007159,2019/20,01,70.0,25.0
10007159,2019/20,02,2195.0,865.0
10007159,2019/20,03,350.0,10.0
10007159,2019/20,04,515.0,45.0
10007159,2019/20,07,180.0,10.0
10007159,2019/20,09,10.0,0.0
10007159,2019/20,10,475.0,95.0
10007159,2019/20,11,510.0,45.0
10007159,2019/20,15,1555.0,295.0
10007159,2019/20,16,325.0,95.0
10007159,2019/20,17,4720.0,280.0
10007159,2019/20,19,155.0,10.0
10007159,2019/20,20,100.0,5.0
10007159,2019/20,22,995.0,455.0
10007159,2019/20,24,420.0,10.0
10007159,2019/20,25,825.0,90.0
10007159,2019/20,26,5.0,10.0
10007159,2020/21,01,170.0,15.0
10007159,2020/21,02,2785.0,1120.0
10007159,2020/21,03,370.0,5.0
10007159,2020/21,04,520.0,100.0
10007159,2020/21,07,200.0,0.0
10007159,2020/21,09,10.0,0.0
10007159,2020/21,10,570.0,55.0
10007159,2020/21,11,540.0,125.0
10007159,2020/21,15,1590.0,265.0
10007159,2020/21,16,355.0,220.0
10007159,2020/21,17,5800.0,425.0
10007159,2020/21,19,130.0,5.0
10007159,2020/21,20,40.0,0.0
10007159,2020/21,22,1255.0,510.0
10007159,2020/21,24,390.0,10.0
10007159,2020/21,25,815.0,85.0
10007159,2021/22,01,255.0,10.0
10007159,2021/22,02,3450.0,1650.0
10007159,2021/22,03,380.0,25.0
10007159,2021/22,04,455.0,110.0
10007159,2021/22,07,285.0,5.0
10007159,2021/22,09,10.0,0.0
10007159,2021/22,10,495.0,50.0
10007159,2021/22,11,635.0,165.0
10007159,2021/22,15,1385.0,370.0
10007159,2021/22,16,365.0,255.0
10007159,2021/22,17,6345.0,480.0
10007159,2021/22,19,105.0,5.0
10007159,2021/22,20,20.0,0.0
10007159,2021/22,22,1005.0,480.0
10007159,2021/22,24,345.0,15.0
10007159,2021/22,25,740.0,75.0
10007159,2022/23,01,345.0,75.0
10007159,2022/23,02,3570.0,1930.0
10007159,2022/23,03,355.0,25.0
10007159,2022/23,04,380.0,115.0
10007159,2022/23,07,270.0,15.0
10007159,2022/23,09,5.0,0.0
10007159,2022/23,10,520.0,45.0
10007159,2022/23,11,770.0,195.0
10007159,2022/23,15,1185.0,440.0
10007159,2022/23,16,360.0,230.0
10007159,2022/23,17,6865.0,375.0
10007159,2022/23,19,70.0,875.0
10007159,2022/23,22,840.0,475.0
10007159,2022/23,23,0.0,5.0
10007159,2022/23,24,285.0,15.0
10007159,2022/23,25,640.0,75.0
10007159,2023/24,01,445.0,60.0
10007159,2023/24,02,3625.0,1725.0
10007159,2023/24,03,310.0,5.0
10007159,2023/24,04,360.0,75.0
10007159,2023/24,06,20.0,0.0
10007159,2023/24,07,280.0,5.0
10007159,2023/24,09,5.0,0.0
10007159,2023/24,10,425.0,55.0
10007159,2023/24,11,820.0,190.0
10007159,2023/24,15,895.0,475.0
10007159,2023/24,16,365.0,180.0
10007159,2023/24,17,6895.0,430.0
10007159,2023/24,19,45.0,5.0
10007159,2023/24,22,755.0,490.0
10007159,2023/24,24,320.0,15.0
10007159,2023/24,25,640.0,60.0
10007159,2024/25,01,495.0,5.0
10007159,2024/25,02,3810.0,1605.0
10007159,2024/25,03,330.0,10.0
10007159,2024/25,04,295.0,90.0
10007159,2024/25,06,35.0,0.0
10007159,2024/25,07,240.0,0.0
10007159,2024/25,09,5.0,0.0
10007159,2024/25,10,415.0,25.0
10007159,2024/25,11,780.0,185.0
10007159,2024/25,15,810.0,340.0
10007159,2024/25,16,365.0,155.0
10007159,2024/25,17,7525.0,535.0
10007159,2024/25,19,35.0,5.0
10007159,2024/25,22,735.0,365.0
10007159,2024/25,24,325.0,15.0
10007159,2024/25,25,670.0,65.0
10007160,2014/15,02,1670.0,1365.0
10007160,2014/15,03,645.0,20.0
10007160,2014/15,04,660.0,65.0
10007160,2014/15,05,90.0,10.0
10007160,2014/15,06,50.0,0.0
10007160,2014/15,07,610.0,20.0
10007160,2014/15,09,440.0,10.0
10007160,2014/15,10,2260.0,340.0
10007160,2014/15,11,300.0,25.0
10007160,2014/15,15,1135.0,70.0
10007160,2014/15,16,535.0,20.0
10007160,2014/15,17,2415.0,115.0
10007160,2014/15,19,365.0,30.0
10007160,2014/15,22,0.0,180.0
10007160,2014/15,24,165.0,5.0
10007160,2014/15,25,660.0,35.0
10007160,2015/16,02,1965.0,1355.0
10007160,2015/16,03,330.0,15.0
10007160,2015/16,04,665.0,35.0
10007160,2015/16,05,225.0,10.0
10007160,2015/16,06,55.0,0.0
10007160,2015/16,07,655.0,15.0
10007160,2015/16,09,425.0,10.0
10007160,2015/16,10,2240.0,285.0
10007160,2015/16,11,320.0,30.0
10007160,2015/16,15,1180.0,75.0
10007160,2015/16,16,515.0,25.0
10007160,2015/16,17,3055.0,160.0
10007160,2015/16,19,330.0,30.0
10007160,2015/16,22,5.0,160.0
10007160,2015/16,24,145.0,5.0
10007160,2015/16,25,690.0,40.0
10007160,2016/17,02,2115.0,1215.0
10007160,2016/17,03,400.0,10.0
10007160,2016/17,04,760.0,35.0
10007160,2016/17,05,365.0,10.0
10007160,2016/17,06,60.0,0.0
10007160,2016/17,07,700.0,35.0
10007160,2016/17,09,485.0,10.0
10007160,2016/17,10,2265.0,320.0
10007160,2016/17,11,385.0,40.0
10007160,2016/17,15,1250.0,70.0
10007160,2016/17,16,600.0,25.0
10007160,2016/17,17,3165.0,160.0
10007160,2016/17,19,400.0,45.0
10007160,2016/17,22,0.0,215.0
10007160,2016/17,24,135.0,10.0
10007160,2016/17,25,745.0,35.0
10007160,2017/18,02,2085.0,1020.0
10007160,2017/18,03,445.0,15.0
10007160,2017/18,04,840.0,40.0
10007160,2017/18,05,485.0,15.0
10007160,2017/18,06,65.0,0.0
10007160,2017/18,07,700.0,30.0
10007160,2017/18,09,495.0,10.0
10007160,2017/18,10,2340.0,290.0
10007160,2017/18,11,485.0,25.0
10007160,2017/18,15,1335.0,50.0
10007160,2017/18,16,615.0,20.0
10007160,2017/18,17,3675.0,155.0
10007160,2017/18,19,435.0,45.0
10007160,2017/18,22,0.0,280.0
10007160,2017/18,24,100.0,0.0
10007160,2017/18,25,825.0,30.0
10007160,2018/19,02,2065.0,795.0
10007160,2018/19,03,525.0,20.0
10007160,2018/19,04,775.0,35.0
10007160,2018/19,05,610.0,10.0
10007160,2018/19,06,65.0,0.0
10007160,2018/19,07,680.0,35.0
10007160,2018/19,09,470.0,15.0
10007160,2018/19,10,2245.0,270.0
10007160,2018/19,11,580.0,30.0
10007160,2018/19,15,1350.0,50.0
10007160,2018/19,16,585.0,15.0
10007160,2018/19,17,3750.0,120.0
10007160,2018/19,19,445.0,55.0
10007160,2018/19,22,0.0,235.0
10007160,2018/19,24,75.0,5.0
10007160,2018/19,25,870.0,40.0
10007160,2019/20,01,25.0,5.0
10007160,2019/20,02,1915.0,380.0
10007160,2019/20,03,630.0,20.0
10007160,2019/20,04,975.0,45.0
10007160,2019/20,05,720.0,15.0
10007160,2019/20,06,75.0,0.0
10007160,2019/20,07,615.0,30.0
10007160,2019/20,09,445.0,15.0
10007160,2019/20,10,2215.0,230.0
10007160,2019/20,11,760.0,30.0
10007160,2019/20,15,1495.0,55.0
10007160,2019/20,16,615.0,10.0
10007160,2019/20,17,3835.0,130.0
10007160,2019/20,19,455.0,35.0
10007160,2019/20,22,10.0,215.0
10007160,2019/20,23,25.0,0.0
10007160,2019/20,24,65.0,0.0
10007160,2019/20,25,835.0,50.0
10007160,2020/21,01,35.0,10.0
10007160,2020/21,02,2025.0,485.0
10007160,2020/21,03,690.0,20.0
10007160,2020/21,04,1010.0,35.0
10007160,2020/21,05,750.0,10.0
10007160,2020/21,06,75.0,0.0
10007160,2020/21,07,590.0,30.0
10007160,2020/21,09,380.0,10.0
10007160,2020/21,10,1955.0,145.0
10007160,2020/21,11,895.0,30.0
10007160,2020/21,15,1405.0,35.0
10007160,2020/21,16,585.0,10.0
10007160,2020/21,17,3415.0,105.0
10007160,2020/21,19,415.0,25.0
10007160,2020/21,22,5.0,270.0
10007160,2020/21,23,20.0,0.0
10007160,2020/21,24,90.0,0.0
10007160,2020/21,25,860.0,70.0
10007160,2020/21,26,50.0,45.0
10007160,2021/22,01,40.0,10.0
10007160,2021/22,02,2070.0,600.0
10007160,2021/22,03,640.0,15.0
10007160,2021/22,04,1090.0,30.0
10007160,2021/22,05,840.0,5.0
10007160,2021/22,06,80.0,0.0
10007160,2021/22,07,540.0,30.0
10007160,2021/22,09,265.0,5.0
10007160,2021/22,10,1850.0,130.0
10007160,2021/22,11,845.0,30.0
10007160,2021/22,15,1265.0,30.0
10007160,2021/22,16,520.0,5.0
10007160,2021/22,17,2980.0,105.0
10007160,2021/22,19,345.0,20.0
10007160,2021/22,22,5.0,165.0
10007160,2021/22,23,15.0,0.0
10007160,2021/22,24,100.0,0.0
10007160,2021/22,25,740.0,70.0
10007160,2021/22,26,60.0,35.0
10007160,2022/23,01,50.0,10.0
10007160,2022/23,02,2125.0,650.0
10007160,2022/23,03,635.0,15.0
10007160,2022/23,04,1120.0,35.0
10007160,2022/23,05,810.0,35.0
10007160,2022/23,06,85.0,0.0
10007160,2022/23,07,545.0,30.0
10007160,2022/23,09,265.0,5.0
10007160,2022/23,10,1755.0,155.0
10007160,2022/23,11,905.0,50.0
10007160,2022/23,15,1220.0,50.0
10007160,2022/23,16,520.0,15.0
10007160,2022/23,17,2925.0,100.0
10007160,2022/23,19,280.0,30.0
10007160,2022/23,20,5.0,0.0
10007160,2022/23,22,5.0,230.0
10007160,2022/23,23,20.0,0.0
10007160,2022/23,24,100.0,0.0
10007160,2022/23,25,655.0,60.0
10007160,2022/23,26,100.0,45.0
10007160,2023/24,01,60.0,10.0
10007160,2023/24,02,2160.0,505.0
10007160,2023/24,03,665.0,15.0
10007160,2023/24,04,1285.0,30.0
10007160,2023/24,05,840.0,20.0
10007160,2023/24,06,95.0,0.0
10007160,2023/24,07,585.0,40.0
10007160,2023/24,09,270.0,10.0
10007160,2023/24,10,1655.0,160.0
10007160,2023/24,11,1165.0,60.0
10007160,2023/24,15,1430.0,50.0
10007160,2023/24,16,630.0,10.0
10007160,2023/24,17,2760.0,120.0
10007160,2023/24,19,290.0,20.0
10007160,2023/24,20,10.0,0.0
10007160,2023/24,22,15.0,295.0
10007160,2023/24,23,20.0,0.0
10007160,2023/24,24,125.0,5.0
10007160,2023/24,25,710.0,65.0
10007160,2023/24,26,85.0,45.0
10007160,2024/25,01,100.0,10.0
10007160,2024/25,02,1990.0,450.0
10007160,2024/25,03,680.0,10.0
10007160,2024/25,04,1280.0,45.0
10007160,2024/25,05,915.0,90.0
10007160,2024/25,06,90.0,0.0
10007160,2024/25,07,700.0,35.0
10007160,2024/25,09,290.0,5.0
10007160,2024/25,10,1690.0,115.0
10007160,2024/25,11,1285.0,55.0
10007160,2024/25,15,1530.0,50.0
10007160,2024/25,16,835.0,10.0
10007160,2024/25,17,2575.0,90.0
10007160,2024/25,19,265.0,25.0
10007160,2024/25,20,10.0,0.0
10007160,2024/25,22,10.0,195.0
10007160,2024/25,23,10.0,0.0
10007160,2024/25,24,115.0,0.0
10007160,2024/25,25,730.0,50.0
10007160,2024/25,26,70.0,25.0
10007161,2014/15,01,60.0,0.0
10007161,2014/15,02,1935.0,3295.0
10007161,2014/15,03,760.0,155.0
10007161,2014/15,04,495.0,165.0
10007161,2014/15,06,110.0,5.0
10007161,2014/15,07,400.0,95.0
10007161,2014/15,10,1165.0,2010.0
10007161,2014/15,11,1535.0,140.0
10007161,2014/15,13,0.0,65.0
10007161,2014/15,15,730.0,690.0
10007161,2014/15,16,240.0,120.0
10007161,2014/15,17,740.0,415.0
10007161,2014/15,19,190.0,40.0
10007161,2014/15,20,150.0,35.0
10007161,2014/15,22,545.0,815.0
10007161,2014/15,23,0.0,5.0
10007161,2014/15,24,165.0,5.0
10007161,2014/15,25,575.0,45.0
10007161,2014/15,26,20.0,0.0
10007161,2015/16,01,50.0,0.0
10007161,2015/16,02,2145.0,3135.0
10007161,2015/16,03,695.0,105.0
10007161,2015/16,04,525.0,165.0
10007161,2015/16,06,100.0,5.0
10007161,2015/16,07,435.0,75.0
10007161,2015/16,10,1230.0,2715.0
10007161,2015/16,11,1610.0,160.0
10007161,2015/16,13,0.0,90.0
10007161,2015/16,15,805.0,715.0
10007161,2015/16,16,265.0,115.0
10007161,2015/16,17,725.0,290.0
10007161,2015/16,19,200.0,45.0
10007161,2015/16,20,155.0,25.0
10007161,2015/16,22,475.0,685.0
10007161,2015/16,24,165.0,10.0
10007161,2015/16,25,600.0,40.0
10007161,2015/16,26,25.0,0.0
10007161,2016/17,01,70.0,0.0
10007161,2016/17,02,2455.0,2330.0
10007161,2016/17,03,760.0,70.0
10007161,2016/17,04,575.0,165.0
10007161,2016/17,06,120.0,5.0
10007161,2016/17,07,470.0,55.0
10007161,2016/17,10,1280.0,2595.0
10007161,2016/17,11,1780.0,135.0
10007161,2016/17,13,0.0,85.0
10007161,2016/17,15,880.0,735.0
10007161,2016/17,16,325.0,95.0
10007161,2016/17,17,715.0,260.0
10007161,2016/17,19,225.0,70.0
10007161,2016/17,20,170.0,25.0
10007161,2016/17,22,500.0,720.0
10007161,2016/17,24,165.0,5.0
10007161,2016/17,25,610.0,50.0
10007161,2016/17,26,50.0,0.0
10007161,2017/18,01,75.0,5.0
10007161,2017/18,02,2805.0,1860.0
10007161,2017/18,03,775.0,65.0
10007161,2017/18,04,595.0,205.0
10007161,2017/18,06,115.0,10.0
10007161,2017/18,07,480.0,70.0
10007161,2017/18,09,10.0,0.0
10007161,2017/18,10,1285.0,2370.0
10007161,2017/18,11,1735.0,170.0
10007161,2017/18,13,0.0,70.0
10007161,2017/18,15,730.0,785.0
10007161,2017/18,16,375.0,185.0
10007161,2017/18,17,810.0,270.0
10007161,2017/18,19,185.0,70.0
10007161,2017/18,20,150.0,30.0
10007161,2017/18,22,585.0,635.0
10007161,2017/18,24,175.0,10.0
10007161,2017/18,25,580.0,40.0
10007161,2017/18,26,60.0,5.0
10007161,2018/19,01,85.0,5.0
10007161,2018/19,02,2830.0,1895.0
10007161,2018/19,03,735.0,60.0
10007161,2018/19,04,650.0,200.0
10007161,2018/19,06,170.0,10.0
10007161,2018/19,07,460.0,80.0
10007161,2018/19,09,20.0,0.0
10007161,2018/19,10,1330.0,2105.0
10007161,2018/19,11,1885.0,100.0
10007161,2018/19,13,0.0,70.0
10007161,2018/19,15,695.0,1095.0
10007161,2018/19,16,420.0,120.0
10007161,2018/19,17,950.0,375.0
10007161,2018/19,19,170.0,80.0
10007161,2018/19,20,140.0,25.0
10007161,2018/19,22,605.0,515.0
10007161,2018/19,24,140.0,10.0
10007161,2018/19,25,530.0,50.0
10007161,2018/19,26,65.0,0.0
10007161,2019/20,01,85.0,10.0
10007161,2019/20,02,3260.0,1415.0
10007161,2019/20,03,470.0,105.0
10007161,2019/20,04,645.0,280.0
10007161,2019/20,06,250.0,10.0
10007161,2019/20,07,445.0,50.0
10007161,2019/20,09,20.0,70.0
10007161,2019/20,10,1335.0,2100.0
10007161,2019/20,11,1870.0,465.0
10007161,2019/20,13,5.0,80.0
10007161,2019/20,15,795.0,340.0
10007161,2019/20,16,470.0,175.0
10007161,2019/20,17,1215.0,505.0
10007161,2019/20,19,160.0,225.0
10007161,2019/20,20,130.0,30.0
10007161,2019/20,22,585.0,590.0
10007161,2019/20,23,5.0,0.0
10007161,2019/20,24,265.0,25.0
10007161,2019/20,25,530.0,195.0
10007161,2019/20,26,80.0,0.0
10007161,2020/21,01,100.0,25.0
10007161,2020/21,02,3605.0,1910.0
10007161,2020/21,03,460.0,130.0
10007161,2020/21,04,690.0,240.0
10007161,2020/21,06,360.0,15.0
10007161,2020/21,07,420.0,80.0
10007161,2020/21,09,25.0,60.0
10007161,2020/21,10,1695.0,1945.0
10007161,2020/21,11,2020.0,600.0
10007161,2020/21,13,10.0,80.0
10007161,2020/21,15,815.0,495.0
10007161,2020/21,16,590.0,175.0
10007161,2020/21,17,1465.0,530.0
10007161,2020/21,19,185.0,235.0
10007161,2020/21,20,115.0,35.0
10007161,2020/21,22,530.0,555.0
10007161,2020/21,23,5.0,0.0
10007161,2020/21,24,255.0,40.0
10007161,2020/21,25,495.0,160.0
10007161,2020/21,26,130.0,0.0
10007161,2021/22,01,100.0,35.0
10007161,2021/22,02,4180.0,2255.0
10007161,2021/22,03,440.0,45.0
10007161,2021/22,04,670.0,185.0
10007161,2021/22,06,455.0,20.0
10007161,2021/22,07,390.0,90.0
10007161,2021/22,09,25.0,35.0
10007161,2021/22,10,1935.0,1760.0
10007161,2021/22,11,2360.0,385.0
10007161,2021/22,13,20.0,60.0
10007161,2021/22,15,835.0,670.0
10007161,2021/22,16,665.0,115.0
10007161,2021/22,17,2130.0,465.0
10007161,2021/22,19,140.0,110.0
10007161,2021/22,20,105.0,15.0
10007161,2021/22,22,475.0,450.0
10007161,2021/22,23,5.0,0.0
10007161,2021/22,24,250.0,20.0
10007161,2021/22,25,450.0,140.0
10007161,2021/22,26,220.0,0.0
10007161,2022/23,01,120.0,20.0
10007161,2022/23,02,4485.0,2665.0
10007161,2022/23,03,460.0,40.0
10007161,2022/23,04,700.0,160.0
10007161,2022/23,06,580.0,25.0
10007161,2022/23,07,395.0,45.0
10007161,2022/23,09,10.0,25.0
10007161,2022/23,10,2020.0,1535.0
10007161,2022/23,11,2875.0,430.0
10007161,2022/23,13,25.0,75.0
10007161,2022/23,15,900.0,780.0
10007161,2022/23,16,710.0,90.0
10007161,2022/23,17,2585.0,495.0
10007161,2022/23,19,105.0,130.0
10007161,2022/23,20,90.0,15.0
10007161,2022/23,22,565.0,555.0
10007161,2022/23,23,5.0,0.0
10007161,2022/23,24,400.0,50.0
10007161,2022/23,25,490.0,120.0
10007161,2022/23,26,275.0,5.0
10007161,2023/24,01,135.0,15.0
10007161,2023/24,02,4410.0,2660.0
10007161,2023/24,03,455.0,50.0
10007161,2023/24,04,670.0,160.0
10007161,2023/24,06,550.0,15.0
10007161,2023/24,07,355.0,125.0
10007161,2023/24,09,5.0,20.0
10007161,2023/24,10,1680.0,1765.0
10007161,2023/24,11,3090.0,415.0
10007161,2023/24,13,15.0,130.0
10007161,2023/24,15,820.0,835.0
10007161,2023/24,16,640.0,65.0
10007161,2023/24,17,2645.0,475.0
10007161,2023/24,19,105.0,150.0
10007161,2023/24,20,95.0,20.0
10007161,2023/24,22,595.0,640.0
10007161,2023/24,23,5.0,0.0
10007161,2023/24,24,350.0,80.0
10007161,2023/24,25,440.0,130.0
10007161,2023/24,26,225.0,10.0
10007161,2024/25,01,150.0,15.0
10007161,2024/25,02,3800.0,2395.0
10007161,2024/25,03,345.0,50.0
10007161,2024/25,04,610.0,160.0
10007161,2024/25,06,390.0,25.0
10007161,2024/25,07,350.0,130.0
10007161,2024/25,09,0.0,15.0
10007161,2024/25,10,1235.0,2020.0
10007161,2024/25,11,2865.0,370.0
10007161,2024/25,13,15.0,140.0
10007161,2024/25,15,625.0,735.0
10007161,2024/25,16,480.0,85.0
10007161,2024/25,17,1730.0,600.0
10007161,2024/25,19,95.0,120.0
10007161,2024/25,20,80.0,10.0
10007161,2024/25,22,455.0,510.0
10007161,2024/25,24,215.0,115.0
10007161,2024/25,25,390.0,100.0
10007161,2024/25,26,140.0,10.0
10007162,2014/15,02,80.0,0.0
10007162,2014/15,04,20.0,0.0
10007162,2014/15,07,80.0,0.0
10007162,2014/15,10,40.0,0.0
10007162,2014/15,11,40.0,0.0
10007162,2014/15,13,220.0,10.0
10007162,2014/15,17,1255.0,120.0
10007162,2014/15,19,20.0,0.0
10007162,2014/15,20,75.0,0.0
10007162,2014/15,22,0.0,260.0
10007162,2014/15,24,1610.0,60.0
10007162,2014/15,25,13060.0,815.0
10007162,2015/16,02,50.0,0.0
10007162,2015/16,04,35.0,10.0
10007162,2015/16,07,85.0,0.0
10007162,2015/16,10,50.0,5.0
10007162,2015/16,11,70.0,0.0
10007162,2015/16,13,225.0,0.0
10007162,2015/16,17,1365.0,115.0
10007162,2015/16,19,35.0,0.0
10007162,2015/16,20,180.0,0.0
10007162,2015/16,22,0.0,365.0
10007162,2015/16,24,1750.0,30.0
10007162,2015/16,25,13370.0,465.0
10007162,2016/17,02,10.0,0.0
10007162,2016/17,04,20.0,15.0
10007162,2016/17,07,80.0,0.0
10007162,2016/17,10,30.0,5.0
10007162,2016/17,11,100.0,0.0
10007162,2016/17,13,265.0,0.0
10007162,2016/17,17,1545.0,135.0
10007162,2016/17,19,40.0,0.0
10007162,2016/17,20,185.0,0.0
10007162,2016/17,22,0.0,370.0
10007162,2016/17,24,2375.0,55.0
10007162,2016/17,25,12695.0,375.0
10007162,2017/18,04,50.0,10.0
10007162,2017/18,07,90.0,0.0
10007162,2017/18,10,30.0,5.0
10007162,2017/18,11,120.0,0.0
10007162,2017/18,13,300.0,0.0
10007162,2017/18,17,1675.0,145.0
10007162,2017/18,19,35.0,0.0
10007162,2017/18,20,205.0,0.0
10007162,2017/18,22,0.0,210.0
10007162,2017/18,24,2470.0,65.0
10007162,2017/18,25,13215.0,345.0
10007162,2018/19,03,105.0,0.0
10007162,2018/19,04,65.0,5.0
10007162,2018/19,11,155.0,0.0
10007162,2018/19,13,290.0,0.0
10007162,2018/19,17,1640.0,180.0
10007162,2018/19,22,0.0,260.0
10007162,2018/19,24,2465.0,35.0
10007162,2018/19,25,13680.0,220.0
10007162,2019/20,03,60.0,0.0
10007162,2019/20,04,75.0,0.0
10007162,2019/20,07,55.0,0.0
10007162,2019/20,11,255.0,0.0
10007162,2019/20,13,330.0,0.0
10007162,2019/20,17,1730.0,145.0
10007162,2019/20,22,0.0,265.0
10007162,2019/20,24,1700.0,15.0
10007162,2019/20,25,15155.0,180.0
10007162,2020/21,03,75.0,0.0
10007162,2020/21,04,115.0,0.0
10007162,2020/21,07,60.0,0.0
10007162,2020/21,11,375.0,0.0
10007162,2020/21,13,385.0,10.0
10007162,2020/21,17,1790.0,140.0
10007162,2020/21,22,0.0,295.0
10007162,2020/21,24,1850.0,20.0
10007162,2020/21,25,15825.0,160.0
10007162,2021/22,03,80.0,0.0
10007162,2021/22,04,105.0,0.0
10007162,2021/22,07,65.0,0.0
10007162,2021/22,11,510.0,5.0
10007162,2021/22,13,435.0,15.0
10007162,2021/22,17,1845.0,130.0
10007162,2021/22,22,0.0,280.0
10007162,2021/22,24,1965.0,20.0
10007162,2021/22,25,16830.0,165.0
10007162,2022/23,03,80.0,0.0
10007162,2022/23,04,135.0,0.0
10007162,2022/23,07,65.0,0.0
10007162,2022/23,11,760.0,5.0
10007162,2022/23,13,440.0,10.0
10007162,2022/23,17,1910.0,110.0
10007162,2022/23,22,0.0,280.0
10007162,2022/23,24,1940.0,20.0
10007162,2022/23,25,17690.0,185.0
10007162,2023/24,03,80.0,0.0
10007162,2023/24,04,160.0,0.0
10007162,2023/24,07,65.0,0.0
10007162,2023/24,10,20.0,0.0
10007162,2023/24,11,970.0,15.0
10007162,2023/24,13,420.0,5.0
10007162,2023/24,15,40.0,0.0
10007162,2023/24,17,1905.0,120.0
10007162,2023/24,22,0.0,210.0
10007162,2023/24,24,1915.0,15.0
10007162,2023/24,25,16600.0,260.0
10007162,2024/25,03,75.0,0.0
10007162,2024/25,04,205.0,0.0
10007162,2024/25,07,65.0,0.0
10007162,2024/25,10,50.0,0.0
10007162,2024/25,11,1135.0,15.0
10007162,2024/25,13,445.0,5.0
10007162,2024/25,15,55.0,5.0
10007162,2024/25,17,1930.0,115.0
10007162,2024/25,22,0.0,320.0
10007162,2024/25,24,1860.0,20.0
10007162,2024/25,25,16380.0,275.0
10007163,2014/15,01,720.0,255.0
10007163,2014/15,02,175.0,1500.0
10007163,2014/15,03,665.0,5.0
10007163,2014/15,04,395.0,100.0
10007163,2014/15,06,0.0,20.0
10007163,2014/15,07,1245.0,5.0
10007163,2014/15,09,1645.0,60.0
10007163,2014/15,10,2085.0,390.0
10007163,2014/15,11,455.0,10.0
10007163,2014/15,15,3185.0,150.0
10007163,2014/15,16,950.0,20.0
10007163,2014/15,17,2555.0,1400.0
10007163,2014/15,19,1305.0,205.0
10007163,2014/15,20,1435.0,260.0
10007163,2014/15,22,620.0,1225.0
10007163,2014/15,23,0.0,235.0
10007163,2014/15,24,140.0,50.0
10007163,2014/15,25,215.0,10.0
10007163,2015/16,01,700.0,270.0
10007163,2015/16,02,170.0,1440.0
10007163,2015/16,03,680.0,5.0
10007163,2015/16,04,425.0,60.0
10007163,2015/16,06,0.0,15.0
10007163,2015/16,07,1340.0,5.0
10007163,2015/16,09,1670.0,25.0
10007163,2015/16,10,1955.0,445.0
10007163,2015/16,11,535.0,5.0
10007163,2015/16,15,3485.0,245.0
10007163,2015/16,16,960.0,15.0
10007163,2015/16,17,3320.0,1300.0
10007163,2015/16,19,1405.0,145.0
10007163,2015/16,20,1555.0,155.0
10007163,2015/16,22,600.0,1105.0
10007163,2015/16,23,0.0,205.0
10007163,2015/16,24,150.0,5.0
10007163,2015/16,25,255.0,15.0
10007163,2016/17,01,695.0,260.0
10007163,2016/17,02,190.0,1410.0
10007163,2016/17,03,785.0,5.0
10007163,2016/17,04,450.0,5.0
10007163,2016/17,06,0.0,10.0
10007163,2016/17,07,1350.0,15.0
10007163,2016/17,09,1760.0,35.0
10007163,2016/17,10,2175.0,600.0
10007163,2016/17,11,605.0,5.0
10007163,2016/17,15,3660.0,120.0
10007163,2016/17,16,955.0,10.0
10007163,2016/17,17,3300.0,1370.0
10007163,2016/17,19,1385.0,55.0
10007163,2016/17,20,1675.0,45.0
10007163,2016/17,22,580.0,900.0
10007163,2016/17,23,5.0,225.0
10007163,2016/17,24,125.0,5.0
10007163,2016/17,25,265.0,15.0
10007163,2017/18,01,690.0,320.0
10007163,2017/18,02,235.0,945.0
10007163,2017/18,03,880.0,5.0
10007163,2017/18,04,525.0,5.0
10007163,2017/18,06,0.0,5.0
10007163,2017/18,07,1395.0,25.0
10007163,2017/18,09,1860.0,45.0
10007163,2017/18,10,2360.0,685.0
10007163,2017/18,11,710.0,10.0
10007163,2017/18,15,3850.0,90.0
10007163,2017/18,16,960.0,10.0
10007163,2017/18,17,3705.0,1250.0
10007163,2017/18,19,1340.0,55.0
10007163,2017/18,20,1715.0,45.0
10007163,2017/18,22,680.0,710.0
10007163,2017/18,23,15.0,185.0
10007163,2017/18,24,135.0,5.0
10007163,2017/18,25,245.0,10.0
10007163,2018/19,01,740.0,280.0
10007163,2018/19,02,255.0,785.0
10007163,2018/19,03,940.0,5.0
10007163,2018/19,04,575.0,10.0
10007163,2018/19,06,0.0,5.0
10007163,2018/19,07,1365.0,10.0
10007163,2018/19,09,1940.0,5.0
10007163,2018/19,10,2405.0,525.0
10007163,2018/19,11,890.0,5.0
10007163,2018/19,15,4085.0,100.0
10007163,2018/19,16,985.0,15.0
10007163,2018/19,17,3865.0,1205.0
10007163,2018/19,19,1365.0,45.0
10007163,2018/19,20,1725.0,50.0
10007163,2018/19,22,680.0,590.0
10007163,2018/19,23,5.0,225.0
10007163,2018/19,24,145.0,5.0
10007163,2018/19,25,240.0,10.0
10007163,2019/20,01,760.0,760.0
10007163,2019/20,02,285.0,325.0
10007163,2019/20,03,990.0,5.0
10007163,2019/20,04,630.0,10.0
10007163,2019/20,07,1390.0,10.0
10007163,2019/20,09,2050.0,5.0
10007163,2019/20,10,2515.0,615.0
10007163,2019/20,11,925.0,10.0
10007163,2019/20,15,3820.0,110.0
10007163,2019/20,16,1000.0,5.0
10007163,2019/20,17,3880.0,1405.0
10007163,2019/20,19,1350.0,50.0
10007163,2019/20,20,1665.0,55.0
10007163,2019/20,22,755.0,550.0
10007163,2019/20,23,95.0,245.0
10007163,2019/20,24,160.0,5.0
10007163,2019/20,25,200.0,10.0
10007163,2019/20,26,190.0,0.0
10007163,2020/21,01,785.0,610.0
10007163,2020/21,02,365.0,335.0
10007163,2020/21,03,1110.0,0.0
10007163,2020/21,04,690.0,5.0
10007163,2020/21,07,1355.0,25.0
10007163,2020/21,09,2310.0,5.0
10007163,2020/21,10,2465.0,875.0
10007163,2020/21,11,1075.0,15.0
10007163,2020/21,15,4065.0,105.0
10007163,2020/21,16,1095.0,20.0
10007163,2020/21,17,4200.0,1515.0
10007163,2020/21,19,1255.0,40.0
10007163,2020/21,20,1615.0,75.0
10007163,2020/21,22,795.0,360.0
10007163,2020/21,23,105.0,200.0
10007163,2020/21,24,205.0,5.0
10007163,2020/21,25,205.0,5.0
10007163,2020/21,26,230.0,0.0
10007163,2021/22,01,825.0,500.0
10007163,2021/22,02,440.0,350.0
10007163,2021/22,03,1150.0,0.0
10007163,2021/22,04,700.0,5.0
10007163,2021/22,07,1320.0,30.0
10007163,2021/22,09,2420.0,5.0
10007163,2021/22,10,2500.0,965.0
10007163,2021/22,11,1070.0,15.0
10007163,2021/22,15,4540.0,90.0
10007163,2021/22,16,1110.0,15.0
10007163,2021/22,17,4245.0,1580.0
10007163,2021/22,19,1190.0,50.0
10007163,2021/22,20,1470.0,65.0
10007163,2021/22,22,830.0,220.0
10007163,2021/22,23,115.0,240.0
10007163,2021/22,24,255.0,0.0
10007163,2021/22,25,245.0,5.0
10007163,2021/22,26,255.0,0.0
10007163,2022/23,01,835.0,495.0
10007163,2022/23,02,525.0,240.0
10007163,2022/23,03,1160.0,0.0
10007163,2022/23,04,790.0,10.0
10007163,2022/23,07,1385.0,15.0
10007163,2022/23,09,2355.0,5.0
10007163,2022/23,10,2525.0,1080.0
10007163,2022/23,11,1060.0,25.0
10007163,2022/23,15,4645.0,95.0
10007163,2022/23,16,1100.0,10.0
10007163,2022/23,17,4210.0,1495.0
10007163,2022/23,19,1260.0,45.0
10007163,2022/23,20,1470.0,60.0
10007163,2022/23,22,735.0,200.0
10007163,2022/23,23,105.0,255.0
10007163,2022/23,24,310.0,5.0
10007163,2022/23,25,270.0,5.0
10007163,2022/23,26,295.0,0.0
10007163,2023/24,01,835.0,465.0
10007163,2023/24,02,535.0,255.0
10007163,2023/24,03,1160.0,20.0
10007163,2023/24,04,830.0,10.0
10007163,2023/24,07,1495.0,10.0
10007163,2023/24,09,2335.0,10.0
10007163,2023/24,10,2770.0,1090.0
10007163,2023/24,11,985.0,15.0
10007163,2023/24,15,4570.0,75.0
10007163,2023/24,16,1050.0,10.0
10007163,2023/24,17,4150.0,1610.0
10007163,2023/24,19,1315.0,35.0
10007163,2023/24,20,1570.0,60.0
10007163,2023/24,22,610.0,240.0
10007163,2023/24,23,110.0,265.0
10007163,2023/24,24,300.0,10.0
10007163,2023/24,25,285.0,10.0
10007163,2023/24,26,345.0,5.0
10007163,2024/25,01,840.0,435.0
10007163,2024/25,02,495.0,245.0
10007163,2024/25,03,1040.0,5.0
10007163,2024/25,04,860.0,5.0
10007163,2024/25,07,1500.0,15.0
10007163,2024/25,09,2265.0,0.0
10007163,2024/25,10,2480.0,1030.0
10007163,2024/25,11,1030.0,15.0
10007163,2024/25,15,4225.0,70.0
10007163,2024/25,16,1015.0,5.0
10007163,2024/25,17,3830.0,1235.0
10007163,2024/25,19,1305.0,40.0
10007163,2024/25,20,1730.0,55.0
10007163,2024/25,22,595.0,190.0
10007163,2024/25,23,110.0,280.0
10007163,2024/25,24,310.0,5.0
10007163,2024/25,25,265.0,10.0
10007163,2024/25,26,345.0,5.0
10007164,2014/15,01,20.0,10.0
10007164,2014/15,02,3790.0,3085.0
10007164,2014/15,03,520.0,45.0
10007164,2014/15,04,600.0,140.0
10007164,2014/15,05,15.0,40.0
10007164,2014/15,06,55.0,30.0
10007164,2014/15,07,195.0,10.0
10007164,2014/15,09,200.0,10.0
10007164,2014/15,10,1545.0,470.0
10007164,2014/15,11,1055.0,75.0
10007164,2014/15,13,1315.0,545.0
10007164,2014/15,15,1295.0,85.0
10007164,2014/15,16,1395.0,385.0
10007164,2014/15,17,3675.0,640.0
10007164,2014/15,19,430.0,10.0
10007164,2014/15,20,345.0,10.0
10007164,2014/15,22,1015.0,365.0
10007164,2014/15,23,35.0,65.0
10007164,2014/15,24,510.0,60.0
10007164,2014/15,25,1795.0,160.0
10007164,2014/15,26,590.0,35.0
10007164,2015/16,01,30.0,5.0
10007164,2015/16,02,3670.0,3805.0
10007164,2015/16,03,490.0,40.0
10007164,2015/16,04,645.0,105.0
10007164,2015/16,05,0.0,25.0
10007164,2015/16,06,25.0,10.0
10007164,2015/16,07,195.0,15.0
10007164,2015/16,09,185.0,10.0
10007164,2015/16,10,1580.0,540.0
10007164,2015/16,11,1025.0,80.0
10007164,2015/16,13,1410.0,620.0
10007164,2015/16,15,1230.0,75.0
10007164,2015/16,16,1460.0,475.0
10007164,2015/16,17,3845.0,795.0
10007164,2015/16,19,445.0,15.0
10007164,2015/16,20,340.0,5.0
10007164,2015/16,22,875.0,335.0
10007164,2015/16,23,10.0,80.0
10007164,2015/16,24,450.0,80.0
10007164,2015/16,25,1870.0,170.0
10007164,2015/16,26,610.0,50.0
10007164,2016/17,01,10.0,0.0
10007164,2016/17,02,4160.0,3650.0
10007164,2016/17,03,495.0,30.0
10007164,2016/17,04,690.0,135.0
10007164,2016/17,05,0.0,10.0
10007164,2016/17,06,20.0,5.0
10007164,2016/17,07,215.0,10.0
10007164,2016/17,09,175.0,15.0
10007164,2016/17,10,1620.0,470.0
10007164,2016/17,11,1055.0,65.0
10007164,2016/17,13,1475.0,670.0
10007164,2016/17,15,1395.0,50.0
10007164,2016/17,16,1320.0,305.0
10007164,2016/17,17,3950.0,650.0
10007164,2016/17,19,455.0,15.0
10007164,2016/17,20,330.0,5.0
10007164,2016/17,22,830.0,305.0
10007164,2016/17,23,0.0,50.0
10007164,2016/17,24,455.0,45.0
10007164,2016/17,25,1955.0,140.0
10007164,2016/17,26,590.0,50.0
10007164,2017/18,02,4210.0,3655.0
10007164,2017/18,03,500.0,50.0
10007164,2017/18,04,720.0,140.0
10007164,2017/18,06,45.0,0.0
10007164,2017/18,07,245.0,5.0
10007164,2017/18,09,170.0,10.0
10007164,2017/18,10,1615.0,405.0
10007164,2017/18,11,1090.0,75.0
10007164,2017/18,13,1520.0,845.0
10007164,2017/18,15,1380.0,125.0
10007164,2017/18,16,1485.0,330.0
10007164,2017/18,17,3965.0,760.0
10007164,2017/18,19,445.0,15.0
10007164,2017/18,20,335.0,5.0
10007164,2017/18,22,770.0,345.0
10007164,2017/18,23,0.0,50.0
10007164,2017/18,24,505.0,70.0
10007164,2017/18,25,2105.0,160.0
10007164,2017/18,26,595.0,45.0
10007164,2018/19,02,4085.0,3500.0
10007164,2018/19,03,650.0,45.0
10007164,2018/19,04,735.0,170.0
10007164,2018/19,06,30.0,0.0
10007164,2018/19,07,230.0,20.0
10007164,2018/19,09,180.0,15.0
10007164,2018/19,10,1645.0,405.0
10007164,2018/19,11,1140.0,95.0
10007164,2018/19,13,1565.0,940.0
10007164,2018/19,15,1600.0,50.0
10007164,2018/19,16,1550.0,415.0
10007164,2018/19,17,3895.0,810.0
10007164,2018/19,19,425.0,10.0
10007164,2018/19,20,330.0,5.0
10007164,2018/19,22,830.0,440.0
10007164,2018/19,23,0.0,150.0
10007164,2018/19,24,475.0,140.0
10007164,2018/19,25,2235.0,225.0
10007164,2018/19,26,465.0,70.0
10007164,2019/20,02,4305.0,1455.0
10007164,2019/20,03,660.0,45.0
10007164,2019/20,04,920.0,140.0
10007164,2019/20,06,20.0,5.0
10007164,2019/20,07,290.0,10.0
10007164,2019/20,09,155.0,5.0
10007164,2019/20,10,1720.0,490.0
10007164,2019/20,11,1300.0,140.0
10007164,2019/20,13,1670.0,855.0
10007164,2019/20,15,1800.0,1545.0
10007164,2019/20,16,2035.0,405.0
10007164,2019/20,17,4470.0,625.0
10007164,2019/20,19,395.0,10.0
10007164,2019/20,20,305.0,10.0
10007164,2019/20,22,895.0,345.0
10007164,2019/20,23,5.0,0.0
10007164,2019/20,24,475.0,35.0
10007164,2019/20,25,2510.0,155.0
10007164,2019/20,26,420.0,60.0
10007164,2020/21,02,4840.0,1590.0
10007164,2020/21,03,695.0,35.0
10007164,2020/21,04,1020.0,140.0
10007164,2020/21,07,365.0,15.0
10007164,2020/21,09,125.0,5.0
10007164,2020/21,10,1840.0,415.0
10007164,2020/21,11,1685.0,125.0
10007164,2020/21,13,1875.0,740.0
10007164,2020/21,15,1875.0,2630.0
10007164,2020/21,16,2430.0,315.0
10007164,2020/21,17,5255.0,445.0
10007164,2020/21,19,415.0,15.0
10007164,2020/21,20,295.0,5.0
10007164,2020/21,22,985.0,320.0
10007164,2020/21,23,0.0,15.0
10007164,2020/21,24,520.0,25.0
10007164,2020/21,25,2725.0,115.0
10007164,2020/21,26,470.0,45.0
10007164,2021/22,02,5240.0,1670.0
10007164,2021/22,03,695.0,45.0
10007164,2021/22,04,1010.0,180.0
10007164,2021/22,07,410.0,20.0
10007164,2021/22,09,120.0,5.0
10007164,2021/22,10,1975.0,515.0
10007164,2021/22,11,2175.0,135.0
10007164,2021/22,13,1935.0,840.0
10007164,2021/22,15,2475.0,2475.0
10007164,2021/22,16,1975.0,470.0
10007164,2021/22,17,6160.0,450.0
10007164,2021/22,19,415.0,20.0
10007164,2021/22,20,280.0,10.0
10007164,2021/22,22,1025.0,375.0
10007164,2021/22,23,0.0,30.0
10007164,2021/22,24,635.0,25.0
10007164,2021/22,25,2735.0,105.0
10007164,2021/22,26,470.0,75.0
10007164,2022/23,02,5400.0,1700.0
10007164,2022/23,03,620.0,85.0
10007164,2022/23,04,1040.0,205.0
10007164,2022/23,07,460.0,20.0
10007164,2022/23,09,105.0,5.0
10007164,2022/23,10,2150.0,495.0
10007164,2022/23,11,2420.0,230.0
10007164,2022/23,13,1990.0,845.0
10007164,2022/23,15,2490.0,2680.0
10007164,2022/23,16,1940.0,460.0
10007164,2022/23,17,6540.0,465.0
10007164,2022/23,19,445.0,10.0
10007164,2022/23,20,265.0,10.0
10007164,2022/23,22,955.0,480.0
10007164,2022/23,23,0.0,40.0
10007164,2022/23,24,640.0,55.0
10007164,2022/23,25,2930.0,100.0
10007164,2022/23,26,480.0,70.0
10007164,2023/24,02,5190.0,1555.0
10007164,2023/24,03,660.0,130.0
10007164,2023/24,04,1145.0,175.0
10007164,2023/24,07,410.0,15.0
10007164,2023/24,09,95.0,0.0
10007164,2023/24,10,2160.0,485.0
10007164,2023/24,11,2265.0,85.0
10007164,2023/24,13,1665.0,810.0
10007164,2023/24,15,2330.0,2845.0
10007164,2023/24,16,1710.0,65.0
10007164,2023/24,17,5675.0,305.0
10007164,2023/24,19,455.0,0.0
10007164,2023/24,20,295.0,5.0
10007164,2023/24,22,860.0,520.0
10007164,2023/24,23,0.0,40.0
10007164,2023/24,24,570.0,45.0
10007164,2023/24,25,2850.0,70.0
10007164,2023/24,26,375.0,70.0
10007164,2024/25,02,5060.0,1730.0
10007164,2024/25,03,680.0,115.0
10007164,2024/25,04,1200.0,210.0
10007164,2024/25,07,445.0,20.0
10007164,2024/25,09,90.0,5.0
10007164,2024/25,10,2360.0,445.0
10007164,2024/25,11,2300.0,265.0
10007164,2024/25,13,1755.0,915.0
10007164,2024/25,15,2225.0,2945.0
10007164,2024/25,16,1655.0,130.0
10007164,2024/25,17,5690.0,325.0
10007164,2024/25,19,405.0,5.0
10007164,2024/25,20,265.0,5.0
10007164,2024/25,22,785.0,440.0
10007164,2024/25,23,0.0,40.0
10007164,2024/25,24,520.0,45.0
10007164,2024/25,25,2815.0,60.0
10007164,2024/25,26,360.0,70.0
10007165,2014/15,02,520.0,225.0
10007165,2014/15,03,825.0,170.0
10007165,2014/15,04,705.0,95.0
10007165,2014/15,10,290.0,50.0
10007165,2014/15,11,1160.0,225.0
10007165,2014/15,13,1090.0,950.0
10007165,2014/15,15,1025.0,320.0
10007165,2014/15,16,1140.0,470.0
10007165,2014/15,17,4700.0,975.0
10007165,2014/15,19,915.0,235.0
10007165,2014/15,20,215.0,10.0
10007165,2014/15,22,15.0,190.0
10007165,2014/15,23,95.0,925.0
10007165,2014/15,24,1200.0,75.0
10007165,2014/15,25,1485.0,175.0
10007165,2015/16,02,485.0,155.0
10007165,2015/16,03,820.0,190.0
10007165,2015/16,04,690.0,75.0
10007165,2015/16,10,240.0,45.0
10007165,2015/16,11,1120.0,180.0
10007165,2015/16,13,1115.0,1055.0
10007165,2015/16,15,1075.0,305.0
10007165,2015/16,16,1175.0,475.0
10007165,2015/16,17,4660.0,915.0
10007165,2015/16,19,850.0,210.0
10007165,2015/16,20,200.0,5.0
10007165,2015/16,22,10.0,175.0
10007165,2015/16,23,70.0,840.0
10007165,2015/16,24,1365.0,65.0
10007165,2015/16,25,1470.0,155.0
10007165,2016/17,02,475.0,120.0
10007165,2016/17,03,795.0,190.0
10007165,2016/17,04,705.0,75.0
10007165,2016/17,10,280.0,45.0
10007165,2016/17,11,1015.0,160.0
10007165,2016/17,13,1215.0,1155.0
10007165,2016/17,15,975.0,75.0
10007165,2016/17,16,1185.0,280.0
10007165,2016/17,17,4510.0,880.0
10007165,2016/17,19,775.0,260.0
10007165,2016/17,20,185.0,10.0
10007165,2016/17,22,20.0,150.0
10007165,2016/17,23,55.0,920.0
10007165,2016/17,24,1280.0,70.0
10007165,2016/17,25,1640.0,145.0
10007165,2017/18,02,475.0,130.0
10007165,2017/18,03,785.0,170.0
10007165,2017/18,04,655.0,90.0
10007165,2017/18,10,265.0,40.0
10007165,2017/18,11,1035.0,220.0
10007165,2017/18,13,1260.0,1200.0
10007165,2017/18,15,950.0,80.0
10007165,2017/18,16,1190.0,260.0
10007165,2017/18,17,4285.0,865.0
10007165,2017/18,19,700.0,325.0
10007165,2017/18,20,165.0,10.0
10007165,2017/18,22,25.0,90.0
10007165,2017/18,23,50.0,830.0
10007165,2017/18,24,1235.0,90.0
10007165,2017/18,25,1645.0,125.0
10007165,2018/19,02,495.0,110.0
10007165,2018/19,03,945.0,130.0
10007165,2018/19,04,700.0,95.0
10007165,2018/19,10,200.0,35.0
10007165,2018/19,11,1075.0,150.0
10007165,2018/19,13,1285.0,1250.0
10007165,2018/19,15,975.0,60.0
10007165,2018/19,16,1115.0,260.0
10007165,2018/19,17,4430.0,570.0
10007165,2018/19,19,660.0,195.0
10007165,2018/19,20,125.0,10.0
10007165,2018/19,22,30.0,55.0
10007165,2018/19,23,60.0,840.0
10007165,2018/19,24,1170.0,80.0
10007165,2018/19,25,1655.0,125.0
10007165,2019/20,02,1405.0,225.0
10007165,2019/20,03,300.0,15.0
10007165,2019/20,04,840.0,95.0
10007165,2019/20,10,225.0,25.0
10007165,2019/20,11,980.0,155.0
10007165,2019/20,13,1200.0,1225.0
10007165,2019/20,15,1250.0,75.0
10007165,2019/20,16,1210.0,255.0
10007165,2019/20,17,4370.0,590.0
10007165,2019/20,19,660.0,170.0
10007165,2019/20,20,125.0,5.0
10007165,2019/20,22,20.0,50.0
10007165,2019/20,23,105.0,625.0
10007165,2019/20,24,780.0,70.0
10007165,2019/20,25,2295.0,135.0
10007165,2020/21,02,1670.0,180.0
10007165,2020/21,03,315.0,20.0
10007165,2020/21,04,1030.0,70.0
10007165,2020/21,10,210.0,5.0
10007165,2020/21,11,1190.0,125.0
10007165,2020/21,13,1340.0,1095.0
10007165,2020/21,15,1290.0,60.0
10007165,2020/21,16,1230.0,210.0
10007165,2020/21,17,5005.0,415.0
10007165,2020/21,19,595.0,130.0
10007165,2020/21,20,115.0,10.0
10007165,2020/21,22,10.0,70.0
10007165,2020/21,23,40.0,15.0
10007165,2020/21,24,785.0,70.0
10007165,2020/21,25,2260.0,125.0
10007165,2021/22,02,1700.0,225.0
10007165,2021/22,03,305.0,25.0
10007165,2021/22,04,1145.0,95.0
10007165,2021/22,10,170.0,15.0
10007165,2021/22,11,1405.0,130.0
10007165,2021/22,13,1320.0,1085.0
10007165,2021/22,15,1190.0,75.0
10007165,2021/22,16,1220.0,160.0
10007165,2021/22,17,5635.0,410.0
10007165,2021/22,19,530.0,95.0
10007165,2021/22,20,95.0,10.0
10007165,2021/22,22,25.0,95.0
10007165,2021/22,23,45.0,535.0
10007165,2021/22,24,740.0,65.0
10007165,2021/22,25,2240.0,135.0
10007165,2022/23,02,455.0,60.0
10007165,2022/23,03,1645.0,230.0
10007165,2022/23,04,1130.0,150.0
10007165,2022/23,10,175.0,25.0
10007165,2022/23,11,1870.0,185.0
10007165,2022/23,13,1440.0,1215.0
10007165,2022/23,15,1250.0,110.0
10007165,2022/23,16,1245.0,185.0
10007165,2022/23,17,4930.0,620.0
10007165,2022/23,19,530.0,105.0
10007165,2022/23,20,70.0,10.0
10007165,2022/23,22,35.0,90.0
10007165,2022/23,23,60.0,680.0
10007165,2022/23,24,755.0,65.0
10007165,2022/23,25,2340.0,155.0
10007165,2023/24,02,500.0,70.0
10007165,2023/24,03,1655.0,230.0
10007165,2023/24,04,1130.0,140.0
10007165,2023/24,10,160.0,25.0
10007165,2023/24,11,2080.0,200.0
10007165,2023/24,13,1305.0,1150.0
10007165,2023/24,15,1195.0,90.0
10007165,2023/24,16,1375.0,180.0
10007165,2023/24,17,5345.0,470.0
10007165,2023/24,19,505.0,125.0
10007165,2023/24,20,75.0,10.0
10007165,2023/24,22,35.0,115.0
10007165,2023/24,23,65.0,665.0
10007165,2023/24,24,630.0,60.0
10007165,2023/24,25,2290.0,170.0
10007165,2024/25,02,505.0,95.0
10007165,2024/25,03,1465.0,215.0
10007165,2024/25,04,1235.0,120.0
10007165,2024/25,10,105.0,15.0
10007165,2024/25,11,2045.0,205.0
10007165,2024/25,13,1305.0,960.0
10007165,2024/25,15,1170.0,105.0
10007165,2024/25,16,1415.0,150.0
10007165,2024/25,17,5155.0,405.0
10007165,2024/25,19,445.0,140.0
10007165,2024/25,20,80.0,10.0
10007165,2024/25,22,10.0,165.0
10007165,2024/25,23,45.0,740.0
10007165,2024/25,24,470.0,35.0
10007165,2024/25,25,2025.0,110.0
10007166,2014/15,01,5.0,0.0
10007166,2014/15,02,2305.0,1255.0
10007166,2014/15,03,1430.0,205.0
10007166,2014/15,04,335.0,35.0
10007166,2014/15,07,240.0,30.0
10007166,2014/15,09,140.0,20.0
10007166,2014/15,10,415.0,240.0
10007166,2014/15,11,845.0,155.0
10007166,2014/15,13,330.0,255.0
10007166,2014/15,15,1610.0,580.0
10007166,2014/15,16,770.0,230.0
10007166,2014/15,17,1800.0,455.0
10007166,2014/15,19,440.0,65.0
10007166,2014/15,20,335.0,95.0
10007166,2014/15,22,1125.0,1165.0
10007166,2014/15,24,215.0,30.0
10007166,2014/15,25,1705.0,190.0
10007166,2014/15,26,20.0,10.0
10007166,2015/16,01,25.0,0.0
10007166,2015/16,02,2345.0,1460.0
10007166,2015/16,03,1495.0,225.0
10007166,2015/16,04,445.0,50.0
10007166,2015/16,06,10.0,0.0
10007166,2015/16,07,260.0,30.0
10007166,2015/16,09,135.0,15.0
10007166,2015/16,10,555.0,225.0
10007166,2015/16,11,790.0,165.0
10007166,2015/16,13,340.0,295.0
10007166,2015/16,15,1980.0,605.0
10007166,2015/16,16,725.0,230.0
10007166,2015/16,17,1700.0,520.0
10007166,2015/16,19,385.0,70.0
10007166,2015/16,20,300.0,130.0
10007166,2015/16,22,1120.0,1135.0
10007166,2015/16,24,175.0,30.0
10007166,2015/16,25,1620.0,200.0
10007166,2015/16,26,15.0,5.0
10007166,2016/17,01,40.0,20.0
10007166,2016/17,02,2400.0,1270.0
10007166,2016/17,03,1465.0,230.0
10007166,2016/17,04,475.0,50.0
10007166,2016/17,06,5.0,0.0
10007166,2016/17,07,240.0,40.0
10007166,2016/17,09,130.0,20.0
10007166,2016/17,10,605.0,180.0
10007166,2016/17,11,660.0,135.0
10007166,2016/17,13,315.0,290.0
10007166,2016/17,15,2115.0,650.0
10007166,2016/17,16,730.0,260.0
10007166,2016/17,17,1695.0,510.0
10007166,2016/17,19,370.0,80.0
10007166,2016/17,20,275.0,160.0
10007166,2016/17,22,1105.0,1030.0
10007166,2016/17,24,220.0,30.0
10007166,2016/17,25,1510.0,240.0
10007166,2016/17,26,20.0,0.0
10007166,2017/18,01,55.0,40.0
10007166,2017/18,02,2560.0,1390.0
10007166,2017/18,03,1395.0,275.0
10007166,2017/18,04,510.0,55.0
10007166,2017/18,06,10.0,0.0
10007166,2017/18,07,240.0,40.0
10007166,2017/18,09,110.0,20.0
10007166,2017/18,10,570.0,155.0
10007166,2017/18,11,580.0,125.0
10007166,2017/18,13,300.0,340.0
10007166,2017/18,15,2115.0,685.0
10007166,2017/18,16,715.0,240.0
10007166,2017/18,17,1590.0,535.0
10007166,2017/18,19,350.0,85.0
10007166,2017/18,20,240.0,160.0
10007166,2017/18,22,980.0,1255.0
10007166,2017/18,24,225.0,30.0
10007166,2017/18,25,1415.0,220.0
10007166,2017/18,26,20.0,5.0
10007166,2018/19,01,45.0,30.0
10007166,2018/19,02,2710.0,1320.0
10007166,2018/19,03,1355.0,235.0
10007166,2018/19,04,480.0,65.0
10007166,2018/19,06,10.0,5.0
10007166,2018/19,07,250.0,45.0
10007166,2018/19,09,125.0,10.0
10007166,2018/19,10,645.0,185.0
10007166,2018/19,11,520.0,105.0
10007166,2018/19,13,230.0,365.0
10007166,2018/19,15,1960.0,595.0
10007166,2018/19,16,745.0,230.0
10007166,2018/19,17,1485.0,525.0
10007166,2018/19,19,335.0,80.0
10007166,2018/19,20,210.0,175.0
10007166,2018/19,22,950.0,1115.0
10007166,2018/19,24,225.0,35.0
10007166,2018/19,25,1260.0,220.0
10007166,2018/19,26,25.0,5.0
10007166,2019/20,01,20.0,0.0
10007166,2019/20,02,3670.0,1210.0
10007166,2019/20,03,720.0,70.0
10007166,2019/20,04,510.0,55.0
10007166,2019/20,06,15.0,10.0
10007166,2019/20,07,250.0,25.0
10007166,2019/20,09,95.0,15.0
10007166,2019/20,10,705.0,195.0
10007166,2019/20,11,545.0,95.0
10007166,2019/20,13,245.0,490.0
10007166,2019/20,15,2040.0,545.0
10007166,2019/20,16,655.0,200.0
10007166,2019/20,17,1985.0,450.0
10007166,2019/20,19,300.0,90.0
10007166,2019/20,20,230.0,165.0
10007166,2019/20,22,735.0,1160.0
10007166,2019/20,23,5.0,5.0
10007166,2019/20,24,90.0,25.0
10007166,2019/20,25,1050.0,180.0
10007166,2019/20,26,25.0,0.0
10007166,2020/21,02,4210.0,1415.0
10007166,2020/21,03,720.0,65.0
10007166,2020/21,04,455.0,170.0
10007166,2020/21,06,15.0,5.0
10007166,2020/21,07,205.0,25.0
10007166,2020/21,09,100.0,10.0
10007166,2020/21,10,665.0,200.0
10007166,2020/21,11,725.0,125.0
10007166,2020/21,13,250.0,480.0
10007166,2020/21,15,1815.0,565.0
10007166,2020/21,16,660.0,160.0
10007166,2020/21,17,2250.0,385.0
10007166,2020/21,19,250.0,85.0
10007166,2020/21,20,170.0,170.0
10007166,2020/21,22,925.0,835.0
10007166,2020/21,23,5.0,0.0
10007166,2020/21,24,90.0,20.0
10007166,2020/21,25,930.0,125.0
10007166,2020/21,26,20.0,0.0
10007166,2021/22,02,4570.0,1840.0
10007166,2021/22,03,665.0,60.0
10007166,2021/22,04,570.0,965.0
10007166,2021/22,06,30.0,0.0
10007166,2021/22,07,195.0,25.0
10007166,2021/22,09,85.0,15.0
10007166,2021/22,10,605.0,180.0
10007166,2021/22,11,720.0,180.0
10007166,2021/22,13,255.0,480.0
10007166,2021/22,15,1525.0,880.0
10007166,2021/22,16,645.0,150.0
10007166,2021/22,17,1805.0,470.0
10007166,2021/22,19,240.0,80.0
10007166,2021/22,20,145.0,165.0
10007166,2021/22,22,810.0,850.0
10007166,2021/22,23,5.0,5.0
10007166,2021/22,24,80.0,25.0
10007166,2021/22,25,800.0,110.0
10007166,2021/22,26,20.0,0.0
10007166,2022/23,02,4780.0,1815.0
10007166,2022/23,03,645.0,60.0
10007166,2022/23,04,440.0,1700.0
10007166,2022/23,06,20.0,0.0
10007166,2022/23,07,145.0,25.0
10007166,2022/23,09,55.0,15.0
10007166,2022/23,10,545.0,175.0
10007166,2022/23,11,900.0,225.0
10007166,2022/23,13,310.0,440.0
10007166,2022/23,15,1430.0,815.0
10007166,2022/23,16,545.0,140.0
10007166,2022/23,17,1740.0,540.0
10007166,2022/23,19,185.0,130.0
10007166,2022/23,20,125.0,120.0
10007166,2022/23,22,765.0,640.0
10007166,2022/23,23,5.0,0.0
10007166,2022/23,24,70.0,15.0
10007166,2022/23,25,570.0,70.0
10007166,2022/23,26,15.0,0.0
10007166,2023/24,02,4885.0,1720.0
10007166,2023/24,03,635.0,60.0
10007166,2023/24,04,435.0,2030.0
10007166,2023/24,06,5.0,0.0
10007166,2023/24,07,125.0,20.0
10007166,2023/24,09,45.0,15.0
10007166,2023/24,10,435.0,160.0
10007166,2023/24,11,1160.0,275.0
10007166,2023/24,13,315.0,410.0
10007166,2023/24,15,1120.0,660.0
10007166,2023/24,16,510.0,100.0
10007166,2023/24,17,1605.0,525.0
10007166,2023/24,19,175.0,160.0
10007166,2023/24,20,115.0,105.0
10007166,2023/24,22,705.0,585.0
10007166,2023/24,24,60.0,10.0
10007166,2023/24,25,445.0,60.0
10007166,2023/24,26,15.0,5.0
10007166,2024/25,01,0.0,5.0
10007166,2024/25,02,5180.0,1660.0
10007166,2024/25,03,595.0,70.0
10007166,2024/25,04,960.0,1785.0
10007166,2024/25,06,10.0,0.0
10007166,2024/25,07,120.0,15.0
10007166,2024/25,09,25.0,10.0
10007166,2024/25,10,400.0,135.0
10007166,2024/25,11,1335.0,275.0
10007166,2024/25,13,360.0,385.0
10007166,2024/25,15,1670.0,610.0
10007166,2024/25,16,475.0,80.0
10007166,2024/25,17,4955.0,450.0
10007166,2024/25,19,140.0,155.0
10007166,2024/25,20,100.0,100.0
10007166,2024/25,22,590.0,575.0
10007166,2024/25,23,0.0,5.0
10007166,2024/25,24,45.0,10.0
10007166,2024/25,25,345.0,35.0
10007167,2014/15,01,355.0,10.0
10007167,2014/15,02,685.0,1025.0
10007167,2014/15,03,845.0,10.0
10007167,2014/15,04,770.0,0.0
10007167,2014/15,07,1405.0,5.0
10007167,2014/15,09,665.0,10.0
10007167,2014/15,10,665.0,15.0
10007167,2014/15,11,605.0,55.0
10007167,2014/15,13,10.0,10.0
10007167,2014/15,15,2645.0,195.0
10007167,2014/15,16,450.0,10.0
10007167,2014/15,17,1030.0,5.0
10007167,2014/15,19,1235.0,35.0
10007167,2014/15,20,1895.0,130.0
10007167,2014/15,22,580.0,350.0
10007167,2014/15,23,0.0,5.0
10007167,2014/15,24,45.0,0.0
10007167,2014/15,25,655.0,40.0
10007167,2014/15,26,375.0,5.0
10007167,2015/16,01,355.0,5.0
10007167,2015/16,02,740.0,905.0
10007167,2015/16,03,960.0,5.0
10007167,2015/16,04,765.0,0.0
10007167,2015/16,07,1400.0,15.0
10007167,2015/16,09,670.0,15.0
10007167,2015/16,10,605.0,10.0
10007167,2015/16,11,610.0,145.0
10007167,2015/16,13,15.0,15.0
10007167,2015/16,15,2675.0,230.0
10007167,2015/16,16,500.0,10.0
10007167,2015/16,17,1020.0,5.0
10007167,2015/16,19,1275.0,40.0
10007167,2015/16,20,1895.0,135.0
10007167,2015/16,22,595.0,350.0
10007167,2015/16,24,80.0,0.0
10007167,2015/16,25,660.0,50.0
10007167,2015/16,26,390.0,10.0
10007167,2016/17,01,340.0,5.0
10007167,2016/17,02,755.0,430.0
10007167,2016/17,03,1060.0,5.0
10007167,2016/17,04,845.0,0.0
10007167,2016/17,07,1440.0,20.0
10007167,2016/17,09,675.0,15.0
10007167,2016/17,10,605.0,5.0
10007167,2016/17,11,635.0,180.0
10007167,2016/17,13,25.0,15.0
10007167,2016/17,15,2985.0,225.0
10007167,2016/17,16,575.0,10.0
10007167,2016/17,17,1155.0,15.0
10007167,2016/17,19,1255.0,45.0
10007167,2016/17,20,1990.0,155.0
10007167,2016/17,22,665.0,415.0
10007167,2016/17,23,0.0,5.0
10007167,2016/17,24,100.0,0.0
10007167,2016/17,25,705.0,50.0
10007167,2016/17,26,470.0,20.0
10007167,2017/18,01,375.0,5.0
10007167,2017/18,02,700.0,425.0
10007167,2017/18,03,1135.0,10.0
10007167,2017/18,04,820.0,0.0
10007167,2017/18,07,1425.0,25.0
10007167,2017/18,09,710.0,20.0
10007167,2017/18,10,575.0,5.0
10007167,2017/18,11,715.0,145.0
10007167,2017/18,13,20.0,15.0
10007167,2017/18,15,3275.0,250.0
10007167,2017/18,16,640.0,5.0
10007167,2017/18,17,1495.0,30.0
10007167,2017/18,19,1220.0,40.0
10007167,2017/18,20,1980.0,145.0
10007167,2017/18,22,715.0,405.0
10007167,2017/18,23,0.0,5.0
10007167,2017/18,24,120.0,0.0
10007167,2017/18,25,750.0,55.0
10007167,2017/18,26,535.0,15.0
10007167,2018/19,01,375.0,5.0
10007167,2018/19,02,615.0,390.0
10007167,2018/19,03,1195.0,5.0
10007167,2018/19,04,805.0,0.0
10007167,2018/19,07,1490.0,15.0
10007167,2018/19,09,775.0,20.0
10007167,2018/19,10,590.0,5.0
10007167,2018/19,11,750.0,305.0
10007167,2018/19,13,20.0,20.0
10007167,2018/19,15,3255.0,210.0
10007167,2018/19,16,675.0,10.0
10007167,2018/19,17,1655.0,160.0
10007167,2018/19,19,1225.0,40.0
10007167,2018/19,20,1960.0,170.0
10007167,2018/19,22,745.0,445.0
10007167,2018/19,23,0.0,10.0
10007167,2018/19,24,130.0,5.0
10007167,2018/19,25,765.0,45.0
10007167,2018/19,26,570.0,10.0
10007167,2019/20,01,435.0,115.0
10007167,2019/20,02,530.0,230.0
10007167,2019/20,03,1195.0,5.0
10007167,2019/20,04,750.0,0.0
10007167,2019/20,07,1690.0,20.0
10007167,2019/20,09,780.0,45.0
10007167,2019/20,10,615.0,30.0
10007167,2019/20,11,760.0,625.0
10007167,2019/20,13,15.0,20.0
10007167,2019/20,15,3240.0,220.0
10007167,2019/20,16,700.0,15.0
10007167,2019/20,17,1785.0,170.0
10007167,2019/20,19,1240.0,40.0
10007167,2019/20,20,1745.0,165.0
10007167,2019/20,22,685.0,50.0
10007167,2019/20,23,50.0,215.0
10007167,2019/20,24,135.0,5.0
10007167,2019/20,25,840.0,30.0
10007167,2019/20,26,585.0,10.0
10007167,2020/21,01,515.0,170.0
10007167,2020/21,02,650.0,205.0
10007167,2020/21,03,1245.0,0.0
10007167,2020/21,04,830.0,0.0
10007167,2020/21,07,1790.0,20.0
10007167,2020/21,09,800.0,50.0
10007167,2020/21,10,720.0,30.0
10007167,2020/21,11,905.0,960.0
10007167,2020/21,13,25.0,15.0
10007167,2020/21,15,3310.0,255.0
10007167,2020/21,16,830.0,10.0
10007167,2020/21,17,2670.0,310.0
10007167,2020/21,19,1300.0,50.0
10007167,2020/21,20,1800.0,210.0
10007167,2020/21,22,860.0,155.0
10007167,2020/21,23,60.0,190.0
10007167,2020/21,24,195.0,0.0
10007167,2020/21,25,920.0,25.0
10007167,2020/21,26,595.0,15.0
10007167,2021/22,01,570.0,165.0
10007167,2021/22,02,660.0,260.0
10007167,2021/22,03,1330.0,0.0
10007167,2021/22,04,890.0,0.0
10007167,2021/22,07,1840.0,15.0
10007167,2021/22,09,790.0,45.0
10007167,2021/22,10,745.0,30.0
10007167,2021/22,11,945.0,1005.0
10007167,2021/22,13,40.0,20.0
10007167,2021/22,15,3350.0,245.0
10007167,2021/22,16,945.0,10.0
10007167,2021/22,17,2485.0,325.0
10007167,2021/22,19,1355.0,40.0
10007167,2021/22,20,1875.0,200.0
10007167,2021/22,22,930.0,205.0
10007167,2021/22,23,70.0,185.0
10007167,2021/22,24,230.0,5.0
10007167,2021/22,25,960.0,30.0
10007167,2021/22,26,630.0,5.0
10007167,2022/23,01,615.0,145.0
10007167,2022/23,02,670.0,190.0
10007167,2022/23,03,1355.0,10.0
10007167,2022/23,04,965.0,0.0
10007167,2022/23,07,1815.0,20.0
10007167,2022/23,09,680.0,35.0
10007167,2022/23,10,690.0,35.0
10007167,2022/23,11,915.0,980.0
10007167,2022/23,13,20.0,15.0
10007167,2022/23,15,3005.0,215.0
10007167,2022/23,16,1040.0,10.0
10007167,2022/23,17,2500.0,310.0
10007167,2022/23,19,1385.0,35.0
10007167,2022/23,20,1860.0,170.0
10007167,2022/23,22,610.0,225.0
10007167,2022/23,23,55.0,110.0
10007167,2022/23,24,255.0,5.0
10007167,2022/23,25,910.0,35.0
10007167,2022/23,26,615.0,10.0
10007167,2023/24,01,630.0,140.0
10007167,2023/24,02,570.0,230.0
10007167,2023/24,03,1440.0,10.0
10007167,2023/24,04,1040.0,0.0
10007167,2023/24,07,1840.0,15.0
10007167,2023/24,09,670.0,45.0
10007167,2023/24,10,630.0,40.0
10007167,2023/24,11,925.0,1150.0
10007167,2023/24,13,20.0,10.0
10007167,2023/24,15,2810.0,210.0
10007167,2023/24,16,1015.0,10.0
10007167,2023/24,17,2385.0,370.0
10007167,2023/24,19,1425.0,35.0
10007167,2023/24,20,1885.0,140.0
10007167,2023/24,22,580.0,200.0
10007167,2023/24,23,45.0,120.0
10007167,2023/24,24,265.0,5.0
10007167,2023/24,25,885.0,35.0
10007167,2023/24,26,610.0,5.0
10007167,2024/25,01,640.0,145.0
10007167,2024/25,02,540.0,225.0
10007167,2024/25,03,1535.0,10.0
10007167,2024/25,04,1060.0,0.0
10007167,2024/25,07,1755.0,20.0
10007167,2024/25,09,750.0,45.0
10007167,2024/25,10,635.0,50.0
10007167,2024/25,11,1025.0,1030.0
10007167,2024/25,13,25.0,10.0
10007167,2024/25,15,2760.0,235.0
10007167,2024/25,16,1035.0,10.0
10007167,2024/25,17,2230.0,365.0
10007167,2024/25,19,1425.0,40.0
10007167,2024/25,20,1945.0,125.0
10007167,2024/25,22,580.0,150.0
10007167,2024/25,23,45.0,75.0
10007167,2024/25,24,290.0,5.0
10007167,2024/25,25,895.0,35.0
10007167,2024/25,26,605.0,10.0
10007361,2015/16,02,0.0,140.0
10007361,2016/17,02,0.0,140.0
10007361,2017/18,02,0.0,140.0
10007361,2018/19,02,0.0,155.0
10007361,2018/19,20,0.0,15.0
10007361,2019/20,02,0.0,170.0
10007361,2019/20,20,0.0,20.0
10007361,2020/21,02,0.0,190.0
10007361,2020/21,20,0.0,40.0
10007361,2021/22,02,5.0,200.0
10007361,2021/22,20,0.0,45.0
10007361,2022/23,02,0.0,200.0
10007361,2022/23,20,0.0,40.0
10007361,2023/24,02,0.0,200.0
10007361,2023/24,20,0.0,50.0
10007361,2024/25,02,0.0,235.0
10007361,2024/25,20,0.0,30.0
10007657,2014/15,03,55.0,0.0
10007657,2014/15,05,35.0,0.0
10007657,2014/15,06,510.0,20.0
10007657,2014/15,13,60.0,10.0
10007657,2014/15,25,60.0,5.0
10007657,2015/16,03,60.0,0.0
10007657,2015/16,05,75.0,0.0
10007657,2015/16,06,500.0,50.0
10007657,2015/16,13,65.0,10.0
10007657,2015/16,25,45.0,5.0
10007657,2016/17,03,60.0,0.0
10007657,2016/17,05,125.0,25.0
10007657,2016/17,06,435.0,40.0
10007657,2016/17,13,55.0,10.0
10007657,2016/17,25,30.0,0.0
10007657,2017/18,03,70.0,0.0
10007657,2017/18,05,155.0,40.0
10007657,2017/18,06,425.0,30.0
10007657,2017/18,13,50.0,15.0
10007657,2017/18,25,25.0,0.0
10007657,2018/19,03,75.0,0.0
10007657,2018/19,05,140.0,30.0
10007657,2018/19,06,395.0,30.0
10007657,2018/19,13,45.0,20.0
10007657,2018/19,25,15.0,0.0
10007657,2019/20,02,20.0,0.0
10007657,2019/20,03,80.0,0.0
10007657,2019/20,05,170.0,55.0
10007657,2019/20,06,350.0,20.0
10007657,2019/20,13,35.0,25.0
10007657,2019/20,25,15.0,0.0
10007657,2020/21,02,20.0,0.0
10007657,2020/21,03,70.0,0.0
10007657,2020/21,05,190.0,45.0
10007657,2020/21,06,370.0,35.0
10007657,2020/21,13,35.0,10.0
10007657,2020/21,25,10.0,5.0
10007657,2021/22,02,20.0,0.0
10007657,2021/22,03,60.0,0.0
10007657,2021/22,05,220.0,60.0
10007657,2021/22,06,400.0,30.0
10007657,2021/22,13,20.0,10.0
10007657,2021/22,25,10.0,0.0
10007657,2022/23,02,15.0,0.0
10007657,2022/23,03,40.0,0.0
10007657,2022/23,05,215.0,60.0
10007657,2022/23,06,405.0,40.0
10007657,2022/23,13,5.0,10.0
10007657,2022/23,25,5.0,0.0
10007657,2023/24,02,15.0,0.0
10007657,2023/24,03,45.0,0.0
10007657,2023/24,05,215.0,50.0
10007657,2023/24,06,410.0,35.0
10007657,2023/24,15,0.0,45.0
10007713,2014/15,02,525.0,370.0
10007713,2014/15,03,455.0,5.0
10007713,2014/15,04,360.0,10.0
10007713,2014/15,11,30.0,0.0
10007713,2014/15,15,40.0,0.0
10007713,2014/15,17,935.0,15.0
10007713,2014/15,19,785.0,210.0
10007713,2014/15,20,470.0,310.0
10007713,2014/15,22,1055.0,105.0
10007713,2014/15,24,140.0,0.0
10007713,2014/15,25,685.0,35.0
10007713,2014/15,26,10.0,0.0
10007713,2015/16,02,505.0,335.0
10007713,2015/16,03,475.0,5.0
10007713,2015/16,04,365.0,5.0
10007713,2015/16,11,45.0,0.0
10007713,2015/16,15,100.0,0.0
10007713,2015/16,17,760.0,20.0
10007713,2015/16,19,735.0,220.0
10007713,2015/16,20,440.0,110.0
10007713,2015/16,22,1010.0,80.0
10007713,2015/16,24,160.0,0.0
10007713,2015/16,25,570.0,25.0
10007713,2015/16,26,25.0,0.0
10007713,2016/17,02,505.0,165.0
10007713,2016/17,03,515.0,5.0
10007713,2016/17,04,410.0,5.0
10007713,2016/17,11,80.0,0.0
10007713,2016/17,15,225.0,0.0
10007713,2016/17,17,685.0,35.0
10007713,2016/17,19,745.0,170.0
10007713,2016/17,20,435.0,55.0
10007713,2016/17,22,940.0,110.0
10007713,2016/17,24,215.0,0.0
10007713,2016/17,25,545.0,35.0
10007713,2016/17,26,55.0,0.0
10007713,2017/18,02,450.0,135.0
10007713,2017/18,03,515.0,10.0
10007713,2017/18,04,495.0,5.0
10007713,2017/18,11,130.0,0.0
10007713,2017/18,15,420.0,0.0
10007713,2017/18,17,685.0,20.0
10007713,2017/18,19,720.0,215.0
10007713,2017/18,20,420.0,50.0
10007713,2017/18,22,875.0,60.0
10007713,2017/18,24,285.0,0.0
10007713,2017/18,25,640.0,30.0
10007713,2017/18,26,90.0,0.0
10007713,2018/19,02,440.0,105.0
10007713,2018/19,03,545.0,15.0
10007713,2018/19,04,475.0,5.0
10007713,2018/19,11,175.0,0.0
10007713,2018/19,15,590.0,0.0
10007713,2018/19,16,40.0,0.0
10007713,2018/19,17,720.0,70.0
10007713,2018/19,19,680.0,120.0
10007713,2018/19,20,415.0,35.0
10007713,2018/19,22,905.0,55.0
10007713,2018/19,23,0.0,15.0
10007713,2018/19,24,345.0,0.0
10007713,2018/19,25,710.0,25.0
10007713,2018/19,26,125.0,0.0
10007713,2019/20,02,510.0,80.0
10007713,2019/20,03,435.0,10.0
10007713,2019/20,04,445.0,10.0
10007713,2019/20,11,325.0,0.0
10007713,2019/20,15,665.0,60.0
10007713,2019/20,16,200.0,0.0
10007713,2019/20,17,905.0,105.0
10007713,2019/20,19,665.0,90.0
10007713,2019/20,20,380.0,40.0
10007713,2019/20,22,685.0,95.0
10007713,2019/20,23,10.0,0.0
10007713,2019/20,24,370.0,5.0
10007713,2019/20,25,755.0,30.0
10007713,2019/20,26,125.0,0.0
10007713,2020/21,02,550.0,60.0
10007713,2020/21,03,400.0,20.0
10007713,2020/21,04,425.0,5.0
10007713,2020/21,11,425.0,5.0
10007713,2020/21,15,665.0,105.0
10007713,2020/21,16,360.0,5.0
10007713,2020/21,17,1180.0,185.0
10007713,2020/21,19,735.0,70.0
10007713,2020/21,20,320.0,35.0
10007713,2020/21,22,675.0,95.0
10007713,2020/21,23,15.0,0.0
10007713,2020/21,24,340.0,10.0
10007713,2020/21,25,765.0,15.0
10007713,2020/21,26,115.0,0.0
10007713,2021/22,02,630.0,150.0
10007713,2021/22,03,350.0,25.0
10007713,2021/22,04,435.0,15.0
10007713,2021/22,11,490.0,5.0
10007713,2021/22,15,575.0,30.0
10007713,2021/22,16,490.0,5.0
10007713,2021/22,17,1545.0,145.0
10007713,2021/22,19,740.0,50.0
10007713,2021/22,20,305.0,15.0
10007713,2021/22,22,635.0,100.0
10007713,2021/22,23,15.0,0.0
10007713,2021/22,24,280.0,10.0
10007713,2021/22,25,780.0,35.0
10007713,2021/22,26,95.0,0.0
10007713,2022/23,02,740.0,135.0
10007713,2022/23,03,345.0,20.0
10007713,2022/23,04,520.0,15.0
10007713,2022/23,11,635.0,5.0
10007713,2022/23,15,690.0,20.0
10007713,2022/23,16,505.0,0.0
10007713,2022/23,17,2515.0,75.0
10007713,2022/23,19,760.0,65.0
10007713,2022/23,20,295.0,15.0
10007713,2022/23,22,615.0,95.0
10007713,2022/23,23,20.0,0.0
10007713,2022/23,24,225.0,10.0
10007713,2022/23,25,820.0,40.0
10007713,2022/23,26,105.0,5.0
10007713,2023/24,02,870.0,125.0
10007713,2023/24,03,370.0,5.0
10007713,2023/24,04,635.0,10.0
10007713,2023/24,11,730.0,135.0
10007713,2023/24,15,845.0,25.0
10007713,2023/24,16,450.0,5.0
10007713,2023/24,17,3255.0,155.0
10007713,2023/24,19,820.0,50.0
10007713,2023/24,20,355.0,15.0
10007713,2023/24,22,645.0,80.0
10007713,2023/24,23,20.0,0.0
10007713,2023/24,24,260.0,10.0
10007713,2023/24,25,870.0,35.0
10007713,2023/24,26,120.0,5.0
10007713,2024/25,02,930.0,135.0
10007713,2024/25,03,380.0,5.0
10007713,2024/25,04,750.0,10.0
10007713,2024/25,11,880.0,105.0
10007713,2024/25,15,945.0,25.0
10007713,2024/25,16,470.0,0.0
10007713,2024/25,17,3850.0,140.0
10007713,2024/25,19,770.0,55.0
10007713,2024/25,20,390.0,15.0
10007713,2024/25,22,730.0,80.0
10007713,2024/25,23,5.0,0.0
10007713,2024/25,24,310.0,10.0
10007713,2024/25,25,1000.0,30.0
10007713,2024/25,26,130.0,5.0
10007759,2014/15,02,1230.0,445.0
10007759,2014/15,03,515.0,15.0
10007759,2014/15,04,610.0,35.0
10007759,2014/15,07,65.0,5.0
10007759,2014/15,09,320.0,30.0
10007759,2014/15,10,1430.0,145.0
10007759,2014/15,11,450.0,125.0
10007759,2014/15,13,60.0,0.0
10007759,2014/15,15,835.0,75.0
10007759,2014/15,16,250.0,5.0
10007759,2014/15,17,3025.0,515.0
10007759,2014/15,19,530.0,170.0
10007759,2014/15,22,30.0,160.0
10007759,2015/16,02,1265.0,470.0
10007759,2015/16,03,570.0,30.0
10007759,2015/16,04,675.0,30.0
10007759,2015/16,07,75.0,5.0
10007759,2015/16,09,325.0,35.0
10007759,2015/16,10,1700.0,215.0
10007759,2015/16,11,530.0,240.0
10007759,2015/16,13,60.0,5.0
10007759,2015/16,15,1040.0,60.0
10007759,2015/16,16,360.0,15.0
10007759,2015/16,17,3360.0,615.0
10007759,2015/16,19,480.0,145.0
10007759,2015/16,22,20.0,140.0
10007759,2016/17,02,1330.0,415.0
10007759,2016/17,03,600.0,15.0
10007759,2016/17,04,730.0,50.0
10007759,2016/17,07,105.0,5.0
10007759,2016/17,09,310.0,30.0
10007759,2016/17,10,1815.0,265.0
10007759,2016/17,11,570.0,315.0
10007759,2016/17,13,55.0,5.0
10007759,2016/17,15,1220.0,60.0
10007759,2016/17,16,495.0,15.0
10007759,2016/17,17,3795.0,555.0
10007759,2016/17,19,520.0,140.0
10007759,2016/17,22,40.0,165.0
10007759,2017/18,02,1355.0,495.0
10007759,2017/18,03,680.0,40.0
10007759,2017/18,04,790.0,65.0
10007759,2017/18,07,120.0,10.0
10007759,2017/18,09,305.0,35.0
10007759,2017/18,10,1895.0,275.0
10007759,2017/18,11,620.0,365.0
10007759,2017/18,13,65.0,0.0
10007759,2017/18,15,1290.0,75.0
10007759,2017/18,16,615.0,20.0
10007759,2017/18,17,4060.0,605.0
10007759,2017/18,19,435.0,125.0
10007759,2017/18,22,35.0,235.0
10007759,2018/19,01,70.0,0.0
10007759,2018/19,02,1390.0,535.0
10007759,2018/19,03,675.0,40.0
10007759,2018/19,04,795.0,45.0
10007759,2018/19,07,125.0,10.0
10007759,2018/19,09,280.0,35.0
10007759,2018/19,10,1915.0,350.0
10007759,2018/19,11,625.0,395.0
10007759,2018/19,13,65.0,0.0
10007759,2018/19,15,1280.0,85.0
10007759,2018/19,16,635.0,35.0
10007759,2018/19,17,3865.0,875.0
10007759,2018/19,19,455.0,155.0
10007759,2018/19,20,10.0,0.0
10007759,2018/19,22,20.0,215.0
10007759,2019/20,01,195.0,0.0
10007759,2019/20,02,1940.0,625.0
10007759,2019/20,03,185.0,20.0
10007759,2019/20,04,830.0,80.0
10007759,2019/20,07,145.0,25.0
10007759,2019/20,09,245.0,30.0
10007759,2019/20,10,1620.0,380.0
10007759,2019/20,11,815.0,365.0
10007759,2019/20,13,60.0,20.0
10007759,2019/20,15,1265.0,115.0
10007759,2019/20,16,620.0,30.0
10007759,2019/20,17,3910.0,1350.0
10007759,2019/20,19,375.0,60.0
10007759,2019/20,20,20.0,0.0
10007759,2019/20,22,25.0,185.0
10007759,2019/20,23,55.0,20.0
10007759,2020/21,01,305.0,5.0
10007759,2020/21,02,1990.0,665.0
10007759,2020/21,03,205.0,10.0
10007759,2020/21,04,870.0,60.0
10007759,2020/21,07,190.0,10.0
10007759,2020/21,09,250.0,10.0
10007759,2020/21,10,1715.0,340.0
10007759,2020/21,11,1005.0,400.0
10007759,2020/21,13,85.0,35.0
10007759,2020/21,15,1325.0,90.0
10007759,2020/21,16,685.0,40.0
10007759,2020/21,17,4020.0,1720.0
10007759,2020/21,19,325.0,95.0
10007759,2020/21,20,30.0,0.0
10007759,2020/21,22,20.0,240.0
10007759,2020/21,23,40.0,30.0
10007759,2021/22,01,435.0,0.0
10007759,2021/22,02,2045.0,730.0
10007759,2021/22,03,215.0,20.0
10007759,2021/22,04,795.0,95.0
10007759,2021/22,07,180.0,15.0
10007759,2021/22,09,240.0,40.0
10007759,2021/22,10,1760.0,420.0
10007759,2021/22,11,1500.0,490.0
10007759,2021/22,13,130.0,55.0
10007759,2021/22,15,1295.0,130.0
10007759,2021/22,16,710.0,50.0
10007759,2021/22,17,4205.0,1290.0
10007759,2021/22,19,295.0,60.0
10007759,2021/22,20,40.0,5.0
10007759,2021/22,22,30.0,235.0
10007759,2021/22,23,80.0,5.0
10007759,2021/22,24,0.0,15.0
10007759,2022/23,01,545.0,70.0
10007759,2022/23,02,1865.0,830.0
10007759,2022/23,03,200.0,20.0
10007759,2022/23,04,800.0,95.0
10007759,2022/23,07,185.0,30.0
10007759,2022/23,09,320.0,50.0
10007759,2022/23,10,1770.0,710.0
10007759,2022/23,11,2045.0,420.0
10007759,2022/23,13,155.0,85.0
10007759,2022/23,15,1260.0,105.0
10007759,2022/23,16,780.0,35.0
10007759,2022/23,17,4930.0,1240.0
10007759,2022/23,19,260.0,45.0
10007759,2022/23,20,40.0,0.0
10007759,2022/23,22,35.0,140.0
10007759,2022/23,23,115.0,0.0
10007759,2022/23,24,15.0,25.0
10007759,2023/24,01,610.0,50.0
10007759,2023/24,02,2040.0,750.0
10007759,2023/24,03,170.0,15.0
10007759,2023/24,04,765.0,75.0
10007759,2023/24,07,145.0,15.0
10007759,2023/24,09,285.0,25.0
10007759,2023/24,10,1845.0,545.0
10007759,2023/24,11,2285.0,325.0
10007759,2023/24,13,175.0,80.0
10007759,2023/24,15,1135.0,55.0
10007759,2023/24,16,855.0,20.0
10007759,2023/24,17,4715.0,945.0
10007759,2023/24,19,235.0,25.0
10007759,2023/24,20,35.0,5.0
10007759,2023/24,22,20.0,180.0
10007759,2023/24,23,110.0,5.0
10007759,2023/24,24,40.0,25.0
10007759,2024/25,01,630.0,60.0
10007759,2024/25,02,2220.0,960.0
10007759,2024/25,03,165.0,20.0
10007759,2024/25,04,760.0,65.0
10007759,2024/25,07,125.0,10.0
10007759,2024/25,09,275.0,20.0
10007759,2024/25,10,1995.0,510.0
10007759,2024/25,11,2665.0,365.0
10007759,2024/25,13,175.0,90.0
10007759,2024/25,15,1070.0,50.0
10007759,2024/25,16,1030.0,55.0
10007759,2024/25,17,4645.0,965.0
10007759,2024/25,19,195.0,30.0
10007759,2024/25,20,45.0,0.0
10007759,2024/25,22,20.0,220.0
10007759,2024/25,23,90.0,0.0
10007759,2024/25,24,25.0,30.0
10007760,2014/15,02,5.0,435.0
10007760,2014/15,03,135.0,280.0
10007760,2014/15,04,355.0,1670.0
10007760,2014/15,06,0.0,5.0
10007760,2014/15,07,5.0,100.0
10007760,2014/15,09,30.0,340.0
10007760,2014/15,10,0.0,5.0
10007760,2014/15,11,135.0,605.0
10007760,2014/15,15,435.0,1100.0
10007760,2014/15,16,450.0,605.0
10007760,2014/15,17,780.0,1435.0
10007760,2014/15,19,370.0,1015.0
10007760,2014/15,20,380.0,2110.0
10007760,2014/15,22,30.0,135.0
10007760,2014/15,23,5.0,35.0
10007760,2014/15,24,115.0,370.0
10007760,2014/15,25,55.0,45.0
10007760,2014/15,26,90.0,285.0
10007760,2015/16,02,5.0,460.0
10007760,2015/16,03,180.0,405.0
10007760,2015/16,04,350.0,1025.0
10007760,2015/16,06,0.0,5.0
10007760,2015/16,07,10.0,115.0
10007760,2015/16,09,35.0,325.0
10007760,2015/16,11,225.0,675.0
10007760,2015/16,13,0.0,20.0
10007760,2015/16,15,460.0,1015.0
10007760,2015/16,16,525.0,550.0
10007760,2015/16,17,890.0,1230.0
10007760,2015/16,19,415.0,795.0
10007760,2015/16,20,375.0,1010.0
10007760,2015/16,22,10.0,335.0
10007760,2015/16,24,165.0,195.0
10007760,2015/16,25,65.0,75.0
10007760,2015/16,26,90.0,210.0
10007760,2016/17,02,0.0,505.0
10007760,2016/17,03,225.0,330.0
10007760,2016/17,04,370.0,1080.0
10007760,2016/17,06,0.0,10.0
10007760,2016/17,07,25.0,75.0
10007760,2016/17,09,40.0,335.0
10007760,2016/17,11,250.0,685.0
10007760,2016/17,13,0.0,20.0
10007760,2016/17,15,520.0,1070.0
10007760,2016/17,16,595.0,560.0
10007760,2016/17,17,965.0,1200.0
10007760,2016/17,19,510.0,760.0
10007760,2016/17,20,400.0,1015.0
10007760,2016/17,22,20.0,465.0
10007760,2016/17,23,5.0,0.0
10007760,2016/17,24,175.0,200.0
10007760,2016/17,25,65.0,95.0
10007760,2016/17,26,115.0,230.0
10007760,2017/18,02,0.0,435.0
10007760,2017/18,03,225.0,245.0
10007760,2017/18,04,370.0,1050.0
10007760,2017/18,06,0.0,5.0
10007760,2017/18,07,30.0,65.0
10007760,2017/18,09,45.0,280.0
10007760,2017/18,11,245.0,695.0
10007760,2017/18,15,560.0,890.0
10007760,2017/18,16,565.0,505.0
10007760,2017/18,17,895.0,1035.0
10007760,2017/18,19,515.0,720.0
10007760,2017/18,20,430.0,995.0
10007760,2017/18,22,20.0,285.0
10007760,2017/18,23,10.0,0.0
10007760,2017/18,24,210.0,175.0
10007760,2017/18,25,60.0,60.0
10007760,2017/18,26,115.0,190.0
10007760,2018/19,02,0.0,315.0
10007760,2018/19,03,210.0,250.0
10007760,2018/19,04,475.0,960.0
10007760,2018/19,07,35.0,65.0
10007760,2018/19,09,50.0,250.0
10007760,2018/19,11,295.0,720.0
10007760,2018/19,15,615.0,905.0
10007760,2018/19,16,605.0,450.0
10007760,2018/19,17,885.0,940.0
10007760,2018/19,19,475.0,645.0
10007760,2018/19,20,475.0,790.0
10007760,2018/19,22,5.0,140.0
10007760,2018/19,24,225.0,170.0
10007760,2018/19,25,65.0,45.0
10007760,2018/19,26,125.0,200.0
10007760,2019/20,02,0.0,295.0
10007760,2019/20,03,195.0,190.0
10007760,2019/20,04,540.0,1060.0
10007760,2019/20,07,30.0,105.0
10007760,2019/20,09,55.0,265.0
10007760,2019/20,11,310.0,745.0
10007760,2019/20,15,680.0,965.0
10007760,2019/20,16,600.0,370.0
10007760,2019/20,17,840.0,860.0
10007760,2019/20,19,440.0,580.0
10007760,2019/20,20,440.0,810.0
10007760,2019/20,22,10.0,170.0
10007760,2019/20,23,20.0,15.0
10007760,2019/20,24,200.0,185.0
10007760,2019/20,25,65.0,45.0
10007760,2019/20,26,120.0,210.0
10007760,2020/21,02,0.0,350.0
10007760,2020/21,03,190.0,220.0
10007760,2020/21,04,620.0,1285.0
10007760,2020/21,07,25.0,85.0
10007760,2020/21,09,75.0,245.0
10007760,2020/21,11,365.0,800.0
10007760,2020/21,15,680.0,950.0
10007760,2020/21,16,550.0,290.0
10007760,2020/21,17,1080.0,720.0
10007760,2020/21,19,510.0,545.0
10007760,2020/21,20,455.0,825.0
10007760,2020/21,22,15.0,175.0
10007760,2020/21,23,35.0,30.0
10007760,2020/21,24,210.0,210.0
10007760,2020/21,25,65.0,70.0
10007760,2020/21,26,150.0,255.0
10007760,2021/22,02,0.0,405.0
10007760,2021/22,03,180.0,165.0
10007760,2021/22,04,505.0,1175.0
10007760,2021/22,07,30.0,65.0
10007760,2021/22,09,45.0,215.0
10007760,2021/22,11,330.0,600.0
10007760,2021/22,15,570.0,860.0
10007760,2021/22,16,455.0,285.0
10007760,2021/22,17,990.0,565.0
10007760,2021/22,19,425.0,580.0
10007760,2021/22,20,410.0,655.0
10007760,2021/22,22,5.0,155.0
10007760,2021/22,23,30.0,35.0
10007760,2021/22,24,230.0,170.0
10007760,2021/22,25,70.0,70.0
10007760,2021/22,26,130.0,260.0
10007760,2022/23,02,95.0,480.0
10007760,2022/23,03,145.0,115.0
10007760,2022/23,04,555.0,975.0
10007760,2022/23,07,50.0,75.0
10007760,2022/23,09,50.0,160.0
10007760,2022/23,11,430.0,455.0
10007760,2022/23,15,615.0,705.0
10007760,2022/23,16,465.0,265.0
10007760,2022/23,17,1190.0,445.0
10007760,2022/23,19,450.0,475.0
10007760,2022/23,20,375.0,620.0
10007760,2022/23,22,10.0,110.0
10007760,2022/23,23,30.0,30.0
10007760,2022/23,24,210.0,140.0
10007760,2022/23,25,65.0,30.0
10007760,2022/23,26,140.0,255.0
10007760,2023/24,02,100.0,505.0
10007760,2023/24,03,110.0,85.0
10007760,2023/24,04,385.0,865.0
10007760,2023/24,07,35.0,65.0
10007760,2023/24,09,45.0,135.0
10007760,2023/24,11,445.0,375.0
10007760,2023/24,15,480.0,505.0
10007760,2023/24,16,335.0,250.0
10007760,2023/24,17,905.0,315.0
10007760,2023/24,19,375.0,400.0
10007760,2023/24,20,325.0,500.0
10007760,2023/24,22,5.0,105.0
10007760,2023/24,23,30.0,50.0
10007760,2023/24,24,200.0,120.0
10007760,2023/24,25,55.0,25.0
10007760,2023/24,26,135.0,180.0
10007760,2024/25,02,90.0,480.0
10007760,2024/25,03,125.0,55.0
10007760,2024/25,04,470.0,660.0
10007760,2024/25,07,45.0,50.0
10007760,2024/25,09,45.0,115.0
10007760,2024/25,11,460.0,300.0
10007760,2024/25,15,480.0,400.0
10007760,2024/25,16,400.0,200.0
10007760,2024/25,17,865.0,225.0
10007760,2024/25,19,340.0,325.0
10007760,2024/25,20,355.0,400.0
10007760,2024/25,22,5.0,80.0
10007760,2024/25,23,30.0,85.0
10007760,2024/25,24,185.0,105.0
10007760,2024/25,25,45.0,25.0
10007760,2024/25,26,130.0,150.0
10007761,2014/15,10,20.0,0.0
10007761,2014/15,20,415.0,20.0
10007761,2014/15,24,10.0,0.0
10007761,2015/16,10,20.0,0.0
10007761,2015/16,20,460.0,15.0
10007761,2015/16,24,10.0,0.0
10007761,2016/17,10,25.0,0.0
10007761,2016/17,20,450.0,10.0
10007761,2016/17,24,10.0,0.0
10007761,2017/18,20,485.0,10.0
10007761,2017/18,24,10.0,0.0
10007761,2018/19,20,475.0,10.0
10007761,2018/19,24,10.0,0.0
10007761,2019/20,20,535.0,10.0
10007761,2020/21,20,550.0,20.0
10007761,2021/22,20,585.0,15.0
10007761,2022/23,20,590.0,10.0
10007761,2023/24,20,615.0,15.0
10007761,2024/25,20,615.0,10.0
10007762,2014/15,01,25.0,10.0
10007762,2014/15,02,3985.0,1200.0
10007762,2014/15,03,535.0,50.0
10007762,2014/15,04,480.0,70.0
10007762,2014/15,07,145.0,30.0
10007762,2014/15,09,0.0,5.0
10007762,2014/15,10,1110.0,450.0
10007762,2014/15,11,1090.0,60.0
10007762,2014/15,13,620.0,315.0
10007762,2014/15,15,1080.0,125.0
10007762,2014/15,16,215.0,40.0
10007762,2014/15,17,3495.0,935.0
10007762,2014/15,19,10.0,0.0
10007762,2014/15,23,0.0,30.0
10007762,2014/15,24,450.0,10.0
10007762,2014/15,25,320.0,45.0
10007762,2015/16,01,30.0,0.0
10007762,2015/16,02,3970.0,1425.0
10007762,2015/16,03,525.0,55.0
10007762,2015/16,04,485.0,75.0
10007762,2015/16,07,140.0,25.0
10007762,2015/16,10,1145.0,500.0
10007762,2015/16,11,1060.0,50.0
10007762,2015/16,13,580.0,355.0
10007762,2015/16,15,1055.0,110.0
10007762,2015/16,16,190.0,30.0
10007762,2015/16,17,3095.0,900.0
10007762,2015/16,19,10.0,15.0
10007762,2015/16,23,0.0,35.0
10007762,2015/16,24,395.0,10.0
10007762,2015/16,25,270.0,40.0
10007762,2016/17,01,35.0,0.0
10007762,2016/17,02,4130.0,1500.0
10007762,2016/17,03,540.0,45.0
10007762,2016/17,04,505.0,45.0
10007762,2016/17,07,150.0,20.0
10007762,2016/17,10,1145.0,550.0
10007762,2016/17,11,1140.0,60.0
10007762,2016/17,13,590.0,425.0
10007762,2016/17,15,975.0,55.0
10007762,2016/17,16,160.0,20.0
10007762,2016/17,17,2915.0,745.0
10007762,2016/17,19,20.0,35.0
10007762,2016/17,23,0.0,25.0
10007762,2016/17,24,380.0,5.0
10007762,2016/17,25,180.0,20.0
10007762,2017/18,01,35.0,5.0
10007762,2017/18,02,4395.0,1455.0
10007762,2017/18,03,580.0,55.0
10007762,2017/18,04,480.0,55.0
10007762,2017/18,07,145.0,5.0
10007762,2017/18,10,1160.0,540.0
10007762,2017/18,11,1145.0,135.0
10007762,2017/18,13,645.0,460.0
10007762,2017/18,15,860.0,55.0
10007762,2017/18,16,205.0,15.0
10007762,2017/18,17,2795.0,590.0
10007762,2017/18,19,30.0,10.0
10007762,2017/18,23,5.0,40.0
10007762,2017/18,24,395.0,5.0
10007762,2017/18,25,135.0,30.0
10007762,2018/19,01,40.0,0.0
10007762,2018/19,02,4465.0,1515.0
10007762,2018/19,03,525.0,65.0
10007762,2018/19,04,495.0,50.0
10007762,2018/19,07,150.0,5.0
10007762,2018/19,10,1230.0,495.0
10007762,2018/19,11,1340.0,30.0
10007762,2018/19,13,750.0,530.0
10007762,2018/19,15,825.0,45.0
10007762,2018/19,16,245.0,15.0
10007762,2018/19,17,2970.0,480.0
10007762,2018/19,19,40.0,5.0
10007762,2018/19,23,10.0,30.0
10007762,2018/19,24,360.0,5.0
10007762,2018/19,25,125.0,20.0
10007762,2019/20,01,110.0,5.0
10007762,2019/20,02,4540.0,1425.0
10007762,2019/20,03,130.0,15.0
10007762,2019/20,04,490.0,30.0
10007762,2019/20,06,75.0,5.0
10007762,2019/20,07,170.0,5.0
10007762,2019/20,10,1310.0,365.0
10007762,2019/20,11,1245.0,70.0
10007762,2019/20,13,715.0,520.0
10007762,2019/20,15,1005.0,150.0
10007762,2019/20,16,285.0,10.0
10007762,2019/20,17,3350.0,650.0
10007762,2019/20,19,50.0,10.0
10007762,2019/20,23,15.0,25.0
10007762,2019/20,24,375.0,20.0
10007762,2019/20,25,350.0,25.0
10007762,2020/21,01,120.0,5.0
10007762,2020/21,02,4980.0,1610.0
10007762,2020/21,03,145.0,5.0
10007762,2020/21,04,505.0,25.0
10007762,2020/21,06,65.0,0.0
10007762,2020/21,07,175.0,0.0
10007762,2020/21,10,1440.0,350.0
10007762,2020/21,11,1330.0,35.0
10007762,2020/21,13,825.0,455.0
10007762,2020/21,15,1180.0,130.0
10007762,2020/21,16,340.0,5.0
10007762,2020/21,17,3695.0,670.0
10007762,2020/21,19,50.0,10.0
10007762,2020/21,23,10.0,30.0
10007762,2020/21,24,435.0,10.0
10007762,2020/21,25,375.0,15.0
10007762,2021/22,01,110.0,20.0
10007762,2021/22,02,5000.0,1525.0
10007762,2021/22,03,135.0,10.0
10007762,2021/22,04,545.0,20.0
10007762,2021/22,06,40.0,0.0
10007762,2021/22,07,160.0,10.0
10007762,2021/22,10,1580.0,295.0
10007762,2021/22,11,1165.0,50.0
10007762,2021/22,13,795.0,420.0
10007762,2021/22,15,1425.0,150.0
10007762,2021/22,16,360.0,5.0
10007762,2021/22,17,4485.0,575.0
10007762,2021/22,19,50.0,5.0
10007762,2021/22,23,5.0,250.0
10007762,2021/22,24,445.0,25.0
10007762,2021/22,25,385.0,15.0
10007762,2022/23,01,110.0,5.0
10007762,2022/23,02,4695.0,1585.0
10007762,2022/23,03,145.0,10.0
10007762,2022/23,04,590.0,20.0
10007762,2022/23,06,40.0,0.0
10007762,2022/23,07,165.0,5.0
10007762,2022/23,10,1665.0,305.0
10007762,2022/23,11,1355.0,55.0
10007762,2022/23,13,785.0,395.0
10007762,2022/23,15,1670.0,155.0
10007762,2022/23,16,360.0,5.0
10007762,2022/23,17,5595.0,595.0
10007762,2022/23,19,50.0,0.0
10007762,2022/23,22,0.0,50.0
10007762,2022/23,23,5.0,220.0
10007762,2022/23,24,530.0,10.0
10007762,2022/23,25,370.0,10.0
10007762,2023/24,01,110.0,10.0
10007762,2023/24,02,4575.0,1560.0
10007762,2023/24,03,155.0,35.0
10007762,2023/24,04,700.0,25.0
10007762,2023/24,06,40.0,0.0
10007762,2023/24,07,145.0,10.0
10007762,2023/24,10,1580.0,200.0
10007762,2023/24,11,1545.0,50.0
10007762,2023/24,13,805.0,345.0
10007762,2023/24,15,1800.0,135.0
10007762,2023/24,16,510.0,10.0
10007762,2023/24,17,5905.0,485.0
10007762,2023/24,19,50.0,0.0
10007762,2023/24,22,0.0,65.0
10007762,2023/24,23,10.0,210.0
10007762,2023/24,24,555.0,5.0
10007762,2023/24,25,340.0,5.0
10007762,2024/25,01,115.0,10.0
10007762,2024/25,02,4630.0,1605.0
10007762,2024/25,03,165.0,15.0
10007762,2024/25,04,860.0,10.0
10007762,2024/25,06,20.0,0.0
10007762,2024/25,07,130.0,15.0
10007762,2024/25,10,1435.0,160.0
10007762,2024/25,11,1795.0,60.0
10007762,2024/25,13,830.0,310.0
10007762,2024/25,15,1835.0,110.0
10007762,2024/25,16,535.0,25.0
10007762,2024/25,17,6050.0,395.0
10007762,2024/25,19,30.0,0.0
10007762,2024/25,22,0.0,50.0
10007762,2024/25,23,10.0,15.0
10007762,2024/25,24,635.0,5.0
10007762,2024/25,25,315.0,5.0
10007764,2014/15,03,520.0,40.0
10007764,2014/15,04,470.0,35.0
10007764,2014/15,06,65.0,35.0
10007764,2014/15,07,700.0,45.0
10007764,2014/15,09,855.0,5.0
10007764,2014/15,10,2265.0,470.0
10007764,2014/15,11,360.0,15.0
10007764,2014/15,13,415.0,175.0
10007764,2014/15,15,180.0,5.0
10007764,2014/15,16,45.0,0.0
10007764,2014/15,17,1670.0,770.0
10007764,2014/15,19,455.0,350.0
10007764,2014/15,22,0.0,50.0
10007764,2014/15,25,630.0,10.0
10007764,2014/15,26,65.0,5.0
10007764,2015/16,03,490.0,50.0
10007764,2015/16,04,450.0,30.0
10007764,2015/16,06,70.0,35.0
10007764,2015/16,07,735.0,75.0
10007764,2015/16,09,925.0,15.0
10007764,2015/16,10,2300.0,400.0
10007764,2015/16,11,375.0,20.0
10007764,2015/16,13,420.0,175.0
10007764,2015/16,15,195.0,0.0
10007764,2015/16,16,45.0,0.0
10007764,2015/16,17,1740.0,570.0
10007764,2015/16,19,440.0,185.0
10007764,2015/16,22,0.0,35.0
10007764,2015/16,25,620.0,10.0
10007764,2015/16,26,55.0,5.0
10007764,2016/17,03,520.0,30.0
10007764,2016/17,04,440.0,40.0
10007764,2016/17,06,75.0,35.0
10007764,2016/17,07,745.0,60.0
10007764,2016/17,09,840.0,10.0
10007764,2016/17,10,2345.0,335.0
10007764,2016/17,11,410.0,10.0
10007764,2016/17,13,465.0,160.0
10007764,2016/17,15,225.0,0.0
10007764,2016/17,16,50.0,0.0
10007764,2016/17,17,1745.0,490.0
10007764,2016/17,19,430.0,305.0
10007764,2016/17,22,0.0,35.0
10007764,2016/17,25,655.0,10.0
10007764,2016/17,26,40.0,5.0
10007764,2017/18,03,480.0,30.0
10007764,2017/18,04,395.0,30.0
10007764,2017/18,06,130.0,50.0
10007764,2017/18,07,730.0,75.0
10007764,2017/18,09,910.0,10.0
10007764,2017/18,10,2330.0,345.0
10007764,2017/18,11,470.0,20.0
10007764,2017/18,13,525.0,205.0
10007764,2017/18,15,280.0,0.0
10007764,2017/18,16,50.0,0.0
10007764,2017/18,17,1845.0,535.0
10007764,2017/18,19,420.0,270.0
10007764,2017/18,22,0.0,45.0
10007764,2017/18,23,25.0,0.0
10007764,2017/18,25,675.0,10.0
10007764,2017/18,26,10.0,5.0
10007764,2018/19,03,395.0,25.0
10007764,2018/19,04,350.0,20.0
10007764,2018/19,06,135.0,55.0
10007764,2018/19,07,695.0,75.0
10007764,2018/19,09,910.0,10.0
10007764,2018/19,10,2395.0,375.0
10007764,2018/19,11,565.0,25.0
10007764,2018/19,13,575.0,200.0
10007764,2018/19,15,300.0,0.0
10007764,2018/19,16,50.0,0.0
10007764,2018/19,17,1815.0,425.0
10007764,2018/19,19,380.0,290.0
10007764,2018/19,22,0.0,30.0
10007764,2018/19,23,30.0,25.0
10007764,2018/19,25,720.0,10.0
10007764,2018/19,26,60.0,10.0
10007764,2019/20,03,390.0,35.0
10007764,2019/20,04,340.0,15.0
10007764,2019/20,06,130.0,40.0
10007764,2019/20,07,595.0,55.0
10007764,2019/20,09,880.0,15.0
10007764,2019/20,10,2530.0,285.0
10007764,2019/20,11,610.0,20.0
10007764,2019/20,13,650.0,200.0
10007764,2019/20,15,300.0,5.0
10007764,2019/20,16,25.0,0.0
10007764,2019/20,17,1985.0,460.0
10007764,2019/20,19,345.0,425.0
10007764,2019/20,22,0.0,25.0
10007764,2019/20,25,670.0,5.0
10007764,2019/20,26,100.0,20.0
10007764,2020/21,03,395.0,45.0
10007764,2020/21,04,355.0,10.0
10007764,2020/21,06,130.0,35.0
10007764,2020/21,07,595.0,5.0
10007764,2020/21,09,755.0,25.0
10007764,2020/21,10,2375.0,260.0
10007764,2020/21,11,670.0,15.0
10007764,2020/21,13,815.0,300.0
10007764,2020/21,15,270.0,10.0
10007764,2020/21,16,15.0,0.0
10007764,2020/21,17,2185.0,425.0
10007764,2020/21,19,320.0,340.0
10007764,2020/21,22,0.0,40.0
10007764,2020/21,25,650.0,10.0
10007764,2020/21,26,125.0,30.0
10007764,2021/22,03,405.0,65.0
10007764,2021/22,04,430.0,15.0
10007764,2021/22,06,130.0,50.0
10007764,2021/22,07,590.0,5.0
10007764,2021/22,09,770.0,20.0
10007764,2021/22,10,2210.0,265.0
10007764,2021/22,11,750.0,30.0
10007764,2021/22,13,1010.0,235.0
10007764,2021/22,15,225.0,10.0
10007764,2021/22,16,5.0,0.0
10007764,2021/22,17,2610.0,355.0
10007764,2021/22,19,275.0,300.0
10007764,2021/22,22,0.0,55.0
10007764,2021/22,25,660.0,20.0
10007764,2021/22,26,145.0,40.0
10007764,2022/23,03,435.0,80.0
10007764,2022/23,04,540.0,20.0
10007764,2022/23,06,110.0,55.0
10007764,2022/23,07,490.0,110.0
10007764,2022/23,09,685.0,20.0
10007764,2022/23,10,2100.0,375.0
10007764,2022/23,11,860.0,40.0
10007764,2022/23,13,885.0,400.0
10007764,2022/23,15,215.0,5.0
10007764,2022/23,17,2570.0,55.0
10007764,2022/23,19,250.0,265.0
10007764,2022/23,22,0.0,50.0
10007764,2022/23,23,60.0,0.0
10007764,2022/23,24,90.0,0.0
10007764,2022/23,25,645.0,15.0
10007764,2022/23,26,145.0,50.0
10007764,2023/24,03,430.0,60.0
10007764,2023/24,04,520.0,20.0
10007764,2023/24,06,65.0,30.0
10007764,2023/24,07,480.0,105.0
10007764,2023/24,09,560.0,35.0
10007764,2023/24,10,1990.0,235.0
10007764,2023/24,11,865.0,15.0
10007764,2023/24,13,670.0,205.0
10007764,2023/24,15,235.0,5.0
10007764,2023/24,17,2585.0,35.0
10007764,2023/24,19,215.0,345.0
10007764,2023/24,22,0.0,100.0
10007764,2023/24,23,75.0,0.0
10007764,2023/24,24,55.0,0.0
10007764,2023/24,25,540.0,5.0
10007764,2023/24,26,145.0,45.0
10007764,2024/25,02,10.0,0.0
10007764,2024/25,03,475.0,50.0
10007764,2024/25,04,485.0,25.0
10007764,2024/25,06,85.0,20.0
10007764,2024/25,07,500.0,135.0
10007764,2024/25,09,540.0,25.0
10007764,2024/25,10,1950.0,220.0
10007764,2024/25,11,810.0,65.0
10007764,2024/25,13,435.0,110.0
10007764,2024/25,15,230.0,10.0
10007764,2024/25,17,2390.0,50.0
10007764,2024/25,19,230.0,150.0
10007764,2024/25,22,0.0,80.0
10007764,2024/25,23,10.0,0.0
10007764,2024/25,24,5.0,0.0
10007764,2024/25,25,460.0,10.0
10007764,2024/25,26,230.0,40.0
10007765,2014/15,20,410.0,295.0
10007765,2015/16,20,290.0,270.0
10007765,2016/17,20,225.0,205.0
10007765,2017/18,20,100.0,100.0
10007766,2014/15,03,5.0,0.0
10007766,2014/15,04,85.0,55.0
10007766,2014/15,07,5.0,0.0
10007766,2014/15,09,5.0,0.0
10007766,2014/15,15,10.0,20.0
10007766,2014/15,17,25.0,175.0
10007766,2014/15,19,20.0,0.0
10007766,2014/15,20,5.0,0.0
10007766,2014/15,22,2315.0,2915.0
10007766,2014/15,23,0.0,5.0
10007766,2014/15,24,10.0,10.0
10007766,2014/15,25,5.0,0.0
10007766,2014/15,26,5.0,0.0
10007767,2014/15,01,700.0,140.0
10007767,2014/15,02,1335.0,1265.0
10007767,2014/15,03,425.0,10.0
10007767,2014/15,04,450.0,80.0
10007767,2014/15,07,315.0,5.0
10007767,2014/15,09,315.0,0.0
10007767,2014/15,10,10.0,5.0
10007767,2014/15,11,185.0,5.0
10007767,2014/15,15,815.0,70.0
10007767,2014/15,16,390.0,75.0
10007767,2014/15,17,990.0,190.0
10007767,2014/15,19,385.0,130.0
10007767,2014/15,20,280.0,45.0
10007767,2014/15,22,80.0,165.0
10007767,2014/15,23,5.0,0.0
10007767,2014/15,24,105.0,0.0
10007767,2014/15,25,140.0,0.0
10007767,2014/15,26,500.0,20.0
10007767,2015/16,01,660.0,125.0
10007767,2015/16,02,1440.0,1315.0
10007767,2015/16,03,520.0,10.0
10007767,2015/16,04,520.0,75.0
10007767,2015/16,07,370.0,10.0
10007767,2015/16,09,355.0,5.0
10007767,2015/16,10,10.0,5.0
10007767,2015/16,11,230.0,5.0
10007767,2015/16,15,825.0,90.0
10007767,2015/16,16,455.0,105.0
10007767,2015/16,17,975.0,155.0
10007767,2015/16,19,365.0,190.0
10007767,2015/16,20,315.0,35.0
10007767,2015/16,22,65.0,115.0
10007767,2015/16,23,5.0,0.0
10007767,2015/16,24,115.0,0.0
10007767,2015/16,25,135.0,0.0
10007767,2015/16,26,515.0,20.0
10007767,2016/17,01,665.0,125.0
10007767,2016/17,02,1545.0,1285.0
10007767,2016/17,03,580.0,5.0
10007767,2016/17,04,620.0,65.0
10007767,2016/17,07,485.0,5.0
10007767,2016/17,09,420.0,5.0
10007767,2016/17,10,15.0,5.0
10007767,2016/17,11,280.0,5.0
10007767,2016/17,15,850.0,110.0
10007767,2016/17,16,555.0,65.0
10007767,2016/17,17,880.0,110.0
10007767,2016/17,19,330.0,255.0
10007767,2016/17,20,340.0,25.0
10007767,2016/17,22,75.0,140.0
10007767,2016/17,24,110.0,0.0
10007767,2016/17,25,115.0,5.0
10007767,2016/17,26,495.0,20.0
10007767,2017/18,01,660.0,110.0
10007767,2017/18,02,1675.0,1355.0
10007767,2017/18,03,655.0,10.0
10007767,2017/18,04,600.0,80.0
10007767,2017/18,07,540.0,10.0
10007767,2017/18,09,380.0,0.0
10007767,2017/18,10,10.0,5.0
10007767,2017/18,11,300.0,5.0
10007767,2017/18,15,880.0,140.0
10007767,2017/18,16,580.0,50.0
10007767,2017/18,17,810.0,85.0
10007767,2017/18,19,295.0,300.0
10007767,2017/18,20,375.0,25.0
10007767,2017/18,22,75.0,135.0
10007767,2017/18,23,5.0,0.0
10007767,2017/18,24,135.0,5.0
10007767,2017/18,25,80.0,0.0
10007767,2017/18,26,495.0,15.0
10007767,2018/19,01,680.0,105.0
10007767,2018/19,02,1780.0,1405.0
10007767,2018/19,03,725.0,10.0
10007767,2018/19,04,635.0,80.0
10007767,2018/19,07,595.0,15.0
10007767,2018/19,09,300.0,0.0
10007767,2018/19,10,15.0,5.0
10007767,2018/19,11,305.0,5.0
10007767,2018/19,15,865.0,145.0
10007767,2018/19,16,620.0,55.0
10007767,2018/19,17,740.0,60.0
10007767,2018/19,19,245.0,235.0
10007767,2018/19,20,345.0,25.0
10007767,2018/19,22,90.0,115.0
10007767,2018/19,23,5.0,0.0
10007767,2018/19,24,110.0,5.0
10007767,2018/19,25,70.0,5.0
10007767,2018/19,26,445.0,30.0
10007767,2019/20,01,710.0,130.0
10007767,2019/20,02,2325.0,1370.0
10007767,2019/20,03,320.0,10.0
10007767,2019/20,04,625.0,45.0
10007767,2019/20,07,625.0,10.0
10007767,2019/20,09,250.0,10.0
10007767,2019/20,10,45.0,5.0
10007767,2019/20,11,300.0,25.0
10007767,2019/20,15,880.0,100.0
10007767,2019/20,16,605.0,55.0
10007767,2019/20,17,695.0,75.0
10007767,2019/20,19,230.0,250.0
10007767,2019/20,20,320.0,15.0
10007767,2019/20,22,100.0,145.0
10007767,2019/20,23,15.0,5.0
10007767,2019/20,24,105.0,5.0
10007767,2019/20,25,65.0,5.0
10007767,2019/20,26,405.0,10.0
10007767,2020/21,01,775.0,165.0
10007767,2020/21,02,2555.0,1280.0
10007767,2020/21,03,320.0,10.0
10007767,2020/21,04,690.0,50.0
10007767,2020/21,05,60.0,0.0
10007767,2020/21,07,695.0,5.0
10007767,2020/21,09,195.0,20.0
10007767,2020/21,10,50.0,5.0
10007767,2020/21,11,330.0,105.0
10007767,2020/21,15,915.0,120.0
10007767,2020/21,16,545.0,60.0
10007767,2020/21,17,755.0,170.0
10007767,2020/21,19,220.0,165.0
10007767,2020/21,20,290.0,10.0
10007767,2020/21,22,105.0,235.0
10007767,2020/21,23,20.0,0.0
10007767,2020/21,24,115.0,5.0
10007767,2020/21,25,70.0,5.0
10007767,2020/21,26,375.0,15.0
10007767,2021/22,01,840.0,160.0
10007767,2021/22,02,2645.0,1505.0
10007767,2021/22,03,340.0,10.0
10007767,2021/22,04,690.0,50.0
10007767,2021/22,05,115.0,5.0
10007767,2021/22,07,710.0,15.0
10007767,2021/22,09,180.0,0.0
10007767,2021/22,10,45.0,10.0
10007767,2021/22,11,415.0,215.0
10007767,2021/22,15,845.0,110.0
10007767,2021/22,16,490.0,75.0
10007767,2021/22,17,860.0,245.0
10007767,2021/22,19,190.0,140.0
10007767,2021/22,20,255.0,15.0
10007767,2021/22,22,140.0,390.0
10007767,2021/22,23,20.0,0.0
10007767,2021/22,24,110.0,5.0
10007767,2021/22,25,45.0,5.0
10007767,2021/22,26,335.0,25.0
10007767,2022/23,01,880.0,115.0
10007767,2022/23,02,2930.0,1520.0
10007767,2022/23,03,345.0,10.0
10007767,2022/23,04,690.0,55.0
10007767,2022/23,05,180.0,0.0
10007767,2022/23,07,670.0,15.0
10007767,2022/23,09,140.0,5.0
10007767,2022/23,10,85.0,10.0
10007767,2022/23,11,505.0,230.0
10007767,2022/23,15,830.0,120.0
10007767,2022/23,16,480.0,50.0
10007767,2022/23,17,1080.0,295.0
10007767,2022/23,19,160.0,220.0
10007767,2022/23,20,215.0,20.0
10007767,2022/23,22,200.0,435.0
10007767,2022/23,23,25.0,0.0
10007767,2022/23,24,120.0,5.0
10007767,2022/23,25,45.0,0.0
10007767,2022/23,26,380.0,30.0
10007767,2023/24,01,900.0,120.0
10007767,2023/24,02,3030.0,1615.0
10007767,2023/24,03,340.0,10.0
10007767,2023/24,04,765.0,55.0
10007767,2023/24,05,245.0,5.0
10007767,2023/24,07,640.0,25.0
10007767,2023/24,09,140.0,5.0
10007767,2023/24,10,90.0,10.0
10007767,2023/24,11,665.0,250.0
10007767,2023/24,15,670.0,145.0
10007767,2023/24,16,515.0,55.0
10007767,2023/24,17,945.0,315.0
10007767,2023/24,19,145.0,410.0
10007767,2023/24,20,210.0,20.0
10007767,2023/24,22,135.0,455.0
10007767,2023/24,23,15.0,0.0
10007767,2023/24,24,115.0,5.0
10007767,2023/24,25,40.0,5.0
10007767,2023/24,26,360.0,65.0
10007767,2024/25,01,880.0,110.0
10007767,2024/25,02,3435.0,1455.0
10007767,2024/25,03,305.0,10.0
10007767,2024/25,04,755.0,35.0
10007767,2024/25,05,340.0,5.0
10007767,2024/25,07,610.0,20.0
10007767,2024/25,09,125.0,5.0
10007767,2024/25,10,105.0,10.0
10007767,2024/25,11,635.0,215.0
10007767,2024/25,15,625.0,90.0
10007767,2024/25,16,520.0,55.0
10007767,2024/25,17,905.0,445.0
10007767,2024/25,19,145.0,360.0
10007767,2024/25,20,195.0,20.0
10007767,2024/25,22,125.0,520.0
10007767,2024/25,23,10.0,0.0
10007767,2024/25,24,110.0,5.0
10007767,2024/25,25,45.0,5.0
10007767,2024/25,26,370.0,90.0
10007768,2014/15,01,170.0,10.0
10007768,2014/15,02,260.0,5.0
10007768,2014/15,03,370.0,60.0
10007768,2014/15,04,560.0,20.0
10007768,2014/15,07,630.0,5.0
10007768,2014/15,09,905.0,25.0
10007768,2014/15,10,390.0,60.0
10007768,2014/15,11,485.0,35.0
10007768,2014/15,15,1465.0,260.0
10007768,2014/15,16,695.0,15.0
10007768,2014/15,17,2965.0,320.0
10007768,2014/15,19,920.0,195.0
10007768,2014/15,20,520.0,45.0
10007768,2014/15,22,10.0,405.0
10007768,2014/15,24,125.0,5.0
10007768,2014/15,25,320.0,5.0
10007768,2014/15,26,660.0,50.0
10007768,2015/16,01,215.0,15.0
10007768,2015/16,02,245.0,5.0
10007768,2015/16,03,380.0,65.0
10007768,2015/16,04,540.0,15.0
10007768,2015/16,07,675.0,10.0
10007768,2015/16,09,890.0,55.0
10007768,2015/16,10,445.0,50.0
10007768,2015/16,11,555.0,40.0
10007768,2015/16,15,1415.0,195.0
10007768,2015/16,16,680.0,15.0
10007768,2015/16,17,3215.0,220.0
10007768,2015/16,19,905.0,165.0
10007768,2015/16,20,470.0,45.0
10007768,2015/16,22,5.0,405.0
10007768,2015/16,24,130.0,0.0
10007768,2015/16,25,320.0,10.0
10007768,2015/16,26,660.0,50.0
10007768,2016/17,01,260.0,20.0
10007768,2016/17,02,270.0,0.0
10007768,2016/17,03,360.0,75.0
10007768,2016/17,04,550.0,15.0
10007768,2016/17,07,710.0,10.0
10007768,2016/17,09,880.0,45.0
10007768,2016/17,10,500.0,45.0
10007768,2016/17,11,540.0,20.0
10007768,2016/17,15,1495.0,205.0
10007768,2016/17,16,625.0,20.0
10007768,2016/17,17,3380.0,190.0
10007768,2016/17,19,880.0,185.0
10007768,2016/17,20,505.0,45.0
10007768,2016/17,22,25.0,560.0
10007768,2016/17,24,155.0,0.0
10007768,2016/17,25,350.0,5.0
10007768,2016/17,26,650.0,55.0
10007768,2017/18,01,290.0,25.0
10007768,2017/18,02,275.0,0.0
10007768,2017/18,03,345.0,55.0
10007768,2017/18,04,515.0,15.0
10007768,2017/18,07,760.0,10.0
10007768,2017/18,09,970.0,45.0
10007768,2017/18,10,595.0,40.0
10007768,2017/18,11,595.0,25.0
10007768,2017/18,15,1595.0,220.0
10007768,2017/18,16,670.0,20.0
10007768,2017/18,17,3445.0,170.0
10007768,2017/18,19,915.0,165.0
10007768,2017/18,20,555.0,30.0
10007768,2017/18,22,25.0,540.0
10007768,2017/18,24,190.0,0.0
10007768,2017/18,25,330.0,10.0
10007768,2017/18,26,705.0,60.0
10007768,2018/19,01,305.0,20.0
10007768,2018/19,02,265.0,5.0
10007768,2018/19,03,350.0,50.0
10007768,2018/19,04,520.0,15.0
10007768,2018/19,07,800.0,5.0
10007768,2018/19,09,985.0,55.0
10007768,2018/19,10,645.0,35.0
10007768,2018/19,11,660.0,20.0
10007768,2018/19,15,1680.0,235.0
10007768,2018/19,16,725.0,20.0
10007768,2018/19,17,3430.0,180.0
10007768,2018/19,19,945.0,165.0
10007768,2018/19,20,600.0,35.0
10007768,2018/19,22,10.0,520.0
10007768,2018/19,24,220.0,0.0
10007768,2018/19,25,310.0,10.0
10007768,2018/19,26,630.0,30.0
10007768,2019/20,01,380.0,5.0
10007768,2019/20,02,280.0,5.0
10007768,2019/20,03,445.0,35.0
10007768,2019/20,04,590.0,15.0
10007768,2019/20,07,890.0,5.0
10007768,2019/20,09,1115.0,60.0
10007768,2019/20,10,675.0,35.0
10007768,2019/20,11,805.0,15.0
10007768,2019/20,15,1715.0,245.0
10007768,2019/20,16,780.0,20.0
10007768,2019/20,17,3730.0,130.0
10007768,2019/20,19,930.0,140.0
10007768,2019/20,20,660.0,45.0
10007768,2019/20,22,15.0,645.0
10007768,2019/20,24,280.0,0.0
10007768,2019/20,25,310.0,5.0
10007768,2019/20,26,630.0,35.0
10007768,2020/21,01,470.0,10.0
10007768,2020/21,02,315.0,35.0
10007768,2020/21,03,545.0,10.0
10007768,2020/21,04,695.0,10.0
10007768,2020/21,06,0.0,25.0
10007768,2020/21,07,985.0,0.0
10007768,2020/21,09,1005.0,10.0
10007768,2020/21,10,755.0,35.0
10007768,2020/21,11,965.0,15.0
10007768,2020/21,13,25.0,0.0
10007768,2020/21,15,2505.0,240.0
10007768,2020/21,16,765.0,20.0
10007768,2020/21,17,3850.0,520.0
10007768,2020/21,19,970.0,110.0
10007768,2020/21,20,700.0,40.0
10007768,2020/21,22,30.0,370.0
10007768,2020/21,23,60.0,0.0
10007768,2020/21,24,375.0,0.0
10007768,2020/21,25,325.0,10.0
10007768,2020/21,26,620.0,40.0
10007768,2021/22,01,590.0,10.0
10007768,2021/22,02,340.0,40.0
10007768,2021/22,03,655.0,10.0
10007768,2021/22,04,745.0,10.0
10007768,2021/22,06,0.0,15.0
10007768,2021/22,07,970.0,0.0
10007768,2021/22,09,885.0,10.0
10007768,2021/22,10,735.0,45.0
10007768,2021/22,11,1020.0,15.0
10007768,2021/22,13,70.0,0.0
10007768,2021/22,15,2705.0,245.0
10007768,2021/22,16,790.0,15.0
10007768,2021/22,17,3710.0,430.0
10007768,2021/22,19,1005.0,120.0
10007768,2021/22,20,680.0,35.0
10007768,2021/22,22,25.0,305.0
10007768,2021/22,23,60.0,0.0
10007768,2021/22,24,445.0,0.0
10007768,2021/22,25,360.0,10.0
10007768,2021/22,26,630.0,30.0
10007768,2022/23,01,655.0,35.0
10007768,2022/23,02,385.0,40.0
10007768,2022/23,03,745.0,15.0
10007768,2022/23,04,810.0,15.0
10007768,2022/23,06,0.0,5.0
10007768,2022/23,07,975.0,0.0
10007768,2022/23,09,920.0,10.0
10007768,2022/23,10,735.0,30.0
10007768,2022/23,11,1210.0,15.0
10007768,2022/23,13,115.0,0.0
10007768,2022/23,15,2800.0,165.0
10007768,2022/23,16,855.0,10.0
10007768,2022/23,17,3690.0,375.0
10007768,2022/23,19,985.0,85.0
10007768,2022/23,20,640.0,45.0
10007768,2022/23,22,25.0,305.0
10007768,2022/23,23,45.0,45.0
10007768,2022/23,24,345.0,0.0
10007768,2022/23,25,350.0,15.0
10007768,2022/23,26,645.0,35.0
10007768,2023/24,01,695.0,35.0
10007768,2023/24,02,385.0,45.0
10007768,2023/24,03,805.0,15.0
10007768,2023/24,04,785.0,20.0
10007768,2023/24,07,930.0,0.0
10007768,2023/24,09,790.0,10.0
10007768,2023/24,10,705.0,25.0
10007768,2023/24,11,1370.0,30.0
10007768,2023/24,13,130.0,0.0
10007768,2023/24,15,2950.0,205.0
10007768,2023/24,16,920.0,25.0
10007768,2023/24,17,3730.0,280.0
10007768,2023/24,19,930.0,90.0
10007768,2023/24,20,550.0,45.0
10007768,2023/24,22,25.0,325.0
10007768,2023/24,23,85.0,70.0
10007768,2023/24,24,365.0,10.0
10007768,2023/24,25,370.0,15.0
10007768,2023/24,26,600.0,25.0
10007768,2024/25,01,705.0,15.0
10007768,2024/25,02,420.0,50.0
10007768,2024/25,03,875.0,10.0
10007768,2024/25,04,785.0,30.0
10007768,2024/25,07,905.0,0.0
10007768,2024/25,09,795.0,5.0
10007768,2024/25,10,760.0,35.0
10007768,2024/25,11,1495.0,20.0
10007768,2024/25,13,155.0,0.0
10007768,2024/25,15,2880.0,175.0
10007768,2024/25,16,1010.0,30.0
10007768,2024/25,17,3780.0,270.0
10007768,2024/25,19,920.0,90.0
10007768,2024/25,20,500.0,45.0
10007768,2024/25,22,25.0,330.0
10007768,2024/25,23,60.0,55.0
10007768,2024/25,24,425.0,10.0
10007768,2024/25,25,345.0,15.0
10007768,2024/25,26,555.0,35.0
10007769,2014/15,17,1320.0,470.0
10007769,2015/16,17,1490.0,585.0
10007769,2016/17,17,1455.0,420.0
10007769,2017/18,17,1495.0,420.0
10007769,2018/19,17,1625.0,450.0
10007769,2019/20,17,1855.0,450.0
10007769,2020/21,17,2010.0,450.0
10007769,2021/22,17,1975.0,415.0
10007769,2022/23,17,2065.0,235.0
10007769,2023/24,17,2020.0,235.0
10007769,2024/25,17,2020.0,260.0
10007771,2014/15,01,690.0,555.0
10007771,2015/16,01,660.0,550.0
10007771,2016/17,01,790.0,555.0
10007771,2017/18,01,700.0,385.0
10007771,2018/19,01,765.0,410.0
10007771,2019/20,01,175.0,75.0
10007771,2019/20,02,485.0,315.0
10007771,2019/20,09,0.0,5.0
10007771,2019/20,15,25.0,10.0
10007771,2020/21,01,175.0,75.0
10007771,2020/21,02,505.0,310.0
10007771,2020/21,15,30.0,10.0
10007771,2021/22,01,170.0,70.0
10007771,2021/22,02,500.0,350.0
10007771,2021/22,15,30.0,5.0
10007771,2022/23,01,150.0,60.0
10007771,2022/23,02,450.0,340.0
10007771,2022/23,15,35.0,5.0
10007771,2023/24,01,165.0,40.0
10007771,2023/24,02,425.0,325.0
10007771,2023/24,15,25.0,5.0
10007771,2024/25,01,145.0,40.0
10007771,2024/25,02,400.0,335.0
10007771,2024/25,15,20.0,5.0
10007772,2014/15,02,1735.0,1015.0
10007772,2014/15,03,950.0,100.0
10007772,2014/15,04,270.0,5.0
10007772,2014/15,05,135.0,5.0
10007772,2014/15,06,5.0,5.0
10007772,2014/15,10,1045.0,265.0
10007772,2014/15,11,1150.0,205.0
10007772,2014/15,13,295.0,100.0
10007772,2014/15,15,465.0,45.0
10007772,2014/15,16,220.0,45.0
10007772,2014/15,17,2630.0,745.0
10007772,2014/15,19,290.0,15.0
10007772,2014/15,23,15.0,20.0
10007772,2014/15,24,400.0,40.0
10007772,2014/15,25,850.0,50.0
10007772,2015/16,02,1715.0,735.0
10007772,2015/16,03,930.0,95.0
10007772,2015/16,04,260.0,5.0
10007772,2015/16,05,170.0,5.0
10007772,2015/16,10,985.0,255.0
10007772,2015/16,11,1220.0,250.0
10007772,2015/16,13,260.0,120.0
10007772,2015/16,15,500.0,30.0
10007772,2015/16,16,205.0,50.0
10007772,2015/16,17,2425.0,805.0
10007772,2015/16,19,265.0,25.0
10007772,2015/16,23,25.0,15.0
10007772,2015/16,24,385.0,35.0
10007772,2015/16,25,740.0,75.0
10007772,2016/17,02,1775.0,780.0
10007772,2016/17,03,980.0,100.0
10007772,2016/17,04,270.0,5.0
10007772,2016/17,05,170.0,5.0
10007772,2016/17,10,960.0,210.0
10007772,2016/17,11,1350.0,305.0
10007772,2016/17,13,295.0,175.0
10007772,2016/17,15,485.0,20.0
10007772,2016/17,16,190.0,40.0
10007772,2016/17,17,2525.0,620.0
10007772,2016/17,19,300.0,25.0
10007772,2016/17,23,15.0,15.0
10007772,2016/17,24,430.0,30.0
10007772,2016/17,25,780.0,60.0
10007772,2017/18,02,1840.0,710.0
10007772,2017/18,03,990.0,120.0
10007772,2017/18,04,285.0,10.0
10007772,2017/18,05,155.0,10.0
10007772,2017/18,10,900.0,185.0
10007772,2017/18,11,1410.0,350.0
10007772,2017/18,13,375.0,180.0
10007772,2017/18,15,475.0,15.0
10007772,2017/18,16,185.0,30.0
10007772,2017/18,17,2665.0,580.0
10007772,2017/18,19,320.0,20.0
10007772,2017/18,23,20.0,15.0
10007772,2017/18,24,400.0,25.0
10007772,2017/18,25,810.0,35.0
10007772,2018/19,02,1895.0,800.0
10007772,2018/19,03,955.0,125.0
10007772,2018/19,04,270.0,10.0
10007772,2018/19,05,180.0,30.0
10007772,2018/19,10,835.0,200.0
10007772,2018/19,11,1550.0,335.0
10007772,2018/19,13,410.0,175.0
10007772,2018/19,15,505.0,10.0
10007772,2018/19,16,215.0,20.0
10007772,2018/19,17,2775.0,530.0
10007772,2018/19,19,375.0,25.0
10007772,2018/19,23,20.0,20.0
10007772,2018/19,24,360.0,20.0
10007772,2018/19,25,900.0,60.0
10007772,2019/20,02,2225.0,690.0
10007772,2019/20,03,620.0,100.0
10007772,2019/20,04,260.0,5.0
10007772,2019/20,05,180.0,45.0
10007772,2019/20,06,30.0,0.0
10007772,2019/20,10,680.0,165.0
10007772,2019/20,11,1700.0,310.0
10007772,2019/20,13,530.0,180.0
10007772,2019/20,15,565.0,60.0
10007772,2019/20,16,270.0,5.0
10007772,2019/20,17,2925.0,565.0
10007772,2019/20,19,415.0,20.0
10007772,2019/20,22,40.0,55.0
10007772,2019/20,23,60.0,45.0
10007772,2019/20,24,290.0,15.0
10007772,2019/20,25,875.0,20.0
10007772,2020/21,02,2525.0,620.0
10007772,2020/21,03,690.0,115.0
10007772,2020/21,04,260.0,5.0
10007772,2020/21,05,195.0,20.0
10007772,2020/21,10,710.0,110.0
10007772,2020/21,11,1805.0,320.0
10007772,2020/21,13,670.0,150.0
10007772,2020/21,15,665.0,55.0
10007772,2020/21,16,325.0,0.0
10007772,2020/21,17,3225.0,490.0
10007772,2020/21,19,415.0,20.0
10007772,2020/21,22,50.0,35.0
10007772,2020/21,23,60.0,65.0
10007772,2020/21,24,345.0,5.0
10007772,2020/21,25,895.0,25.0
10007772,2021/22,02,2735.0,340.0
10007772,2021/22,03,705.0,120.0
10007772,2021/22,04,300.0,10.0
10007772,2021/22,05,170.0,15.0
10007772,2021/22,10,670.0,115.0
10007772,2021/22,11,1825.0,345.0
10007772,2021/22,13,735.0,150.0
10007772,2021/22,15,735.0,95.0
10007772,2021/22,16,460.0,10.0
10007772,2021/22,17,3340.0,585.0
10007772,2021/22,19,385.0,20.0
10007772,2021/22,22,60.0,60.0
10007772,2021/22,23,60.0,60.0
10007772,2021/22,24,390.0,5.0
10007772,2021/22,25,1005.0,30.0
10007772,2022/23,02,2760.0,230.0
10007772,2022/23,03,720.0,90.0
10007772,2022/23,04,295.0,0.0
10007772,2022/23,05,110.0,0.0
10007772,2022/23,10,750.0,100.0
10007772,2022/23,11,1925.0,265.0
10007772,2022/23,13,780.0,140.0
10007772,2022/23,15,780.0,60.0
10007772,2022/23,16,485.0,5.0
10007772,2022/23,17,3535.0,355.0
10007772,2022/23,19,345.0,15.0
10007772,2022/23,22,50.0,95.0
10007772,2022/23,23,50.0,45.0
10007772,2022/23,24,440.0,0.0
10007772,2022/23,25,1075.0,20.0
10007772,2023/24,02,2310.0,250.0
10007772,2023/24,03,665.0,80.0
10007772,2023/24,04,315.0,0.0
10007772,2023/24,05,45.0,0.0
10007772,2023/24,10,655.0,55.0
10007772,2023/24,11,1885.0,190.0
10007772,2023/24,13,730.0,125.0
10007772,2023/24,15,670.0,60.0
10007772,2023/24,16,485.0,10.0
10007772,2023/24,17,3160.0,345.0
10007772,2023/24,19,315.0,15.0
10007772,2023/24,22,55.0,95.0
10007772,2023/24,23,35.0,30.0
10007772,2023/24,24,480.0,0.0
10007772,2023/24,25,1165.0,15.0
10007772,2024/25,02,2040.0,170.0
10007772,2024/25,03,780.0,130.0
10007772,2024/25,04,320.0,0.0
10007772,2024/25,10,595.0,70.0
10007772,2024/25,11,1980.0,135.0
10007772,2024/25,13,615.0,120.0
10007772,2024/25,15,670.0,85.0
10007772,2024/25,16,510.0,10.0
10007772,2024/25,17,2985.0,340.0
10007772,2024/25,19,295.0,10.0
10007772,2024/25,22,55.0,50.0
10007772,2024/25,23,40.0,30.0
10007772,2024/25,24,470.0,5.0
10007772,2024/25,25,1215.0,80.0
10007773,2014/15,02,5.0,4220.0
10007773,2014/15,03,15.0,3190.0
10007773,2014/15,04,0.0,15170.0
10007773,2014/15,07,40.0,2655.0
10007773,2014/15,09,10.0,5175.0
10007773,2014/15,10,15.0,5620.0
10007773,2014/15,11,15.0,7745.0
10007773,2014/15,13,5.0,0.0
10007773,2014/15,15,20.0,11910.0
10007773,2014/15,16,0.0,4875.0
10007773,2014/15,17,20.0,11775.0
10007773,2014/15,19,10.0,8505.0
10007773,2014/15,20,10.0,6170.0
10007773,2014/15,22,25.0,7265.0
10007773,2014/15,23,0.0,34665.0
10007773,2014/15,25,5.0,985.0
10007773,2014/15,26,25.0,2205.0
10007773,2015/16,02,5.0,4755.0
10007773,2015/16,03,20.0,3105.0
10007773,2015/16,04,5.0,15280.0
10007773,2015/16,07,40.0,2560.0
10007773,2015/16,09,10.0,4980.0
10007773,2015/16,10,20.0,5530.0
10007773,2015/16,11,15.0,8070.0
10007773,2015/16,13,10.0,0.0
10007773,2015/16,15,30.0,11210.0
10007773,2015/16,16,0.0,5580.0
10007773,2015/16,17,25.0,10235.0
10007773,2015/16,19,10.0,7885.0
10007773,2015/16,20,5.0,5940.0
10007773,2015/16,22,20.0,6845.0
10007773,2015/16,23,0.0,31300.0
10007773,2015/16,25,5.0,1105.0
10007773,2015/16,26,25.0,1990.0
10007773,2016/17,02,10.0,5085.0
10007773,2016/17,03,20.0,3010.0
10007773,2016/17,04,5.0,15020.0
10007773,2016/17,07,45.0,2420.0
10007773,2016/17,09,10.0,4585.0
10007773,2016/17,10,15.0,5620.0
10007773,2016/17,11,20.0,7960.0
10007773,2016/17,13,15.0,0.0
10007773,2016/17,15,40.0,10495.0
10007773,2016/17,16,0.0,5600.0
10007773,2016/17,17,30.0,9915.0
10007773,2016/17,19,10.0,7550.0
10007773,2016/17,20,20.0,5580.0
10007773,2016/17,22,25.0,7050.0
10007773,2016/17,23,0.0,27925.0
10007773,2016/17,25,5.0,1695.0
10007773,2016/17,26,30.0,1830.0
10007773,2017/18,02,180.0,5095.0
10007773,2017/18,03,15.0,3000.0
10007773,2017/18,04,5.0,15575.0
10007773,2017/18,06,5.0,0.0
10007773,2017/18,07,40.0,2225.0
10007773,2017/18,09,10.0,4405.0
10007773,2017/18,10,15.0,5710.0
10007773,2017/18,11,20.0,8795.0
10007773,2017/18,13,15.0,0.0
10007773,2017/18,15,45.0,10080.0
10007773,2017/18,16,5.0,5835.0
10007773,2017/18,17,30.0,10010.0
10007773,2017/18,19,5.0,6825.0
10007773,2017/18,20,25.0,5295.0
10007773,2017/18,22,30.0,7365.0
10007773,2017/18,23,0.0,23320.0
10007773,2017/18,25,5.0,2125.0
10007773,2017/18,26,30.0,1785.0
10007773,2018/19,02,290.0,5535.0
10007773,2018/19,03,15.0,3330.0
10007773,2018/19,04,10.0,17270.0
10007773,2018/19,07,35.0,2265.0
10007773,2018/19,09,10.0,4585.0
10007773,2018/19,10,20.0,6215.0
10007773,2018/19,11,20.0,9575.0
10007773,2018/19,13,20.0,0.0
10007773,2018/19,15,45.0,11010.0
10007773,2018/19,16,5.0,6225.0
10007773,2018/19,17,30.0,11065.0
10007773,2018/19,19,5.0,6765.0
10007773,2018/19,20,20.0,5285.0
10007773,2018/19,22,30.0,8160.0
10007773,2018/19,23,0.0,19855.0
10007773,2018/19,25,5.0,2590.0
10007773,2018/19,26,25.0,2035.0
10007773,2019/20,02,270.0,5495.0
10007773,2019/20,03,20.0,3030.0
10007773,2019/20,04,10.0,19060.0
10007773,2019/20,07,35.0,4165.0
10007773,2019/20,09,10.0,4345.0
10007773,2019/20,10,10.0,6490.0
10007773,2019/20,11,15.0,10320.0
10007773,2019/20,13,20.0,0.0
10007773,2019/20,15,40.0,14505.0
10007773,2019/20,16,5.0,6810.0
10007773,2019/20,17,25.0,12185.0
10007773,2019/20,19,5.0,6590.0
10007773,2019/20,20,15.0,5230.0
10007773,2019/20,22,20.0,6430.0
10007773,2019/20,23,0.0,20455.0
10007773,2019/20,25,5.0,855.0
10007773,2019/20,26,20.0,2925.0
10007773,2020/21,02,115.0,6505.0
10007773,2020/21,03,15.0,3880.0
10007773,2020/21,04,5.0,23450.0
10007773,2020/21,07,50.0,4455.0
10007773,2020/21,09,10.0,4785.0
10007773,2020/21,10,15.0,7080.0
10007773,2020/21,11,15.0,12430.0
10007773,2020/21,13,20.0,0.0
10007773,2020/21,15,30.0,17385.0
10007773,2020/21,16,5.0,8075.0
10007773,2020/21,17,25.0,14050.0
10007773,2020/21,19,5.0,7340.0
10007773,2020/21,20,20.0,6105.0
10007773,2020/21,22,15.0,7770.0
10007773,2020/21,23,0.0,23750.0
10007773,2020/21,25,5.0,1120.0
10007773,2020/21,26,20.0,3705.0
10007773,2021/22,02,260.0,6725.0
10007773,2021/22,03,10.0,4025.0
10007773,2021/22,04,5.0,23575.0
10007773,2021/22,07,55.0,4175.0
10007773,2021/22,09,10.0,4530.0
10007773,2021/22,10,10.0,6615.0
10007773,2021/22,11,20.0,12560.0
10007773,2021/22,13,20.0,0.0
10007773,2021/22,15,30.0,16390.0
10007773,2021/22,16,10.0,7980.0
10007773,2021/22,17,25.0,13300.0
10007773,2021/22,19,5.0,7110.0
10007773,2021/22,20,20.0,6165.0
10007773,2021/22,22,15.0,8345.0
10007773,2021/22,23,0.0,24825.0
10007773,2021/22,25,5.0,1055.0
10007773,2021/22,26,20.0,3935.0
10007773,2022/23,02,5.0,6520.0
10007773,2022/23,03,15.0,3540.0
10007773,2022/23,04,10.0,21240.0
10007773,2022/23,07,55.0,3595.0
10007773,2022/23,09,15.0,3920.0
10007773,2022/23,10,15.0,5765.0
10007773,2022/23,11,20.0,11480.0
10007773,2022/23,13,15.0,0.0
10007773,2022/23,15,35.0,14510.0
10007773,2022/23,16,10.0,7630.0
10007773,2022/23,17,25.0,11420.0
10007773,2022/23,19,10.0,6355.0
10007773,2022/23,20,25.0,5715.0
10007773,2022/23,22,20.0,7840.0
10007773,2022/23,23,0.0,25885.0
10007773,2022/23,25,5.0,985.0
10007773,2022/23,26,25.0,3520.0
10007773,2023/24,02,0.0,6380.0
10007773,2023/24,03,10.0,3375.0
10007773,2023/24,04,10.0,20605.0
10007773,2023/24,07,50.0,3470.0
10007773,2023/24,09,10.0,3715.0
10007773,2023/24,10,15.0,5550.0
10007773,2023/24,11,20.0,11540.0
10007773,2023/24,13,10.0,5.0
10007773,2023/24,15,25.0,13755.0
10007773,2023/24,16,10.0,7440.0
10007773,2023/24,17,25.0,10770.0
10007773,2023/24,19,10.0,5910.0
10007773,2023/24,20,15.0,5555.0
10007773,2023/24,22,15.0,7415.0
10007773,2023/24,23,0.0,21885.0
10007773,2023/24,25,5.0,2165.0
10007773,2023/24,26,20.0,3470.0
10007773,2024/25,02,5.0,6460.0
10007773,2024/25,03,10.0,3120.0
10007773,2024/25,04,10.0,19495.0
10007773,2024/25,07,45.0,3305.0
10007773,2024/25,09,10.0,3570.0
10007773,2024/25,10,15.0,5395.0
10007773,2024/25,11,20.0,11320.0
10007773,2024/25,13,10.0,0.0
10007773,2024/25,15,25.0,13135.0
10007773,2024/25,16,10.0,7025.0
10007773,2024/25,17,25.0,10220.0
10007773,2024/25,19,10.0,5480.0
10007773,2024/25,20,15.0,5265.0
10007773,2024/25,22,15.0,6705.0
10007773,2024/25,23,0.0,18400.0
10007773,2024/25,25,5.0,2230.0
10007773,2024/25,26,25.0,3205.0
10007774,2014/15,01,1370.0,20.0
10007774,2014/15,02,535.0,310.0
10007774,2014/15,03,1245.0,0.0
10007774,2014/15,04,320.0,55.0
10007774,2014/15,06,5.0,20.0
10007774,2014/15,07,2005.0,5.0
10007774,2014/15,09,1045.0,60.0
10007774,2014/15,10,1145.0,15.0
10007774,2014/15,11,415.0,250.0
10007774,2014/15,13,0.0,35.0
10007774,2014/15,15,2165.0,10.0
10007774,2014/15,16,1045.0,90.0
10007774,2014/15,17,480.0,530.0
10007774,2014/15,19,2680.0,130.0
10007774,2014/15,20,3185.0,400.0
10007774,2014/15,22,325.0,170.0
10007774,2014/15,23,10.0,4850.0
10007774,2014/15,24,35.0,0.0
10007774,2014/15,25,370.0,0.0
10007774,2014/15,26,665.0,0.0
10007774,2015/16,01,1445.0,15.0
10007774,2015/16,02,590.0,325.0
10007774,2015/16,03,1300.0,5.0
10007774,2015/16,04,320.0,55.0
10007774,2015/16,06,10.0,15.0
10007774,2015/16,07,2055.0,5.0
10007774,2015/16,09,1115.0,70.0
10007774,2015/16,10,1190.0,10.0
10007774,2015/16,11,445.0,255.0
10007774,2015/16,13,0.0,55.0
10007774,2015/16,15,2180.0,10.0
10007774,2015/16,16,1065.0,100.0
10007774,2015/16,17,545.0,670.0
10007774,2015/16,19,2645.0,130.0
10007774,2015/16,20,3110.0,445.0
10007774,2015/16,22,310.0,175.0
10007774,2015/16,23,0.0,3075.0
10007774,2015/16,24,30.0,0.0
10007774,2015/16,25,385.0,5.0
10007774,2015/16,26,690.0,5.0
10007774,2016/17,01,1470.0,30.0
10007774,2016/17,02,570.0,350.0
10007774,2016/17,03,1325.0,10.0
10007774,2016/17,04,320.0,60.0
10007774,2016/17,06,10.0,20.0
10007774,2016/17,07,2030.0,5.0
10007774,2016/17,09,1130.0,75.0
10007774,2016/17,10,1245.0,5.0
10007774,2016/17,11,465.0,315.0
10007774,2016/17,13,0.0,60.0
10007774,2016/17,15,2205.0,20.0
10007774,2016/17,16,1065.0,115.0
10007774,2016/17,17,520.0,745.0
10007774,2016/17,19,2585.0,140.0
10007774,2016/17,20,3120.0,535.0
10007774,2016/17,22,310.0,185.0
10007774,2016/17,23,0.0,2445.0
10007774,2016/17,24,15.0,5.0
10007774,2016/17,25,405.0,10.0
10007774,2016/17,26,715.0,5.0
10007774,2017/18,01,1380.0,40.0
10007774,2017/18,02,525.0,395.0
10007774,2017/18,03,1295.0,10.0
10007774,2017/18,04,325.0,70.0
10007774,2017/18,06,5.0,15.0
10007774,2017/18,07,2010.0,5.0
10007774,2017/18,09,1205.0,70.0
10007774,2017/18,10,1245.0,10.0
10007774,2017/18,11,495.0,315.0
10007774,2017/18,13,0.0,70.0
10007774,2017/18,15,2170.0,20.0
10007774,2017/18,16,1070.0,150.0
10007774,2017/18,17,525.0,790.0
10007774,2017/18,19,2580.0,145.0
10007774,2017/18,20,3110.0,480.0
10007774,2017/18,22,315.0,225.0
10007774,2017/18,23,0.0,2760.0
10007774,2017/18,24,20.0,10.0
10007774,2017/18,25,400.0,5.0
10007774,2017/18,26,655.0,5.0
10007774,2018/19,01,1435.0,50.0
10007774,2018/19,02,535.0,490.0
10007774,2018/19,03,1325.0,20.0
10007774,2018/19,04,340.0,5.0
10007774,2018/19,06,5.0,5.0
10007774,2018/19,07,1990.0,5.0
10007774,2018/19,09,1275.0,85.0
10007774,2018/19,10,1290.0,25.0
10007774,2018/19,11,495.0,345.0
10007774,2018/19,13,0.0,60.0
10007774,2018/19,15,2105.0,45.0
10007774,2018/19,16,1055.0,165.0
10007774,2018/19,17,470.0,805.0
10007774,2018/19,19,2595.0,175.0
10007774,2018/19,20,3095.0,520.0
10007774,2018/19,22,305.0,295.0
10007774,2018/19,23,0.0,2855.0
10007774,2018/19,24,15.0,15.0
10007774,2018/19,25,405.0,10.0
10007774,2018/19,26,655.0,15.0
10007774,2019/20,01,1430.0,45.0
10007774,2019/20,02,695.0,320.0
10007774,2019/20,03,1280.0,15.0
10007774,2019/20,04,190.0,75.0
10007774,2019/20,06,5.0,0.0
10007774,2019/20,07,2070.0,5.0
10007774,2019/20,09,1315.0,80.0
10007774,2019/20,10,1355.0,50.0
10007774,2019/20,11,510.0,310.0
10007774,2019/20,13,0.0,50.0
10007774,2019/20,15,2230.0,145.0
10007774,2019/20,16,965.0,155.0
10007774,2019/20,17,485.0,875.0
10007774,2019/20,19,2565.0,150.0
10007774,2019/20,20,3005.0,550.0
10007774,2019/20,22,310.0,360.0
10007774,2019/20,23,0.0,3210.0
10007774,2019/20,24,15.0,15.0
10007774,2019/20,25,400.0,10.0
10007774,2019/20,26,650.0,20.0
10007774,2020/21,01,1520.0,80.0
10007774,2020/21,02,765.0,320.0
10007774,2020/21,03,1255.0,30.0
10007774,2020/21,04,210.0,85.0
10007774,2020/21,06,5.0,0.0
10007774,2020/21,07,2130.0,5.0
10007774,2020/21,09,1390.0,50.0
10007774,2020/21,10,1400.0,50.0
10007774,2020/21,11,565.0,355.0
10007774,2020/21,13,0.0,55.0
10007774,2020/21,15,2360.0,135.0
10007774,2020/21,16,1145.0,150.0
10007774,2020/21,17,505.0,860.0
10007774,2020/21,19,2680.0,180.0
10007774,2020/21,20,3190.0,630.0
10007774,2020/21,22,350.0,355.0
10007774,2020/21,23,0.0,3155.0
10007774,2020/21,24,20.0,10.0
10007774,2020/21,25,410.0,10.0
10007774,2020/21,26,695.0,30.0
10007774,2021/22,01,1510.0,100.0
10007774,2021/22,02,805.0,490.0
10007774,2021/22,03,1320.0,35.0
10007774,2021/22,04,240.0,95.0
10007774,2021/22,06,10.0,0.0
10007774,2021/22,07,2100.0,10.0
10007774,2021/22,09,1360.0,20.0
10007774,2021/22,10,1430.0,50.0
10007774,2021/22,11,560.0,380.0
10007774,2021/22,13,0.0,80.0
10007774,2021/22,15,2365.0,90.0
10007774,2021/22,16,1100.0,175.0
10007774,2021/22,17,540.0,810.0
10007774,2021/22,19,2660.0,215.0
10007774,2021/22,20,3210.0,660.0
10007774,2021/22,22,330.0,360.0
10007774,2021/22,23,0.0,2990.0
10007774,2021/22,24,20.0,15.0
10007774,2021/22,25,400.0,5.0
10007774,2021/22,26,730.0,20.0
10007774,2022/23,01,1570.0,100.0
10007774,2022/23,02,830.0,485.0
10007774,2022/23,03,1355.0,30.0
10007774,2022/23,04,280.0,100.0
10007774,2022/23,06,10.0,0.0
10007774,2022/23,07,2115.0,10.0
10007774,2022/23,09,1375.0,15.0
10007774,2022/23,10,1445.0,55.0
10007774,2022/23,11,545.0,355.0
10007774,2022/23,13,0.0,65.0
10007774,2022/23,15,2365.0,100.0
10007774,2022/23,16,1155.0,185.0
10007774,2022/23,17,495.0,825.0
10007774,2022/23,19,2670.0,195.0
10007774,2022/23,20,3255.0,625.0
10007774,2022/23,22,325.0,355.0
10007774,2022/23,23,10.0,2835.0
10007774,2022/23,24,30.0,15.0
10007774,2022/23,25,410.0,5.0
10007774,2022/23,26,720.0,25.0
10007774,2023/24,01,1600.0,115.0
10007774,2023/24,02,910.0,505.0
10007774,2023/24,03,1380.0,30.0
10007774,2023/24,04,230.0,75.0
10007774,2023/24,06,5.0,0.0
10007774,2023/24,07,2105.0,15.0
10007774,2023/24,09,1430.0,15.0
10007774,2023/24,10,1445.0,60.0
10007774,2023/24,11,590.0,420.0
10007774,2023/24,13,0.0,70.0
10007774,2023/24,15,2465.0,100.0
10007774,2023/24,16,1120.0,190.0
10007774,2023/24,17,505.0,760.0
10007774,2023/24,19,2650.0,195.0
10007774,2023/24,20,3165.0,640.0
10007774,2023/24,22,340.0,260.0
10007774,2023/24,23,10.0,2550.0
10007774,2023/24,24,30.0,15.0
10007774,2023/24,25,405.0,10.0
10007774,2023/24,26,725.0,30.0
10007774,2024/25,01,1635.0,145.0
10007774,2024/25,02,935.0,440.0
10007774,2024/25,03,1360.0,25.0
10007774,2024/25,04,255.0,75.0
10007774,2024/25,06,10.0,0.0
10007774,2024/25,07,2080.0,10.0
10007774,2024/25,09,1395.0,15.0
10007774,2024/25,10,1465.0,65.0
10007774,2024/25,11,580.0,375.0
10007774,2024/25,13,0.0,75.0
10007774,2024/25,15,2395.0,110.0
10007774,2024/25,16,1075.0,195.0
10007774,2024/25,17,520.0,705.0
10007774,2024/25,19,2515.0,215.0
10007774,2024/25,20,3060.0,665.0
10007774,2024/25,22,325.0,305.0
10007774,2024/25,23,10.0,1975.0
10007774,2024/25,24,35.0,10.0
10007774,2024/25,25,420.0,5.0
10007774,2024/25,26,695.0,35.0
10007775,2014/15,01,2490.0,390.0
10007775,2014/15,02,160.0,20.0
10007775,2014/15,03,1090.0,5.0
10007775,2014/15,04,220.0,5.0
10007775,2014/15,07,820.0,25.0
10007775,2014/15,09,725.0,15.0
10007775,2014/15,10,1520.0,15.0
10007775,2014/15,11,685.0,20.0
10007775,2014/15,15,1310.0,30.0
10007775,2014/15,16,1475.0,240.0
10007775,2014/15,17,1950.0,175.0
10007775,2014/15,19,1185.0,50.0
10007775,2014/15,20,495.0,30.0
10007775,2014/15,22,5.0,0.0
10007775,2014/15,24,165.0,5.0
10007775,2014/15,25,205.0,15.0
10007775,2014/15,26,415.0,15.0
10007775,2015/16,01,2430.0,420.0
10007775,2015/16,02,190.0,20.0
10007775,2015/16,03,1175.0,35.0
10007775,2015/16,04,240.0,0.0
10007775,2015/16,07,900.0,10.0
10007775,2015/16,09,805.0,15.0
10007775,2015/16,10,1510.0,10.0
10007775,2015/16,11,850.0,25.0
10007775,2015/16,15,1515.0,40.0
10007775,2015/16,16,1470.0,260.0
10007775,2015/16,17,2100.0,245.0
10007775,2015/16,19,1285.0,40.0
10007775,2015/16,20,630.0,30.0
10007775,2015/16,22,5.0,0.0
10007775,2015/16,24,180.0,10.0
10007775,2015/16,25,245.0,10.0
10007775,2015/16,26,435.0,10.0
10007775,2016/17,01,2490.0,470.0
10007775,2016/17,02,325.0,25.0
10007775,2016/17,03,1305.0,75.0
10007775,2016/17,04,275.0,0.0
10007775,2016/17,07,960.0,15.0
10007775,2016/17,09,895.0,10.0
10007775,2016/17,10,1595.0,15.0
10007775,2016/17,11,990.0,35.0
10007775,2016/17,15,1645.0,40.0
10007775,2016/17,16,1620.0,240.0
10007775,2016/17,17,2460.0,245.0
10007775,2016/17,19,1440.0,35.0
10007775,2016/17,20,700.0,30.0
10007775,2016/17,22,5.0,40.0
10007775,2016/17,24,195.0,5.0
10007775,2016/17,25,230.0,10.0
10007775,2016/17,26,460.0,10.0
10007775,2017/18,01,2585.0,550.0
10007775,2017/18,02,380.0,25.0
10007775,2017/18,03,1275.0,60.0
10007775,2017/18,04,300.0,5.0
10007775,2017/18,07,930.0,15.0
10007775,2017/18,09,920.0,10.0
10007775,2017/18,10,1540.0,20.0
10007775,2017/18,11,1085.0,45.0
10007775,2017/18,15,1790.0,45.0
10007775,2017/18,16,1765.0,265.0
10007775,2017/18,17,2975.0,195.0
10007775,2017/18,19,1470.0,40.0
10007775,2017/18,20,710.0,30.0
10007775,2017/18,22,5.0,85.0
10007775,2017/18,24,200.0,5.0
10007775,2017/18,25,220.0,15.0
10007775,2017/18,26,505.0,10.0
10007775,2018/19,01,2700.0,555.0
10007775,2018/19,02,385.0,30.0
10007775,2018/19,03,1280.0,50.0
10007775,2018/19,04,325.0,5.0
10007775,2018/19,07,820.0,5.0
10007775,2018/19,09,1035.0,10.0
10007775,2018/19,10,1560.0,15.0
10007775,2018/19,11,1240.0,55.0
10007775,2018/19,15,1855.0,60.0
10007775,2018/19,16,1740.0,280.0
10007775,2018/19,17,3070.0,180.0
10007775,2018/19,19,1410.0,30.0
10007775,2018/19,20,785.0,20.0
10007775,2018/19,22,5.0,90.0
10007775,2018/19,24,205.0,0.0
10007775,2018/19,25,215.0,10.0
10007775,2018/19,26,515.0,5.0
10007775,2019/20,01,3040.0,705.0
10007775,2019/20,02,790.0,20.0
10007775,2019/20,03,825.0,35.0
10007775,2019/20,04,330.0,0.0
10007775,2019/20,07,780.0,10.0
10007775,2019/20,09,1055.0,15.0
10007775,2019/20,10,1630.0,15.0
10007775,2019/20,11,1325.0,85.0
10007775,2019/20,15,2985.0,105.0
10007775,2019/20,16,1700.0,335.0
10007775,2019/20,17,2430.0,20.0
10007775,2019/20,19,1345.0,25.0
10007775,2019/20,20,820.0,15.0
10007775,2019/20,22,15.0,160.0
10007775,2019/20,23,25.0,0.0
10007775,2019/20,24,230.0,5.0
10007775,2019/20,25,215.0,10.0
10007775,2019/20,26,545.0,15.0
10007775,2020/21,01,3300.0,845.0
10007775,2020/21,02,910.0,15.0
10007775,2020/21,03,830.0,35.0
10007775,2020/21,04,410.0,0.0
10007775,2020/21,07,790.0,15.0
10007775,2020/21,09,1140.0,30.0
10007775,2020/21,10,1820.0,20.0
10007775,2020/21,11,1790.0,115.0
10007775,2020/21,15,3210.0,245.0
10007775,2020/21,16,1725.0,285.0
10007775,2020/21,17,2810.0,25.0
10007775,2020/21,19,1335.0,30.0
10007775,2020/21,20,855.0,25.0
10007775,2020/21,22,15.0,220.0
10007775,2020/21,23,15.0,0.0
10007775,2020/21,24,250.0,5.0
10007775,2020/21,25,185.0,10.0
10007775,2020/21,26,555.0,20.0
10007775,2021/22,01,3510.0,830.0
10007775,2021/22,02,1010.0,15.0
10007775,2021/22,03,955.0,35.0
10007775,2021/22,04,510.0,0.0
10007775,2021/22,07,790.0,15.0
10007775,2021/22,09,1160.0,30.0
10007775,2021/22,10,2050.0,25.0
10007775,2021/22,11,2030.0,90.0
10007775,2021/22,15,3425.0,400.0
10007775,2021/22,16,1995.0,255.0
10007775,2021/22,17,3595.0,30.0
10007775,2021/22,19,1235.0,20.0
10007775,2021/22,20,810.0,20.0
10007775,2021/22,22,15.0,205.0
10007775,2021/22,23,25.0,0.0
10007775,2021/22,24,225.0,5.0
10007775,2021/22,25,180.0,10.0
10007775,2021/22,26,510.0,20.0
10007775,2022/23,01,3590.0,840.0
10007775,2022/23,02,1060.0,20.0
10007775,2022/23,03,1005.0,35.0
10007775,2022/23,04,625.0,0.0
10007775,2022/23,07,830.0,20.0
10007775,2022/23,09,1240.0,20.0
10007775,2022/23,10,2120.0,20.0
10007775,2022/23,11,2165.0,90.0
10007775,2022/23,15,3385.0,295.0
10007775,2022/23,16,2070.0,250.0
10007775,2022/23,17,3825.0,35.0
10007775,2022/23,19,1165.0,30.0
10007775,2022/23,20,745.0,25.0
10007775,2022/23,22,15.0,250.0
10007775,2022/23,23,40.0,0.0
10007775,2022/23,24,220.0,5.0
10007775,2022/23,25,170.0,10.0
10007775,2022/23,26,465.0,20.0
10007775,2023/24,01,3605.0,700.0
10007775,2023/24,02,1220.0,100.0
10007775,2023/24,03,1000.0,65.0
10007775,2023/24,04,660.0,15.0
10007775,2023/24,07,820.0,15.0
10007775,2023/24,09,1390.0,25.0
10007775,2023/24,10,2060.0,15.0
10007775,2023/24,11,2220.0,85.0
10007775,2023/24,15,3010.0,285.0
10007775,2023/24,16,1930.0,190.0
10007775,2023/24,17,3805.0,35.0
10007775,2023/24,19,970.0,30.0
10007775,2023/24,20,595.0,25.0
10007775,2023/24,22,5.0,450.0
10007775,2023/24,23,50.0,0.0
10007775,2023/24,24,170.0,5.0
10007775,2023/24,25,150.0,15.0
10007775,2023/24,26,360.0,5.0
10007775,2024/25,01,3535.0,675.0
10007775,2024/25,02,1160.0,40.0
10007775,2024/25,03,995.0,80.0
10007775,2024/25,04,675.0,15.0
10007775,2024/25,07,765.0,15.0
10007775,2024/25,09,1260.0,30.0
10007775,2024/25,10,2000.0,15.0
10007775,2024/25,11,1990.0,140.0
10007775,2024/25,15,2965.0,320.0
10007775,2024/25,16,1775.0,190.0
10007775,2024/25,17,3575.0,40.0
10007775,2024/25,19,760.0,30.0
10007775,2024/25,20,500.0,25.0
10007775,2024/25,22,20.0,405.0
10007775,2024/25,23,60.0,0.0
10007775,2024/25,24,140.0,5.0
10007775,2024/25,25,120.0,15.0
10007775,2024/25,26,300.0,5.0
10007776,2014/15,02,205.0,105.0
10007776,2014/15,03,700.0,40.0
10007776,2014/15,04,820.0,225.0
10007776,2014/15,07,15.0,0.0
10007776,2014/15,09,35.0,0.0
10007776,2014/15,15,450.0,20.0
10007776,2014/15,17,885.0,50.0
10007776,2014/15,19,630.0,115.0
10007776,2014/15,20,530.0,40.0
10007776,2014/15,22,1450.0,230.0
10007776,2014/15,24,250.0,5.0
10007776,2014/15,25,755.0,75.0
10007776,2014/15,26,20.0,0.0
10007776,2015/16,02,265.0,110.0
10007776,2015/16,03,775.0,40.0
10007776,2015/16,04,795.0,215.0
10007776,2015/16,07,5.0,0.0
10007776,2015/16,09,20.0,0.0
10007776,2015/16,11,0.0,5.0
10007776,2015/16,15,450.0,15.0
10007776,2015/16,16,35.0,0.0
10007776,2015/16,17,2075.0,35.0
10007776,2015/16,19,585.0,115.0
10007776,2015/16,20,510.0,45.0
10007776,2015/16,22,1505.0,185.0
10007776,2015/16,24,305.0,5.0
10007776,2015/16,25,815.0,90.0
10007776,2015/16,26,10.0,0.0
10007776,2016/17,02,305.0,120.0
10007776,2016/17,03,825.0,55.0
10007776,2016/17,04,780.0,220.0
10007776,2016/17,07,5.0,0.0
10007776,2016/17,09,10.0,0.0
10007776,2016/17,11,305.0,5.0
10007776,2016/17,15,510.0,25.0
10007776,2016/17,16,100.0,0.0
10007776,2016/17,17,3175.0,110.0
10007776,2016/17,19,545.0,135.0
10007776,2016/17,20,500.0,75.0
10007776,2016/17,22,1425.0,205.0
10007776,2016/17,24,325.0,10.0
10007776,2016/17,25,820.0,80.0
10007776,2016/17,26,5.0,0.0
10007776,2017/18,02,440.0,105.0
10007776,2017/18,03,900.0,65.0
10007776,2017/18,04,805.0,220.0
10007776,2017/18,11,530.0,20.0
10007776,2017/18,15,570.0,40.0
10007776,2017/18,16,145.0,10.0
10007776,2017/18,17,4080.0,200.0
10007776,2017/18,19,520.0,160.0
10007776,2017/18,20,470.0,105.0
10007776,2017/18,22,1475.0,225.0
10007776,2017/18,24,355.0,15.0
10007776,2017/18,25,750.0,70.0
10007776,2018/19,02,425.0,145.0
10007776,2018/19,03,730.0,60.0
10007776,2018/19,04,890.0,255.0
10007776,2018/19,11,800.0,20.0
10007776,2018/19,15,575.0,50.0
10007776,2018/19,16,205.0,5.0
10007776,2018/19,17,4525.0,225.0
10007776,2018/19,19,440.0,145.0
10007776,2018/19,20,485.0,110.0
10007776,2018/19,22,1305.0,200.0
10007776,2018/19,24,330.0,20.0
10007776,2018/19,25,655.0,60.0
10007776,2019/20,02,720.0,360.0
10007776,2019/20,03,580.0,50.0
10007776,2019/20,04,815.0,75.0
10007776,2019/20,10,15.0,5.0
10007776,2019/20,11,805.0,45.0
10007776,2019/20,15,955.0,95.0
10007776,2019/20,16,265.0,10.0
10007776,2019/20,17,4105.0,210.0
10007776,2019/20,19,365.0,120.0
10007776,2019/20,20,440.0,135.0
10007776,2019/20,22,995.0,200.0
10007776,2019/20,23,115.0,10.0
10007776,2019/20,24,500.0,35.0
10007776,2019/20,25,425.0,35.0
10007776,2020/21,02,960.0,375.0
10007776,2020/21,03,565.0,35.0
10007776,2020/21,04,800.0,110.0
10007776,2020/21,10,15.0,5.0
10007776,2020/21,11,865.0,25.0
10007776,2020/21,15,985.0,70.0
10007776,2020/21,16,330.0,5.0
10007776,2020/21,17,3830.0,90.0
10007776,2020/21,19,315.0,95.0
10007776,2020/21,20,415.0,120.0
10007776,2020/21,22,1180.0,185.0
10007776,2020/21,23,115.0,15.0
10007776,2020/21,24,480.0,15.0
10007776,2020/21,25,405.0,25.0
10007776,2021/22,02,1140.0,355.0
10007776,2021/22,03,530.0,35.0
10007776,2021/22,04,710.0,135.0
10007776,2021/22,11,695.0,30.0
10007776,2021/22,15,840.0,50.0
10007776,2021/22,16,425.0,10.0
10007776,2021/22,17,4300.0,115.0
10007776,2021/22,19,285.0,105.0
10007776,2021/22,20,320.0,105.0
10007776,2021/22,22,1125.0,165.0
10007776,2021/22,23,45.0,15.0
10007776,2021/22,24,410.0,20.0
10007776,2021/22,25,345.0,25.0
10007776,2022/23,02,1265.0,330.0
10007776,2022/23,03,385.0,30.0
10007776,2022/23,04,625.0,160.0
10007776,2022/23,09,75.0,0.0
10007776,2022/23,10,145.0,0.0
10007776,2022/23,11,610.0,15.0
10007776,2022/23,15,670.0,45.0
10007776,2022/23,16,445.0,10.0
10007776,2022/23,17,5305.0,175.0
10007776,2022/23,19,220.0,75.0
10007776,2022/23,20,265.0,110.0
10007776,2022/23,22,930.0,165.0
10007776,2022/23,23,50.0,10.0
10007776,2022/23,24,315.0,15.0
10007776,2022/23,25,335.0,25.0
10007776,2023/24,02,1445.0,300.0
10007776,2023/24,03,345.0,10.0
10007776,2023/24,04,675.0,175.0
10007776,2023/24,09,150.0,0.0
10007776,2023/24,10,170.0,0.0
10007776,2023/24,11,730.0,10.0
10007776,2023/24,15,690.0,25.0
10007776,2023/24,16,515.0,0.0
10007776,2023/24,17,4580.0,35.0
10007776,2023/24,19,145.0,60.0
10007776,2023/24,20,235.0,90.0
10007776,2023/24,22,885.0,145.0
10007776,2023/24,23,55.0,5.0
10007776,2023/24,24,245.0,5.0
10007776,2023/24,25,310.0,15.0
10007776,2024/25,02,1525.0,285.0
10007776,2024/25,03,270.0,30.0
10007776,2024/25,04,695.0,145.0
10007776,2024/25,09,170.0,0.0
10007776,2024/25,10,170.0,10.0
10007776,2024/25,11,960.0,10.0
10007776,2024/25,13,40.0,0.0
10007776,2024/25,15,790.0,40.0
10007776,2024/25,16,450.0,15.0
10007776,2024/25,17,4295.0,105.0
10007776,2024/25,19,95.0,50.0
10007776,2024/25,20,195.0,80.0
10007776,2024/25,22,840.0,80.0
10007776,2024/25,23,85.0,5.0
10007776,2024/25,24,170.0,0.0
10007776,2024/25,25,340.0,15.0
10007777,2014/15,13,115.0,0.0
10007777,2014/15,20,65.0,5.0
10007777,2014/15,23,5.0,10.0
10007777,2014/15,25,1165.0,70.0
10007777,2015/16,13,115.0,5.0
10007777,2015/16,20,60.0,5.0
10007777,2015/16,23,5.0,10.0
10007777,2015/16,25,1320.0,85.0
10007777,2016/17,13,120.0,0.0
10007777,2016/17,20,75.0,5.0
10007777,2016/17,23,10.0,10.0
10007777,2016/17,25,1550.0,85.0
10007777,2017/18,13,165.0,5.0
10007777,2017/18,20,85.0,0.0
10007777,2017/18,23,5.0,5.0
10007777,2017/18,25,1785.0,100.0
10007777,2018/19,13,210.0,5.0
10007777,2018/19,20,80.0,0.0
10007777,2018/19,23,5.0,5.0
10007777,2018/19,25,2005.0,85.0
10007777,2019/20,13,250.0,5.0
10007777,2019/20,20,65.0,0.0
10007777,2019/20,23,0.0,5.0
10007777,2019/20,25,2235.0,80.0
10007777,2020/21,13,170.0,5.0
10007777,2020/21,20,65.0,5.0
10007777,2020/21,25,2375.0,105.0
10007777,2021/22,13,180.0,5.0
10007777,2021/22,20,70.0,5.0
10007777,2021/22,25,2220.0,100.0
10007777,2022/23,13,185.0,0.0
10007777,2022/23,20,50.0,15.0
10007777,2022/23,25,2615.0,115.0
10007777,2023/24,13,190.0,5.0
10007777,2023/24,20,30.0,10.0
10007777,2023/24,22,10.0,5.0
10007777,2023/24,25,2505.0,90.0
10007777,2024/25,13,190.0,0.0
10007777,2024/25,20,25.0,10.0
10007777,2024/25,22,10.0,10.0
10007777,2024/25,25,2205.0,100.0
10007778,2014/15,04,5.0,5.0
10007778,2014/15,25,770.0,25.0
10007778,2015/16,04,5.0,10.0
10007778,2015/16,25,755.0,40.0
10007778,2016/17,04,15.0,15.0
10007778,2016/17,25,755.0,30.0
10007778,2017/18,04,15.0,10.0
10007778,2017/18,25,790.0,25.0
10007778,2018/19,04,10.0,10.0
10007778,2018/19,25,765.0,40.0
10007778,2019/20,04,10.0,10.0
10007778,2019/20,25,830.0,40.0
10007778,2020/21,04,10.0,10.0
10007778,2020/21,25,860.0,45.0
10007778,2021/22,04,15.0,10.0
10007778,2021/22,25,905.0,65.0
10007778,2022/23,04,10.0,20.0
10007778,2022/23,25,860.0,50.0
10007778,2023/24,04,10.0,15.0
10007778,2023/24,25,900.0,45.0
10007778,2024/25,04,5.0,5.0
10007778,2024/25,25,930.0,60.0
10007779,2014/15,03,10.0,0.0
10007779,2014/15,05,1565.0,300.0
10007779,2014/15,06,220.0,0.0
10007779,2014/15,22,0.0,50.0
10007779,2015/16,03,55.0,0.0
10007779,2015/16,05,1620.0,330.0
10007779,2015/16,06,250.0,0.0
10007779,2015/16,22,0.0,35.0
10007779,2016/17,03,100.0,0.0
10007779,2016/17,05,1700.0,265.0
10007779,2016/17,06,250.0,0.0
10007779,2016/17,22,0.0,40.0
10007779,2016/17,23,0.0,15.0
10007779,2017/18,03,125.0,15.0
10007779,2017/18,05,1795.0,280.0
10007779,2017/18,06,260.0,0.0
10007779,2017/18,22,0.0,60.0
10007779,2017/18,23,0.0,10.0
10007779,2018/19,03,155.0,10.0
10007779,2018/19,05,1820.0,215.0
10007779,2018/19,06,250.0,0.0
10007779,2018/19,22,0.0,60.0
10007779,2018/19,23,0.0,15.0
10007779,2019/20,03,240.0,20.0
10007779,2019/20,05,1810.0,195.0
10007779,2019/20,06,195.0,0.0
10007779,2019/20,22,0.0,50.0
10007779,2020/21,03,265.0,15.0
10007779,2020/21,05,1840.0,185.0
10007779,2020/21,06,185.0,0.0
10007779,2020/21,22,0.0,50.0
10007779,2020/21,23,0.0,30.0
10007779,2021/22,03,215.0,10.0
10007779,2021/22,05,1905.0,185.0
10007779,2021/22,06,195.0,0.0
10007779,2021/22,22,0.0,40.0
10007779,2021/22,23,0.0,35.0
10007779,2022/23,03,200.0,10.0
10007779,2022/23,05,1900.0,160.0
10007779,2022/23,06,195.0,0.0
10007779,2022/23,22,0.0,40.0
10007779,2022/23,23,0.0,40.0
10007779,2023/24,03,195.0,10.0
10007779,2023/24,05,1925.0,170.0
10007779,2023/24,06,205.0,0.0
10007779,2023/24,22,0.0,55.0
10007779,2023/24,23,0.0,40.0
10007779,2024/25,03,190.0,10.0
10007779,2024/25,05,1910.0,180.0
10007779,2024/25,06,205.0,0.0
10007779,2024/25,22,0.0,50.0
10007779,2024/25,23,0.0,30.0
10007780,2014/15,06,0.0,5.0
10007780,2014/15,15,1755.0,475.0
10007780,2014/15,16,620.0,65.0
10007780,2014/15,17,300.0,95.0
10007780,2014/15,19,1280.0,160.0
10007780,2014/15,20,635.0,140.0
10007780,2014/15,22,15.0,0.0
10007780,2014/15,23,125.0,0.0
10007780,2014/15,24,70.0,20.0
10007780,2014/15,25,65.0,45.0
10007780,2014/15,26,35.0,10.0
10007780,2015/16,06,0.0,25.0
10007780,2015/16,15,1840.0,685.0
10007780,2015/16,16,555.0,65.0
10007780,2015/16,17,295.0,95.0
10007780,2015/16,19,1260.0,160.0
10007780,2015/16,20,615.0,125.0
10007780,2015/16,22,15.0,0.0
10007780,2015/16,23,125.0,0.0
10007780,2015/16,24,70.0,15.0
10007780,2015/16,25,80.0,35.0
10007780,2015/16,26,20.0,5.0
10007780,2016/17,06,0.0,30.0
10007780,2016/17,15,1965.0,685.0
10007780,2016/17,16,575.0,75.0
10007780,2016/17,17,305.0,95.0
10007780,2016/17,19,1315.0,140.0
10007780,2016/17,20,715.0,85.0
10007780,2016/17,22,15.0,0.0
10007780,2016/17,23,135.0,0.0
10007780,2016/17,24,75.0,15.0
10007780,2016/17,25,85.0,30.0
10007780,2016/17,26,20.0,5.0
10007780,2017/18,06,0.0,25.0
10007780,2017/18,15,1960.0,620.0
10007780,2017/18,16,605.0,70.0
10007780,2017/18,17,290.0,95.0
10007780,2017/18,19,1205.0,150.0
10007780,2017/18,20,760.0,130.0
10007780,2017/18,22,5.0,0.0
10007780,2017/18,23,130.0,0.0
10007780,2017/18,24,85.0,15.0
10007780,2017/18,25,75.0,30.0
10007780,2017/18,26,15.0,0.0
10007780,2018/19,06,0.0,20.0
10007780,2018/19,15,1865.0,665.0
10007780,2018/19,16,535.0,45.0
10007780,2018/19,17,250.0,100.0
10007780,2018/19,19,1075.0,145.0
10007780,2018/19,20,645.0,160.0
10007780,2018/19,22,10.0,0.0
10007780,2018/19,23,45.0,25.0
10007780,2018/19,24,85.0,20.0
10007780,2018/19,25,65.0,30.0
10007780,2018/19,26,10.0,0.0
10007780,2019/20,09,0.0,10.0
10007780,2019/20,15,1760.0,715.0
10007780,2019/20,16,495.0,50.0
10007780,2019/20,17,255.0,105.0
10007780,2019/20,19,1020.0,115.0
10007780,2019/20,20,575.0,150.0
10007780,2019/20,23,355.0,5.0
10007780,2019/20,24,70.0,20.0
10007780,2019/20,25,60.0,20.0
10007780,2019/20,26,5.0,15.0
10007780,2020/21,09,0.0,10.0
10007780,2020/21,15,1735.0,805.0
10007780,2020/21,16,600.0,60.0
10007780,2020/21,17,335.0,120.0
10007780,2020/21,19,890.0,110.0
10007780,2020/21,20,460.0,145.0
10007780,2020/21,23,390.0,50.0
10007780,2020/21,24,45.0,30.0
10007780,2020/21,25,55.0,20.0
10007780,2020/21,26,0.0,10.0
10007780,2021/22,09,0.0,10.0
10007780,2021/22,15,1920.0,775.0
10007780,2021/22,16,780.0,60.0
10007780,2021/22,17,440.0,95.0
10007780,2021/22,19,935.0,110.0
10007780,2021/22,20,475.0,145.0
10007780,2021/22,23,380.0,20.0
10007780,2021/22,24,45.0,30.0
10007780,2021/22,25,50.0,20.0
10007780,2021/22,26,0.0,5.0
10007780,2022/23,09,0.0,10.0
10007780,2022/23,15,1990.0,540.0
10007780,2022/23,16,960.0,45.0
10007780,2022/23,17,470.0,65.0
10007780,2022/23,19,830.0,80.0
10007780,2022/23,20,500.0,110.0
10007780,2022/23,23,340.0,0.0
10007780,2022/23,24,50.0,15.0
10007780,2022/23,25,60.0,15.0
10007780,2023/24,09,0.0,5.0
10007780,2023/24,15,2185.0,440.0
10007780,2023/24,16,1060.0,50.0
10007780,2023/24,17,535.0,50.0
10007780,2023/24,19,765.0,85.0
10007780,2023/24,20,510.0,90.0
10007780,2023/24,23,380.0,10.0
10007780,2023/24,24,55.0,5.0
10007780,2023/24,25,50.0,15.0
10007780,2024/25,15,2275.0,375.0
10007780,2024/25,16,1120.0,65.0
10007780,2024/25,17,585.0,45.0
10007780,2024/25,19,720.0,90.0
10007780,2024/25,20,605.0,80.0
10007780,2024/25,23,340.0,5.0
10007780,2024/25,24,35.0,10.0
10007780,2024/25,25,50.0,10.0
10007782,2014/15,01,1345.0,20.0
10007782,2014/15,02,1445.0,2650.0
10007782,2014/15,03,25.0,30.0
10007782,2015/16,01,1360.0,25.0
10007782,2015/16,02,1460.0,3030.0
10007782,2015/16,03,10.0,45.0
10007782,2016/17,01,1360.0,40.0
10007782,2016/17,02,1615.0,1705.0
10007782,2016/17,03,25.0,115.0
10007782,2017/18,01,1350.0,45.0
10007782,2017/18,02,1820.0,1570.0
10007782,2017/18,03,40.0,95.0
10007782,2017/18,15,10.0,0.0
10007782,2018/19,01,1360.0,30.0
10007782,2018/19,02,1945.0,1160.0
10007782,2018/19,03,35.0,85.0
10007782,2018/19,15,20.0,5.0
10007782,2018/19,22,0.0,45.0
10007782,2019/20,01,1330.0,30.0
10007782,2019/20,02,1950.0,755.0
10007782,2019/20,03,50.0,65.0
10007782,2019/20,15,25.0,25.0
10007782,2019/20,22,0.0,65.0
10007782,2019/20,23,0.0,30.0
10007782,2019/20,25,0.0,5.0
10007782,2020/21,01,1365.0,35.0
10007782,2020/21,02,2070.0,1375.0
10007782,2020/21,03,50.0,75.0
10007782,2020/21,15,30.0,100.0
10007782,2020/21,22,0.0,45.0
10007782,2020/21,23,5.0,30.0
10007782,2021/22,01,1390.0,40.0
10007782,2021/22,02,2020.0,990.0
10007782,2021/22,03,50.0,90.0
10007782,2021/22,15,20.0,150.0
10007782,2021/22,22,0.0,40.0
10007782,2021/22,23,0.0,30.0
10007782,2022/23,01,1365.0,60.0
10007782,2022/23,02,1880.0,220.0
10007782,2022/23,03,40.0,95.0
10007782,2022/23,15,15.0,170.0
10007782,2022/23,22,0.0,50.0
10007782,2022/23,23,0.0,20.0
10007782,2022/23,25,0.0,5.0
10007782,2023/24,01,1400.0,55.0
10007782,2023/24,02,1825.0,145.0
10007782,2023/24,03,55.0,85.0
10007782,2023/24,15,15.0,190.0
10007782,2023/24,22,0.0,45.0
10007782,2023/24,23,0.0,30.0
10007782,2023/24,25,0.0,10.0
10007783,2014/15,01,1080.0,35.0
10007783,2014/15,02,520.0,125.0
10007783,2014/15,03,1015.0,60.0
10007783,2014/15,04,575.0,5.0
10007783,2014/15,06,20.0,0.0
10007783,2014/15,07,395.0,45.0
10007783,2014/15,09,100.0,35.0
10007783,2014/15,10,1215.0,245.0
10007783,2014/15,11,210.0,15.0
10007783,2014/15,13,40.0,0.0
10007783,2014/15,15,1365.0,30.0
10007783,2014/15,16,1065.0,35.0
10007783,2014/15,17,765.0,40.0
10007783,2014/15,19,785.0,20.0
10007783,2014/15,20,710.0,140.0
10007783,2014/15,22,785.0,1245.0
10007783,2014/15,23,10.0,120.0
10007783,2014/15,24,5.0,0.0
10007783,2014/15,25,245.0,15.0
10007783,2014/15,26,905.0,20.0
10007783,2015/16,01,1050.0,30.0
10007783,2015/16,02,535.0,120.0
10007783,2015/16,03,1045.0,35.0
10007783,2015/16,04,605.0,10.0
10007783,2015/16,06,30.0,5.0
10007783,2015/16,07,380.0,35.0
10007783,2015/16,09,90.0,20.0
10007783,2015/16,10,1380.0,190.0
10007783,2015/16,11,200.0,10.0
10007783,2015/16,13,35.0,0.0
10007783,2015/16,15,1345.0,30.0
10007783,2015/16,16,1055.0,30.0
10007783,2015/16,17,775.0,25.0
10007783,2015/16,19,765.0,20.0
10007783,2015/16,20,695.0,140.0
10007783,2015/16,22,840.0,1125.0
10007783,2015/16,23,5.0,125.0
10007783,2015/16,24,5.0,0.0
10007783,2015/16,25,240.0,5.0
10007783,2015/16,26,960.0,30.0
10007783,2016/17,01,1060.0,45.0
10007783,2016/17,02,570.0,205.0
10007783,2016/17,03,1080.0,30.0
10007783,2016/17,04,695.0,5.0
10007783,2016/17,06,30.0,0.0
10007783,2016/17,07,375.0,25.0
10007783,2016/17,09,100.0,5.0
10007783,2016/17,10,1425.0,155.0
10007783,2016/17,11,190.0,20.0
10007783,2016/17,13,40.0,5.0
10007783,2016/17,15,1390.0,40.0
10007783,2016/17,16,1025.0,70.0
10007783,2016/17,17,820.0,40.0
10007783,2016/17,19,760.0,20.0
10007783,2016/17,20,700.0,150.0
10007783,2016/17,22,865.0,985.0
10007783,2016/17,23,5.0,40.0
10007783,2016/17,24,10.0,0.0
10007783,2016/17,25,240.0,10.0
10007783,2016/17,26,890.0,25.0
10007783,2017/18,01,1055.0,60.0
10007783,2017/18,02,620.0,245.0
10007783,2017/18,03,1080.0,30.0
10007783,2017/18,04,780.0,5.0
10007783,2017/18,06,30.0,0.0
10007783,2017/18,07,380.0,40.0
10007783,2017/18,09,105.0,5.0
10007783,2017/18,10,1355.0,195.0
10007783,2017/18,11,220.0,20.0
10007783,2017/18,13,50.0,5.0
10007783,2017/18,15,1440.0,30.0
10007783,2017/18,16,970.0,55.0
10007783,2017/18,17,975.0,95.0
10007783,2017/18,19,755.0,20.0
10007783,2017/18,20,685.0,125.0
10007783,2017/18,22,860.0,965.0
10007783,2017/18,23,5.0,5.0
10007783,2017/18,24,20.0,5.0
10007783,2017/18,25,255.0,10.0
10007783,2017/18,26,795.0,25.0
10007783,2018/19,01,1105.0,75.0
10007783,2018/19,02,625.0,285.0
10007783,2018/19,03,1080.0,20.0
10007783,2018/19,04,810.0,25.0
10007783,2018/19,06,25.0,0.0
10007783,2018/19,07,385.0,30.0
10007783,2018/19,09,120.0,5.0
10007783,2018/19,10,1300.0,185.0
10007783,2018/19,11,255.0,30.0
10007783,2018/19,13,60.0,5.0
10007783,2018/19,15,1395.0,30.0
10007783,2018/19,16,1070.0,50.0
10007783,2018/19,17,1225.0,155.0
10007783,2018/19,19,760.0,35.0
10007783,2018/19,20,695.0,135.0
10007783,2018/19,22,875.0,915.0
10007783,2018/19,23,5.0,10.0
10007783,2018/19,24,35.0,0.0
10007783,2018/19,25,240.0,10.0
10007783,2018/19,26,690.0,30.0
10007783,2019/20,01,1240.0,105.0
10007783,2019/20,02,460.0,240.0
10007783,2019/20,03,1085.0,25.0
10007783,2019/20,04,800.0,25.0
10007783,2019/20,06,20.0,0.0
10007783,2019/20,07,365.0,25.0
10007783,2019/20,09,130.0,5.0
10007783,2019/20,10,1230.0,185.0
10007783,2019/20,11,270.0,30.0
10007783,2019/20,13,60.0,5.0
10007783,2019/20,15,1400.0,80.0
10007783,2019/20,16,1165.0,40.0
10007783,2019/20,17,1350.0,180.0
10007783,2019/20,19,685.0,25.0
10007783,2019/20,20,675.0,120.0
10007783,2019/20,22,925.0,925.0
10007783,2019/20,23,5.0,425.0
10007783,2019/20,24,50.0,0.0
10007783,2019/20,25,235.0,10.0
10007783,2019/20,26,565.0,25.0
10007783,2020/21,01,1300.0,130.0
10007783,2020/21,02,415.0,265.0
10007783,2020/21,03,1060.0,30.0
10007783,2020/21,04,775.0,10.0
10007783,2020/21,06,20.0,5.0
10007783,2020/21,07,375.0,35.0
10007783,2020/21,09,140.0,5.0
10007783,2020/21,10,1190.0,215.0
10007783,2020/21,11,325.0,20.0
10007783,2020/21,13,55.0,0.0
10007783,2020/21,15,1235.0,85.0
10007783,2020/21,16,1215.0,30.0
10007783,2020/21,17,1470.0,180.0
10007783,2020/21,19,635.0,25.0
10007783,2020/21,20,650.0,160.0
10007783,2020/21,22,975.0,940.0
10007783,2020/21,23,0.0,1340.0
10007783,2020/21,24,50.0,0.0
10007783,2020/21,25,220.0,15.0
10007783,2020/21,26,470.0,30.0
10007783,2021/22,01,1325.0,155.0
10007783,2021/22,02,545.0,330.0
10007783,2021/22,03,1135.0,25.0
10007783,2021/22,04,800.0,20.0
10007783,2021/22,06,10.0,0.0
10007783,2021/22,07,425.0,45.0
10007783,2021/22,09,130.0,0.0
10007783,2021/22,10,1060.0,220.0
10007783,2021/22,11,385.0,20.0
10007783,2021/22,13,50.0,5.0
10007783,2021/22,15,1260.0,80.0
10007783,2021/22,16,1280.0,30.0
10007783,2021/22,17,1590.0,165.0
10007783,2021/22,19,635.0,20.0
10007783,2021/22,20,695.0,160.0
10007783,2021/22,22,960.0,965.0
10007783,2021/22,23,0.0,1300.0
10007783,2021/22,24,40.0,0.0
10007783,2021/22,25,215.0,10.0
10007783,2021/22,26,440.0,25.0
10007783,2022/23,01,1385.0,175.0
10007783,2022/23,02,550.0,180.0
10007783,2022/23,03,1075.0,15.0
10007783,2022/23,04,770.0,35.0
10007783,2022/23,06,10.0,0.0
10007783,2022/23,07,425.0,35.0
10007783,2022/23,09,100.0,0.0
10007783,2022/23,10,945.0,210.0
10007783,2022/23,11,405.0,10.0
10007783,2022/23,13,50.0,5.0
10007783,2022/23,15,1180.0,65.0
10007783,2022/23,16,1310.0,40.0
10007783,2022/23,17,1475.0,110.0
10007783,2022/23,19,585.0,15.0
10007783,2022/23,20,650.0,155.0
10007783,2022/23,22,905.0,900.0
10007783,2022/23,23,0.0,985.0
10007783,2022/23,24,40.0,0.0
10007783,2022/23,25,205.0,10.0
10007783,2022/23,26,415.0,25.0
10007783,2023/24,01,1505.0,185.0
10007783,2023/24,02,500.0,220.0
10007783,2023/24,03,1035.0,10.0
10007783,2023/24,04,775.0,55.0
10007783,2023/24,06,5.0,0.0
10007783,2023/24,07,350.0,35.0
10007783,2023/24,09,105.0,5.0
10007783,2023/24,10,955.0,205.0
10007783,2023/24,11,550.0,10.0
10007783,2023/24,13,60.0,5.0
10007783,2023/24,15,1170.0,60.0
10007783,2023/24,16,1295.0,45.0
10007783,2023/24,17,1375.0,75.0
10007783,2023/24,19,550.0,15.0
10007783,2023/24,20,605.0,175.0
10007783,2023/24,22,810.0,830.0
10007783,2023/24,23,5.0,1230.0
10007783,2023/24,24,45.0,0.0
10007783,2023/24,25,200.0,10.0
10007783,2023/24,26,380.0,15.0
10007783,2024/25,01,1620.0,185.0
10007783,2024/25,02,530.0,185.0
10007783,2024/25,03,975.0,15.0
10007783,2024/25,04,730.0,30.0
10007783,2024/25,06,5.0,0.0
10007783,2024/25,07,390.0,35.0
10007783,2024/25,09,90.0,5.0
10007783,2024/25,10,885.0,180.0
10007783,2024/25,11,510.0,25.0
10007783,2024/25,13,55.0,5.0
10007783,2024/25,15,1160.0,45.0
10007783,2024/25,16,1275.0,15.0
10007783,2024/25,17,1005.0,55.0
10007783,2024/25,19,540.0,15.0
10007783,2024/25,20,590.0,175.0
10007783,2024/25,22,770.0,630.0
10007783,2024/25,23,0.0,495.0
10007783,2024/25,24,25.0,5.0
10007783,2024/25,25,225.0,10.0
10007783,2024/25,26,415.0,20.0
10007784,2014/15,01,2985.0,955.0
10007784,2014/15,02,2185.0,540.0
10007784,2014/15,03,1200.0,115.0
10007784,2014/15,04,1085.0,475.0
10007784,2014/15,07,2185.0,215.0
10007784,2014/15,09,865.0,65.0
10007784,2014/15,10,2625.0,140.0
10007784,2014/15,11,1110.0,140.0
10007784,2014/15,13,1855.0,360.0
10007784,2014/15,15,2850.0,485.0
10007784,2014/15,16,1045.0,55.0
10007784,2014/15,17,665.0,45.0
10007784,2014/15,19,1910.0,180.0
10007784,2014/15,20,1775.0,185.0
10007784,2014/15,22,0.0,125.0
10007784,2014/15,24,150.0,85.0
10007784,2014/15,25,320.0,30.0
10007784,2014/15,26,850.0,90.0
10007784,2015/16,01,3030.0,945.0
10007784,2015/16,02,2245.0,585.0
10007784,2015/16,03,1135.0,115.0
10007784,2015/16,04,1250.0,505.0
10007784,2015/16,07,2295.0,235.0
10007784,2015/16,09,990.0,70.0
10007784,2015/16,10,2765.0,145.0
10007784,2015/16,11,1315.0,150.0
10007784,2015/16,13,2065.0,380.0
10007784,2015/16,15,3010.0,465.0
10007784,2015/16,16,980.0,45.0
10007784,2015/16,17,740.0,205.0
10007784,2015/16,19,2020.0,275.0
10007784,2015/16,20,1850.0,185.0
10007784,2015/16,22,2580.0,2895.0
10007784,2015/16,24,170.0,105.0
10007784,2015/16,25,335.0,25.0
10007784,2015/16,26,935.0,85.0
10007784,2016/17,01,3090.0,880.0
10007784,2016/17,02,2425.0,775.0
10007784,2016/17,03,1135.0,105.0
10007784,2016/17,04,1190.0,530.0
10007784,2016/17,07,2270.0,215.0
10007784,2016/17,09,1090.0,70.0
10007784,2016/17,10,2770.0,150.0
10007784,2016/17,11,1475.0,130.0
10007784,2016/17,13,2205.0,375.0
10007784,2016/17,15,3180.0,430.0
10007784,2016/17,16,1080.0,30.0
10007784,2016/17,17,920.0,70.0
10007784,2016/17,19,1970.0,305.0
10007784,2016/17,20,1850.0,160.0
10007784,2016/17,22,2690.0,2585.0
10007784,2016/17,23,0.0,250.0
10007784,2016/17,24,130.0,95.0
10007784,2016/17,25,315.0,20.0
10007784,2016/17,26,865.0,85.0
10007784,2017/18,01,3155.0,890.0
10007784,2017/18,02,2510.0,795.0
10007784,2017/18,03,1265.0,85.0
10007784,2017/18,04,1295.0,570.0
10007784,2017/18,07,2425.0,250.0
10007784,2017/18,09,1160.0,70.0
10007784,2017/18,10,2980.0,140.0
10007784,2017/18,11,1540.0,140.0
10007784,2017/18,13,2420.0,380.0
10007784,2017/18,15,3725.0,465.0
10007784,2017/18,16,1120.0,35.0
10007784,2017/18,17,1040.0,75.0
10007784,2017/18,19,1900.0,160.0
10007784,2017/18,20,1930.0,160.0
10007784,2017/18,22,2825.0,2350.0
10007784,2017/18,23,0.0,530.0
10007784,2017/18,24,135.0,100.0
10007784,2017/18,25,335.0,15.0
10007784,2017/18,26,945.0,85.0
10007784,2018/19,01,3250.0,1010.0
10007784,2018/19,02,2505.0,780.0
10007784,2018/19,03,1315.0,70.0
10007784,2018/19,04,1365.0,675.0
10007784,2018/19,07,2485.0,215.0
10007784,2018/19,09,1270.0,65.0
10007784,2018/19,10,3020.0,120.0
10007784,2018/19,11,1570.0,135.0
10007784,2018/19,13,2580.0,345.0
10007784,2018/19,15,4095.0,440.0
10007784,2018/19,16,1015.0,30.0
10007784,2018/19,17,1110.0,60.0
10007784,2018/19,19,1910.0,145.0
10007784,2018/19,20,2015.0,140.0
10007784,2018/19,22,2870.0,1975.0
10007784,2018/19,23,0.0,710.0
10007784,2018/19,24,155.0,100.0
10007784,2018/19,25,340.0,15.0
10007784,2018/19,26,1025.0,95.0
10007784,2019/20,01,3435.0,1180.0
10007784,2019/20,02,2220.0,510.0
10007784,2019/20,03,1635.0,85.0
10007784,2019/20,04,1470.0,815.0
10007784,2019/20,07,2575.0,110.0
10007784,2019/20,09,1275.0,60.0
10007784,2019/20,10,3130.0,130.0
10007784,2019/20,11,1265.0,130.0
10007784,2019/20,13,2540.0,330.0
10007784,2019/20,15,4100.0,415.0
10007784,2019/20,16,985.0,40.0
10007784,2019/20,17,1250.0,75.0
10007784,2019/20,19,1840.0,150.0
10007784,2019/20,20,2110.0,185.0
10007784,2019/20,22,2865.0,1720.0
10007784,2019/20,23,450.0,330.0
10007784,2019/20,24,385.0,90.0
10007784,2019/20,25,360.0,10.0
10007784,2019/20,26,1040.0,95.0
10007784,2020/21,01,3475.0,1290.0
10007784,2020/21,02,2375.0,775.0
10007784,2020/21,03,1795.0,70.0
10007784,2020/21,04,1710.0,720.0
10007784,2020/21,07,2755.0,95.0
10007784,2020/21,09,1655.0,40.0
10007784,2020/21,10,3630.0,115.0
10007784,2020/21,11,1660.0,150.0
10007784,2020/21,13,3220.0,305.0
10007784,2020/21,15,4875.0,325.0
10007784,2020/21,16,1060.0,55.0
10007784,2020/21,17,1865.0,110.0
10007784,2020/21,19,1800.0,100.0
10007784,2020/21,20,2160.0,145.0
10007784,2020/21,22,3110.0,1585.0
10007784,2020/21,23,520.0,10.0
10007784,2020/21,24,460.0,85.0
10007784,2020/21,25,365.0,10.0
10007784,2020/21,26,1125.0,115.0
10007784,2021/22,01,3555.0,1335.0
10007784,2021/22,02,2510.0,875.0
10007784,2021/22,03,1970.0,85.0
10007784,2021/22,04,1775.0,805.0
10007784,2021/22,07,2880.0,95.0
10007784,2021/22,09,1555.0,45.0
10007784,2021/22,10,3670.0,135.0
10007784,2021/22,11,1460.0,135.0
10007784,2021/22,13,2715.0,285.0
10007784,2021/22,15,5035.0,425.0
10007784,2021/22,16,1185.0,45.0
10007784,2021/22,17,1785.0,145.0
10007784,2021/22,19,1855.0,125.0
10007784,2021/22,20,2250.0,160.0
10007784,2021/22,22,3115.0,1405.0
10007784,2021/22,23,515.0,535.0
10007784,2021/22,24,440.0,100.0
10007784,2021/22,25,435.0,15.0
10007784,2021/22,26,1225.0,130.0
10007784,2022/23,01,4400.0,905.0
10007784,2022/23,02,3770.0,190.0
10007784,2022/23,03,2065.0,70.0
10007784,2022/23,04,2085.0,765.0
10007784,2022/23,07,3035.0,110.0
10007784,2022/23,09,1645.0,40.0
10007784,2022/23,10,4125.0,90.0
10007784,2022/23,11,1735.0,100.0
10007784,2022/23,13,2925.0,185.0
10007784,2022/23,15,5905.0,320.0
10007784,2022/23,16,1305.0,30.0
10007784,2022/23,17,2030.0,70.0
10007784,2022/23,19,1950.0,115.0
10007784,2022/23,20,2310.0,170.0
10007784,2022/23,22,4045.0,1045.0
10007784,2022/23,23,605.0,1095.0
10007784,2022/23,24,530.0,70.0
10007784,2022/23,25,370.0,15.0
10007784,2022/23,26,1460.0,130.0
10007784,2023/24,01,4280.0,825.0
10007784,2023/24,02,3530.0,530.0
10007784,2023/24,03,2060.0,70.0
10007784,2023/24,04,2065.0,855.0
10007784,2023/24,07,2855.0,120.0
10007784,2023/24,09,1530.0,40.0
10007784,2023/24,10,4360.0,85.0
10007784,2023/24,11,1725.0,90.0
10007784,2023/24,13,2880.0,200.0
10007784,2023/24,15,5145.0,290.0
10007784,2023/24,16,1095.0,35.0
10007784,2023/24,17,1875.0,100.0
10007784,2023/24,19,1895.0,100.0
10007784,2023/24,20,2300.0,165.0
10007784,2023/24,22,3530.0,1035.0
10007784,2023/24,23,585.0,830.0
10007784,2023/24,24,485.0,70.0
10007784,2023/24,25,430.0,20.0
10007784,2023/24,26,1400.0,110.0
10007784,2024/25,01,4040.0,1195.0
10007784,2024/25,02,3025.0,1135.0
10007784,2024/25,03,1970.0,75.0
10007784,2024/25,04,2120.0,720.0
10007784,2024/25,07,2960.0,105.0
10007784,2024/25,09,1505.0,60.0
10007784,2024/25,10,4455.0,135.0
10007784,2024/25,11,1890.0,125.0
10007784,2024/25,13,2900.0,360.0
10007784,2024/25,15,5500.0,410.0
10007784,2024/25,16,1115.0,45.0
10007784,2024/25,17,1960.0,200.0
10007784,2024/25,19,2075.0,160.0
10007784,2024/25,20,2395.0,190.0
10007784,2024/25,22,3405.0,1050.0
10007784,2024/25,23,620.0,545.0
10007784,2024/25,24,700.0,105.0
10007784,2024/25,25,435.0,25.0
10007784,2024/25,26,1495.0,120.0
10007785,2014/15,02,2715.0,1145.0
10007785,2014/15,03,515.0,25.0
10007785,2014/15,04,345.0,10.0
10007785,2014/15,07,505.0,45.0
10007785,2014/15,09,25.0,5.0
10007785,2014/15,10,1040.0,530.0
10007785,2014/15,11,600.0,55.0
10007785,2014/15,15,1355.0,175.0
10007785,2014/15,16,300.0,15.0
10007785,2014/15,17,1165.0,495.0
10007785,2014/15,19,25.0,5.0
10007785,2014/15,20,20.0,0.0
10007785,2014/15,22,0.0,105.0
10007785,2014/15,23,95.0,10.0
10007785,2014/15,24,130.0,10.0
10007785,2014/15,25,40.0,5.0
10007785,2014/15,26,5.0,0.0
10007785,2015/16,02,2665.0,1245.0
10007785,2015/16,03,555.0,25.0
10007785,2015/16,04,345.0,10.0
10007785,2015/16,07,460.0,40.0
10007785,2015/16,09,25.0,5.0
10007785,2015/16,10,940.0,575.0
10007785,2015/16,11,580.0,60.0
10007785,2015/16,15,1335.0,225.0
10007785,2015/16,16,290.0,10.0
10007785,2015/16,17,1090.0,485.0
10007785,2015/16,20,15.0,0.0
10007785,2015/16,22,0.0,85.0
10007785,2015/16,24,100.0,10.0
10007785,2015/16,25,30.0,5.0
10007785,2016/17,02,2825.0,1300.0
10007785,2016/17,03,510.0,50.0
10007785,2016/17,04,325.0,10.0
10007785,2016/17,07,435.0,30.0
10007785,2016/17,09,5.0,0.0
10007785,2016/17,10,865.0,570.0
10007785,2016/17,11,545.0,55.0
10007785,2016/17,15,1225.0,140.0
10007785,2016/17,16,270.0,20.0
10007785,2016/17,17,1105.0,440.0
10007785,2016/17,20,5.0,0.0
10007785,2016/17,22,0.0,100.0
10007785,2016/17,24,95.0,5.0
10007785,2016/17,25,35.0,5.0
10007785,2017/18,02,2875.0,1150.0
10007785,2017/18,03,425.0,55.0
10007785,2017/18,04,340.0,10.0
10007785,2017/18,07,325.0,20.0
10007785,2017/18,09,0.0,5.0
10007785,2017/18,10,885.0,380.0
10007785,2017/18,11,510.0,45.0
10007785,2017/18,15,1040.0,100.0
10007785,2017/18,16,295.0,10.0
10007785,2017/18,17,1130.0,325.0
10007785,2017/18,20,5.0,0.0
10007785,2017/18,22,0.0,40.0
10007785,2017/18,23,5.0,0.0
10007785,2017/18,24,115.0,0.0
10007785,2017/18,25,25.0,10.0
10007785,2018/19,02,3035.0,1095.0
10007785,2018/19,03,365.0,70.0
10007785,2018/19,04,290.0,10.0
10007785,2018/19,07,285.0,20.0
10007785,2018/19,10,850.0,230.0
10007785,2018/19,11,475.0,35.0
10007785,2018/19,15,895.0,90.0
10007785,2018/19,16,320.0,15.0
10007785,2018/19,17,1110.0,335.0
10007785,2018/19,22,0.0,15.0
10007785,2018/19,24,90.0,0.0
10007785,2018/19,25,25.0,0.0
10007785,2019/20,02,3105.0,1085.0
10007785,2019/20,03,370.0,30.0
10007785,2019/20,04,290.0,10.0
10007785,2019/20,07,255.0,20.0
10007785,2019/20,10,940.0,135.0
10007785,2019/20,11,455.0,30.0
10007785,2019/20,15,955.0,70.0
10007785,2019/20,16,380.0,15.0
10007785,2019/20,17,1145.0,365.0
10007785,2019/20,24,80.0,0.0
10007785,2019/20,25,30.0,0.0
10007785,2020/21,02,3540.0,1055.0
10007785,2020/21,03,375.0,10.0
10007785,2020/21,04,300.0,45.0
10007785,2020/21,07,265.0,25.0
10007785,2020/21,10,850.0,30.0
10007785,2020/21,11,595.0,15.0
10007785,2020/21,15,1025.0,45.0
10007785,2020/21,16,420.0,5.0
10007785,2020/21,17,1285.0,365.0
10007785,2020/21,20,5.0,0.0
10007785,2020/21,24,65.0,5.0
10007785,2020/21,25,20.0,0.0
10007785,2021/22,02,3815.0,1060.0
10007785,2021/22,03,355.0,15.0
10007785,2021/22,04,285.0,75.0
10007785,2021/22,07,230.0,35.0
10007785,2021/22,10,865.0,40.0
10007785,2021/22,11,840.0,20.0
10007785,2021/22,15,1170.0,50.0
10007785,2021/22,16,460.0,15.0
10007785,2021/22,17,2210.0,245.0
10007785,2021/22,20,5.0,0.0
10007785,2021/22,24,60.0,0.0
10007785,2021/22,25,25.0,5.0
10007785,2022/23,02,4025.0,1060.0
10007785,2022/23,03,355.0,45.0
10007785,2022/23,04,340.0,55.0
10007785,2022/23,07,205.0,65.0
10007785,2022/23,10,845.0,115.0
10007785,2022/23,11,1070.0,35.0
10007785,2022/23,15,1415.0,130.0
10007785,2022/23,16,560.0,40.0
10007785,2022/23,17,2190.0,285.0
10007785,2022/23,20,5.0,0.0
10007785,2022/23,24,40.0,0.0
10007785,2022/23,25,35.0,5.0
10007785,2023/24,02,3860.0,1075.0
10007785,2023/24,03,295.0,40.0
10007785,2023/24,04,290.0,35.0
10007785,2023/24,07,170.0,55.0
10007785,2023/24,10,765.0,80.0
10007785,2023/24,11,1180.0,45.0
10007785,2023/24,15,1295.0,150.0
10007785,2023/24,16,550.0,40.0
10007785,2023/24,17,2020.0,260.0
10007785,2023/24,20,10.0,0.0
10007785,2023/24,24,25.0,0.0
10007785,2023/24,25,25.0,0.0
10007785,2024/25,02,3920.0,1025.0
10007785,2024/25,03,20.0,5.0
10007785,2024/25,04,275.0,30.0
10007785,2024/25,07,150.0,50.0
10007785,2024/25,10,580.0,45.0
10007785,2024/25,11,1035.0,50.0
10007785,2024/25,15,1060.0,105.0
10007785,2024/25,16,570.0,35.0
10007785,2024/25,17,1625.0,165.0
10007785,2024/25,20,5.0,0.0
10007785,2024/25,25,20.0,0.0
10007786,2014/15,01,1780.0,215.0
10007786,2014/15,02,815.0,65.0
10007786,2014/15,03,1110.0,25.0
10007786,2014/15,04,570.0,80.0
10007786,2014/15,05,745.0,25.0
10007786,2014/15,06,50.0,10.0
10007786,2014/15,07,1505.0,40.0
10007786,2014/15,09,1060.0,30.0
10007786,2014/15,10,2125.0,60.0
10007786,2014/15,11,460.0,35.0
10007786,2014/15,15,2715.0,230.0
10007786,2014/15,16,1220.0,55.0
10007786,2014/15,17,525.0,65.0
10007786,2014/15,19,1650.0,170.0
10007786,2014/15,20,1740.0,140.0
10007786,2014/15,22,390.0,370.0
10007786,2014/15,23,10.0,0.0
10007786,2014/15,25,540.0,30.0
10007786,2014/15,26,880.0,30.0
10007786,2015/16,01,1705.0,180.0
10007786,2015/16,02,845.0,70.0
10007786,2015/16,03,1195.0,25.0
10007786,2015/16,04,565.0,50.0
10007786,2015/16,05,760.0,25.0
10007786,2015/16,06,95.0,10.0
10007786,2015/16,07,1540.0,25.0
10007786,2015/16,09,1005.0,35.0
10007786,2015/16,10,2140.0,65.0
10007786,2015/16,11,545.0,45.0
10007786,2015/16,15,2705.0,235.0
10007786,2015/16,16,1255.0,50.0
10007786,2015/16,17,590.0,70.0
10007786,2015/16,19,1725.0,155.0
10007786,2015/16,20,1780.0,115.0
10007786,2015/16,22,405.0,415.0
10007786,2015/16,23,10.0,0.0
10007786,2015/16,25,530.0,20.0
10007786,2015/16,26,890.0,30.0
10007786,2016/17,01,1710.0,205.0
10007786,2016/17,02,920.0,80.0
10007786,2016/17,03,1300.0,30.0
10007786,2016/17,04,575.0,45.0
10007786,2016/17,05,780.0,10.0
10007786,2016/17,06,75.0,5.0
10007786,2016/17,07,1585.0,40.0
10007786,2016/17,09,1035.0,50.0
10007786,2016/17,10,2245.0,90.0
10007786,2016/17,11,670.0,45.0
10007786,2016/17,15,3200.0,240.0
10007786,2016/17,16,1405.0,60.0
10007786,2016/17,17,740.0,65.0
10007786,2016/17,19,1835.0,175.0
10007786,2016/17,20,1835.0,110.0
10007786,2016/17,22,480.0,435.0
10007786,2016/17,23,25.0,0.0
10007786,2016/17,25,490.0,30.0
10007786,2016/17,26,940.0,35.0
10007786,2017/18,01,1765.0,205.0
10007786,2017/18,02,975.0,90.0
10007786,2017/18,03,1370.0,20.0
10007786,2017/18,04,565.0,60.0
10007786,2017/18,05,870.0,10.0
10007786,2017/18,06,45.0,0.0
10007786,2017/18,07,1655.0,30.0
10007786,2017/18,09,1130.0,35.0
10007786,2017/18,10,2330.0,70.0
10007786,2017/18,11,690.0,35.0
10007786,2017/18,15,2940.0,230.0
10007786,2017/18,16,1510.0,65.0
10007786,2017/18,17,1495.0,75.0
10007786,2017/18,19,1795.0,200.0
10007786,2017/18,20,1855.0,80.0
10007786,2017/18,22,610.0,435.0
10007786,2017/18,23,25.0,0.0
10007786,2017/18,25,540.0,30.0
10007786,2017/18,26,975.0,40.0
10007786,2018/19,01,1830.0,170.0
10007786,2018/19,02,1115.0,85.0
10007786,2018/19,03,1365.0,25.0
10007786,2018/19,04,635.0,95.0
10007786,2018/19,05,890.0,15.0
10007786,2018/19,06,35.0,0.0
10007786,2018/19,07,1620.0,35.0
10007786,2018/19,09,1210.0,35.0
10007786,2018/19,10,2380.0,70.0
10007786,2018/19,11,700.0,25.0
10007786,2018/19,15,3190.0,230.0
10007786,2018/19,16,1555.0,60.0
10007786,2018/19,17,1915.0,80.0
10007786,2018/19,19,1775.0,180.0
10007786,2018/19,20,1890.0,85.0
10007786,2018/19,22,660.0,365.0
10007786,2018/19,23,20.0,0.0
10007786,2018/19,25,535.0,30.0
10007786,2018/19,26,1020.0,30.0
10007786,2019/20,01,2015.0,175.0
10007786,2019/20,02,1155.0,95.0
10007786,2019/20,03,1400.0,10.0
10007786,2019/20,04,655.0,105.0
10007786,2019/20,05,955.0,10.0
10007786,2019/20,06,45.0,0.0
10007786,2019/20,07,1655.0,55.0
10007786,2019/20,09,1290.0,35.0
10007786,2019/20,10,2630.0,85.0
10007786,2019/20,11,730.0,30.0
10007786,2019/20,15,3255.0,255.0
10007786,2019/20,16,1515.0,90.0
10007786,2019/20,17,2340.0,105.0
10007786,2019/20,19,1730.0,165.0
10007786,2019/20,20,1785.0,80.0
10007786,2019/20,22,730.0,370.0
10007786,2019/20,23,175.0,0.0
10007786,2019/20,25,580.0,30.0
10007786,2019/20,26,1015.0,35.0
10007786,2020/21,01,1935.0,120.0
10007786,2020/21,02,1385.0,110.0
10007786,2020/21,03,1425.0,10.0
10007786,2020/21,04,770.0,120.0
10007786,2020/21,05,1055.0,15.0
10007786,2020/21,06,55.0,0.0
10007786,2020/21,07,1720.0,30.0
10007786,2020/21,09,1355.0,25.0
10007786,2020/21,10,3040.0,50.0
10007786,2020/21,11,985.0,15.0
10007786,2020/21,15,3780.0,185.0
10007786,2020/21,16,1745.0,50.0
10007786,2020/21,17,2500.0,80.0
10007786,2020/21,19,1725.0,165.0
10007786,2020/21,20,1885.0,75.0
10007786,2020/21,22,800.0,530.0
10007786,2020/21,23,220.0,0.0
10007786,2020/21,25,655.0,25.0
10007786,2020/21,26,1110.0,45.0
10007786,2021/22,01,1940.0,135.0
10007786,2021/22,02,1475.0,115.0
10007786,2021/22,03,1510.0,10.0
10007786,2021/22,04,800.0,125.0
10007786,2021/22,05,1205.0,5.0
10007786,2021/22,06,55.0,0.0
10007786,2021/22,07,1660.0,30.0
10007786,2021/22,09,1415.0,40.0
10007786,2021/22,10,3105.0,185.0
10007786,2021/22,11,1110.0,70.0
10007786,2021/22,15,3930.0,205.0
10007786,2021/22,16,1850.0,70.0
10007786,2021/22,17,3135.0,130.0
10007786,2021/22,19,1755.0,175.0
10007786,2021/22,20,1745.0,110.0
10007786,2021/22,22,810.0,485.0
10007786,2021/22,23,210.0,0.0
10007786,2021/22,25,695.0,25.0
10007786,2021/22,26,1120.0,45.0
10007786,2022/23,01,1980.0,135.0
10007786,2022/23,02,1500.0,110.0
10007786,2022/23,03,1495.0,10.0
10007786,2022/23,04,735.0,155.0
10007786,2022/23,05,1230.0,10.0
10007786,2022/23,06,80.0,0.0
10007786,2022/23,07,1575.0,60.0
10007786,2022/23,09,1345.0,80.0
10007786,2022/23,10,2965.0,170.0
10007786,2022/23,11,1260.0,130.0
10007786,2022/23,15,4020.0,185.0
10007786,2022/23,16,1810.0,60.0
10007786,2022/23,17,3650.0,130.0
10007786,2022/23,19,1715.0,150.0
10007786,2022/23,20,1715.0,110.0
10007786,2022/23,22,725.0,570.0
10007786,2022/23,23,240.0,50.0
10007786,2022/23,25,770.0,35.0
10007786,2022/23,26,1090.0,55.0
10007786,2023/24,01,2085.0,125.0
10007786,2023/24,02,1420.0,120.0
10007786,2023/24,03,1480.0,10.0
10007786,2023/24,04,795.0,140.0
10007786,2023/24,05,1260.0,15.0
10007786,2023/24,06,40.0,0.0
10007786,2023/24,07,1595.0,40.0
10007786,2023/24,09,1450.0,75.0
10007786,2023/24,10,2910.0,225.0
10007786,2023/24,11,1350.0,120.0
10007786,2023/24,15,3755.0,135.0
10007786,2023/24,16,1740.0,55.0
10007786,2023/24,17,3920.0,180.0
10007786,2023/24,19,1690.0,120.0
10007786,2023/24,20,1660.0,105.0
10007786,2023/24,22,750.0,505.0
10007786,2023/24,23,250.0,0.0
10007786,2023/24,24,10.0,0.0
10007786,2023/24,25,805.0,35.0
10007786,2023/24,26,1150.0,35.0
10007786,2024/25,01,2055.0,145.0
10007786,2024/25,02,1250.0,135.0
10007786,2024/25,03,1335.0,15.0
10007786,2024/25,04,780.0,185.0
10007786,2024/25,05,1295.0,10.0
10007786,2024/25,06,35.0,0.0
10007786,2024/25,07,1685.0,45.0
10007786,2024/25,09,1575.0,50.0
10007786,2024/25,10,3165.0,170.0
10007786,2024/25,11,1680.0,95.0
10007786,2024/25,15,3700.0,145.0
10007786,2024/25,16,1765.0,50.0
10007786,2024/25,17,4020.0,160.0
10007786,2024/25,19,1650.0,110.0
10007786,2024/25,20,1680.0,110.0
10007786,2024/25,22,785.0,320.0
10007786,2024/25,23,235.0,5.0
10007786,2024/25,24,10.0,0.0
10007786,2024/25,25,785.0,50.0
10007786,2024/25,26,1105.0,45.0
10007787,2014/15,01,195.0,0.0
10007787,2014/15,03,5.0,0.0
10007787,2014/15,04,95.0,0.0
10007787,2014/15,10,25.0,0.0
10007787,2014/15,11,65.0,0.0
10007787,2014/15,15,185.0,0.0
10007787,2014/15,16,365.0,70.0
10007787,2014/15,17,310.0,15.0
10007787,2014/15,19,160.0,0.0
10007787,2014/15,20,75.0,30.0
10007787,2014/15,22,620.0,0.0
10007787,2014/15,25,15.0,5.0
10007787,2015/16,01,285.0,0.0
10007787,2015/16,04,95.0,0.0
10007787,2015/16,10,25.0,0.0
10007787,2015/16,11,85.0,0.0
10007787,2015/16,15,160.0,5.0
10007787,2015/16,16,330.0,65.0
10007787,2015/16,17,310.0,40.0
10007787,2015/16,19,150.0,0.0
10007787,2015/16,20,95.0,35.0
10007787,2015/16,22,690.0,0.0
10007787,2015/16,25,20.0,5.0
10007787,2016/17,01,325.0,0.0
10007787,2016/17,04,115.0,0.0
10007787,2016/17,10,40.0,0.0
10007787,2016/17,11,95.0,0.0
10007787,2016/17,15,155.0,5.0
10007787,2016/17,16,310.0,55.0
10007787,2016/17,17,350.0,45.0
10007787,2016/17,19,140.0,5.0
10007787,2016/17,20,120.0,25.0
10007787,2016/17,22,700.0,0.0
10007787,2016/17,25,15.0,10.0
10007787,2017/18,01,385.0,0.0
10007787,2017/18,04,150.0,5.0
10007787,2017/18,10,35.0,0.0
10007787,2017/18,11,105.0,0.0
10007787,2017/18,15,150.0,5.0
10007787,2017/18,16,300.0,60.0
10007787,2017/18,17,350.0,45.0
10007787,2017/18,19,150.0,10.0
10007787,2017/18,20,145.0,40.0
10007787,2017/18,22,880.0,30.0
10007787,2017/18,25,0.0,10.0
10007787,2018/19,01,410.0,0.0
10007787,2018/19,04,175.0,10.0
10007787,2018/19,10,60.0,0.0
10007787,2018/19,11,100.0,0.0
10007787,2018/19,15,165.0,5.0
10007787,2018/19,16,310.0,50.0
10007787,2018/19,17,320.0,40.0
10007787,2018/19,19,135.0,10.0
10007787,2018/19,20,125.0,40.0
10007787,2018/19,22,940.0,155.0
10007787,2018/19,25,0.0,15.0
10007787,2019/20,01,465.0,0.0
10007787,2019/20,02,40.0,0.0
10007787,2019/20,04,200.0,5.0
10007787,2019/20,11,210.0,5.0
10007787,2019/20,15,165.0,5.0
10007787,2019/20,16,300.0,55.0
10007787,2019/20,17,325.0,35.0
10007787,2019/20,19,110.0,10.0
10007787,2019/20,20,120.0,50.0
10007787,2019/20,22,795.0,170.0
10007787,2019/20,24,20.0,0.0
10007787,2019/20,25,0.0,15.0
10007787,2020/21,01,560.0,45.0
10007787,2020/21,02,65.0,0.0
10007787,2020/21,04,195.0,5.0
10007787,2020/21,07,5.0,40.0
10007787,2020/21,11,255.0,5.0
10007787,2020/21,15,150.0,5.0
10007787,2020/21,16,275.0,45.0
10007787,2020/21,17,325.0,35.0
10007787,2020/21,19,95.0,15.0
10007787,2020/21,20,100.0,50.0
10007787,2020/21,22,775.0,230.0
10007787,2020/21,23,5.0,0.0
10007787,2020/21,24,15.0,0.0
10007787,2020/21,25,0.0,10.0
10007787,2021/22,01,645.0,35.0
10007787,2021/22,02,55.0,0.0
10007787,2021/22,04,150.0,5.0
10007787,2021/22,11,245.0,5.0
10007787,2021/22,15,115.0,5.0
10007787,2021/22,16,235.0,55.0
10007787,2021/22,17,250.0,75.0
10007787,2021/22,19,80.0,10.0
10007787,2021/22,20,75.0,50.0
10007787,2021/22,22,820.0,485.0
10007787,2021/22,23,5.0,0.0
10007787,2021/22,24,10.0,0.0
10007787,2021/22,25,0.0,15.0
10007787,2022/23,01,565.0,85.0
10007787,2022/23,02,115.0,0.0
10007787,2022/23,03,5.0,0.0
10007787,2022/23,04,295.0,10.0
10007787,2022/23,11,295.0,25.0
10007787,2022/23,15,105.0,30.0
10007787,2022/23,16,265.0,45.0
10007787,2022/23,17,280.0,25.0
10007787,2022/23,19,75.0,10.0
10007787,2022/23,20,120.0,85.0
10007787,2022/23,22,820.0,490.0
10007787,2022/23,23,5.0,0.0
10007787,2022/23,24,5.0,0.0
10007787,2022/23,25,0.0,15.0
10007787,2023/24,01,780.0,65.0
10007787,2023/24,02,95.0,0.0
10007787,2023/24,03,5.0,0.0
10007787,2023/24,04,125.0,5.0
10007787,2023/24,10,10.0,0.0
10007787,2023/24,11,210.0,25.0
10007787,2023/24,13,5.0,5.0
10007787,2023/24,15,95.0,35.0
10007787,2023/24,16,200.0,40.0
10007787,2023/24,17,240.0,5.0
10007787,2023/24,19,45.0,0.0
10007787,2023/24,20,45.0,50.0
10007787,2023/24,22,800.0,165.0
10007787,2023/24,23,10.0,0.0
10007787,2023/24,24,5.0,0.0
10007787,2024/25,01,840.0,60.0
10007787,2024/25,02,55.0,0.0
10007787,2024/25,03,5.0,0.0
10007787,2024/25,04,90.0,0.0
10007787,2024/25,10,5.0,0.0
10007787,2024/25,11,170.0,30.0
10007787,2024/25,13,5.0,5.0
10007787,2024/25,15,90.0,35.0
10007787,2024/25,16,195.0,40.0
10007787,2024/25,17,275.0,170.0
10007787,2024/25,19,50.0,0.0
10007787,2024/25,20,120.0,35.0
10007787,2024/25,22,1060.0,105.0
10007787,2024/25,23,5.0,0.0
10007787,2024/25,24,10.0,0.0
10007788,2014/15,01,1385.0,30.0
10007788,2014/15,02,1070.0,15.0
10007788,2014/15,03,1430.0,40.0
10007788,2014/15,04,285.0,15.0
10007788,2014/15,05,390.0,0.0
10007788,2014/15,06,15.0,0.0
10007788,2014/15,07,1320.0,25.0
10007788,2014/15,09,1090.0,0.0
10007788,2014/15,10,2260.0,40.0
10007788,2014/15,11,410.0,0.0
10007788,2014/15,13,390.0,70.0
10007788,2014/15,15,1630.0,215.0
10007788,2014/15,16,840.0,0.0
10007788,2014/15,17,395.0,205.0
10007788,2014/15,19,2005.0,90.0
10007788,2014/15,20,2025.0,155.0
10007788,2014/15,22,585.0,420.0
10007788,2014/15,24,5.0,0.0
10007788,2014/15,25,240.0,5.0
10007788,2014/15,26,425.0,0.0
10007788,2015/16,01,1395.0,40.0
10007788,2015/16,02,1085.0,15.0
10007788,2015/16,03,1425.0,55.0
10007788,2015/16,04,300.0,10.0
10007788,2015/16,05,385.0,0.0
10007788,2015/16,06,15.0,0.0
10007788,2015/16,07,1305.0,35.0
10007788,2015/16,09,1105.0,0.0
10007788,2015/16,10,2225.0,40.0
10007788,2015/16,11,430.0,0.0
10007788,2015/16,13,400.0,80.0
10007788,2015/16,15,1625.0,210.0
10007788,2015/16,16,860.0,0.0
10007788,2015/16,17,430.0,225.0
10007788,2015/16,19,1980.0,95.0
10007788,2015/16,20,2070.0,160.0
10007788,2015/16,22,565.0,395.0
10007788,2015/16,24,5.0,0.0
10007788,2015/16,25,250.0,10.0
10007788,2015/16,26,425.0,0.0
10007788,2016/17,01,1405.0,45.0
10007788,2016/17,02,1100.0,20.0
10007788,2016/17,03,1480.0,75.0
10007788,2016/17,04,305.0,30.0
10007788,2016/17,05,375.0,0.0
10007788,2016/17,06,15.0,0.0
10007788,2016/17,07,1340.0,5.0
10007788,2016/17,09,1110.0,0.0
10007788,2016/17,10,2220.0,45.0
10007788,2016/17,11,440.0,0.0
10007788,2016/17,13,405.0,75.0
10007788,2016/17,15,1655.0,215.0
10007788,2016/17,16,875.0,0.0
10007788,2016/17,17,425.0,270.0
10007788,2016/17,19,1980.0,110.0
10007788,2016/17,20,2120.0,145.0
10007788,2016/17,22,550.0,440.0
10007788,2016/17,24,10.0,0.0
10007788,2016/17,25,250.0,10.0
10007788,2016/17,26,410.0,0.0
10007788,2017/18,01,1490.0,45.0
10007788,2017/18,02,1075.0,25.0
10007788,2017/18,03,1475.0,70.0
10007788,2017/18,04,300.0,35.0
10007788,2017/18,05,360.0,0.0
10007788,2017/18,06,15.0,0.0
10007788,2017/18,07,1345.0,5.0
10007788,2017/18,09,1145.0,0.0
10007788,2017/18,10,2285.0,45.0
10007788,2017/18,11,495.0,0.0
10007788,2017/18,13,420.0,60.0
10007788,2017/18,15,1715.0,230.0
10007788,2017/18,16,895.0,0.0
10007788,2017/18,17,470.0,390.0
10007788,2017/18,19,2000.0,110.0
10007788,2017/18,20,2180.0,150.0
10007788,2017/18,22,595.0,425.0
10007788,2017/18,24,15.0,0.0
10007788,2017/18,25,235.0,10.0
10007788,2017/18,26,400.0,0.0
10007788,2018/19,01,1585.0,40.0
10007788,2018/19,02,1090.0,20.0
10007788,2018/19,03,1480.0,70.0
10007788,2018/19,04,300.0,25.0
10007788,2018/19,05,365.0,0.0
10007788,2018/19,06,15.0,0.0
10007788,2018/19,07,1365.0,5.0
10007788,2018/19,09,1135.0,0.0
10007788,2018/19,10,2265.0,45.0
10007788,2018/19,11,495.0,0.0
10007788,2018/19,13,405.0,90.0
10007788,2018/19,15,1920.0,230.0
10007788,2018/19,16,885.0,0.0
10007788,2018/19,17,490.0,440.0
10007788,2018/19,19,2025.0,110.0
10007788,2018/19,20,2050.0,140.0
10007788,2018/19,22,640.0,465.0
10007788,2018/19,24,20.0,15.0
10007788,2018/19,25,245.0,5.0
10007788,2018/19,26,405.0,0.0
10007788,2019/20,01,1695.0,20.0
10007788,2019/20,02,575.0,45.0
10007788,2019/20,03,1120.0,65.0
10007788,2019/20,04,265.0,20.0
10007788,2019/20,05,380.0,0.0
10007788,2019/20,07,1385.0,5.0
10007788,2019/20,09,1160.0,0.0
10007788,2019/20,10,2675.0,20.0
10007788,2019/20,11,570.0,10.0
10007788,2019/20,13,330.0,145.0
10007788,2019/20,15,1935.0,150.0
10007788,2019/20,16,970.0,5.0
10007788,2019/20,17,580.0,435.0
10007788,2019/20,19,1980.0,105.0
10007788,2019/20,20,2120.0,210.0
10007788,2019/20,22,655.0,535.0
10007788,2019/20,24,40.0,10.0
10007788,2019/20,25,250.0,5.0
10007788,2019/20,26,855.0,15.0
10007788,2020/21,01,1750.0,20.0
10007788,2020/21,02,695.0,75.0
10007788,2020/21,03,1065.0,95.0
10007788,2020/21,04,290.0,35.0
10007788,2020/21,05,385.0,0.0
10007788,2020/21,07,1415.0,5.0
10007788,2020/21,09,1170.0,0.0
10007788,2020/21,10,2675.0,25.0
10007788,2020/21,11,615.0,25.0
10007788,2020/21,13,340.0,165.0
10007788,2020/21,15,1960.0,245.0
10007788,2020/21,16,990.0,5.0
10007788,2020/21,17,555.0,350.0
10007788,2020/21,19,2080.0,215.0
10007788,2020/21,20,2175.0,235.0
10007788,2020/21,22,655.0,590.0
10007788,2020/21,23,5.0,0.0
10007788,2020/21,24,40.0,20.0
10007788,2020/21,25,245.0,5.0
10007788,2020/21,26,915.0,15.0
10007788,2021/22,01,1795.0,20.0
10007788,2021/22,02,680.0,70.0
10007788,2021/22,03,1015.0,120.0
10007788,2021/22,04,325.0,20.0
10007788,2021/22,05,390.0,0.0
10007788,2021/22,06,5.0,5.0
10007788,2021/22,07,1375.0,5.0
10007788,2021/22,09,1180.0,0.0
10007788,2021/22,10,2670.0,25.0
10007788,2021/22,11,600.0,45.0
10007788,2021/22,13,370.0,170.0
10007788,2021/22,15,2110.0,215.0
10007788,2021/22,16,1080.0,0.0
10007788,2021/22,17,590.0,365.0
10007788,2021/22,19,2080.0,230.0
10007788,2021/22,20,2250.0,295.0
10007788,2021/22,22,670.0,585.0
10007788,2021/22,24,55.0,10.0
10007788,2021/22,25,245.0,5.0
10007788,2021/22,26,925.0,30.0
10007788,2022/23,01,1780.0,10.0
10007788,2022/23,02,710.0,60.0
10007788,2022/23,03,995.0,95.0
10007788,2022/23,04,335.0,20.0
10007788,2022/23,05,395.0,0.0
10007788,2022/23,06,5.0,5.0
10007788,2022/23,07,1435.0,5.0
10007788,2022/23,09,1210.0,0.0
10007788,2022/23,10,2705.0,25.0
10007788,2022/23,11,710.0,45.0
10007788,2022/23,13,410.0,215.0
10007788,2022/23,15,2110.0,215.0
10007788,2022/23,16,1080.0,0.0
10007788,2022/23,17,570.0,350.0
10007788,2022/23,19,2095.0,305.0
10007788,2022/23,20,2200.0,330.0
10007788,2022/23,22,670.0,550.0
10007788,2022/23,23,35.0,0.0
10007788,2022/23,24,60.0,5.0
10007788,2022/23,25,255.0,5.0
10007788,2022/23,26,920.0,40.0
10007788,2023/24,01,1795.0,10.0
10007788,2023/24,02,675.0,70.0
10007788,2023/24,03,1035.0,85.0
10007788,2023/24,04,330.0,25.0
10007788,2023/24,05,410.0,5.0
10007788,2023/24,06,5.0,5.0
10007788,2023/24,07,1405.0,5.0
10007788,2023/24,09,1215.0,0.0
10007788,2023/24,10,2675.0,30.0
10007788,2023/24,11,750.0,30.0
10007788,2023/24,13,410.0,220.0
10007788,2023/24,15,2040.0,200.0
10007788,2023/24,16,1110.0,5.0
10007788,2023/24,17,580.0,325.0
10007788,2023/24,19,2080.0,295.0
10007788,2023/24,20,2120.0,305.0
10007788,2023/24,22,620.0,555.0
10007788,2023/24,23,40.0,0.0
10007788,2023/24,24,65.0,0.0
10007788,2023/24,25,240.0,5.0
10007788,2023/24,26,895.0,40.0
10007788,2024/25,01,1800.0,10.0
10007788,2024/25,02,715.0,80.0
10007788,2024/25,03,1075.0,90.0
10007788,2024/25,04,310.0,20.0
10007788,2024/25,05,395.0,5.0
10007788,2024/25,06,5.0,10.0
10007788,2024/25,07,1430.0,10.0
10007788,2024/25,09,1180.0,0.0
10007788,2024/25,10,2685.0,35.0
10007788,2024/25,11,765.0,55.0
10007788,2024/25,13,430.0,240.0
10007788,2024/25,15,2025.0,165.0
10007788,2024/25,16,1045.0,5.0
10007788,2024/25,17,615.0,315.0
10007788,2024/25,19,1975.0,240.0
10007788,2024/25,20,2065.0,320.0
10007788,2024/25,22,645.0,505.0
10007788,2024/25,23,65.0,0.0
10007788,2024/25,24,70.0,0.0
10007788,2024/25,25,225.0,5.0
10007788,2024/25,26,895.0,50.0
10007789,2014/15,01,835.0,70.0
10007789,2014/15,02,2010.0,865.0
10007789,2014/15,03,960.0,15.0
10007789,2014/15,04,410.0,40.0
10007789,2014/15,06,95.0,20.0
10007789,2014/15,07,500.0,5.0
10007789,2014/15,09,310.0,5.0
10007789,2014/15,10,50.0,5.0
10007789,2014/15,11,385.0,20.0
10007789,2014/15,13,15.0,0.0
10007789,2014/15,15,1590.0,780.0
10007789,2014/15,16,525.0,25.0
10007789,2014/15,17,2005.0,150.0
10007789,2014/15,19,1215.0,70.0
10007789,2014/15,20,870.0,75.0
10007789,2014/15,22,565.0,335.0
10007789,2014/15,23,20.0,5.0
10007789,2014/15,24,385.0,25.0
10007789,2014/15,25,135.0,5.0
10007789,2014/15,26,755.0,20.0
10007789,2015/16,01,860.0,90.0
10007789,2015/16,02,2195.0,655.0
10007789,2015/16,03,980.0,40.0
10007789,2015/16,04,510.0,15.0
10007789,2015/16,05,5.0,0.0
10007789,2015/16,06,95.0,15.0
10007789,2015/16,07,410.0,10.0
10007789,2015/16,09,290.0,5.0
10007789,2015/16,10,55.0,5.0
10007789,2015/16,11,385.0,20.0
10007789,2015/16,13,5.0,5.0
10007789,2015/16,15,1600.0,545.0
10007789,2015/16,16,570.0,30.0
10007789,2015/16,17,1880.0,80.0
10007789,2015/16,19,1320.0,120.0
10007789,2015/16,20,910.0,100.0
10007789,2015/16,22,515.0,285.0
10007789,2015/16,23,20.0,10.0
10007789,2015/16,24,455.0,30.0
10007789,2015/16,25,145.0,10.0
10007789,2015/16,26,825.0,40.0
10007789,2016/17,01,830.0,110.0
10007789,2016/17,02,2375.0,640.0
10007789,2016/17,03,1075.0,15.0
10007789,2016/17,04,740.0,15.0
10007789,2016/17,05,15.0,0.0
10007789,2016/17,06,155.0,5.0
10007789,2016/17,07,385.0,0.0
10007789,2016/17,09,265.0,0.0
10007789,2016/17,10,90.0,0.0
10007789,2016/17,11,425.0,20.0
10007789,2016/17,15,1660.0,625.0
10007789,2016/17,16,655.0,10.0
10007789,2016/17,17,1980.0,40.0
10007789,2016/17,19,1455.0,80.0
10007789,2016/17,20,1070.0,80.0
10007789,2016/17,22,445.0,330.0
10007789,2016/17,23,35.0,10.0
10007789,2016/17,24,475.0,15.0
10007789,2016/17,25,140.0,10.0
10007789,2016/17,26,915.0,15.0
10007789,2017/18,01,850.0,95.0
10007789,2017/18,02,2325.0,660.0
10007789,2017/18,03,1170.0,20.0
10007789,2017/18,04,840.0,10.0
10007789,2017/18,05,20.0,0.0
10007789,2017/18,06,120.0,10.0
10007789,2017/18,07,375.0,0.0
10007789,2017/18,09,260.0,0.0
10007789,2017/18,10,110.0,0.0
10007789,2017/18,11,465.0,15.0
10007789,2017/18,13,5.0,0.0
10007789,2017/18,15,1735.0,680.0
10007789,2017/18,16,655.0,20.0
10007789,2017/18,17,2020.0,50.0
10007789,2017/18,19,1410.0,80.0
10007789,2017/18,20,1175.0,70.0
10007789,2017/18,22,535.0,330.0
10007789,2017/18,23,20.0,10.0
10007789,2017/18,24,525.0,10.0
10007789,2017/18,25,145.0,5.0
10007789,2017/18,26,935.0,20.0
10007789,2018/19,01,885.0,75.0
10007789,2018/19,02,2195.0,700.0
10007789,2018/19,03,1260.0,25.0
10007789,2018/19,04,885.0,5.0
10007789,2018/19,05,15.0,0.0
10007789,2018/19,06,100.0,10.0
10007789,2018/19,07,430.0,0.0
10007789,2018/19,09,275.0,0.0
10007789,2018/19,10,155.0,0.0
10007789,2018/19,11,550.0,15.0
10007789,2018/19,15,1885.0,495.0
10007789,2018/19,16,615.0,10.0
10007789,2018/19,17,2135.0,90.0
10007789,2018/19,19,1320.0,95.0
10007789,2018/19,20,1185.0,65.0
10007789,2018/19,22,560.0,260.0
10007789,2018/19,23,40.0,10.0
10007789,2018/19,24,475.0,15.0
10007789,2018/19,25,150.0,5.0
10007789,2018/19,26,925.0,20.0
10007789,2019/20,01,1015.0,50.0
10007789,2019/20,02,2375.0,555.0
10007789,2019/20,03,1100.0,25.0
10007789,2019/20,04,1090.0,10.0
10007789,2019/20,06,35.0,5.0
10007789,2019/20,07,420.0,0.0
10007789,2019/20,09,245.0,0.0
10007789,2019/20,10,175.0,0.0
10007789,2019/20,11,580.0,20.0
10007789,2019/20,15,2030.0,720.0
10007789,2019/20,16,655.0,10.0
10007789,2019/20,17,2135.0,120.0
10007789,2019/20,19,1225.0,95.0
10007789,2019/20,20,1055.0,70.0
10007789,2019/20,22,505.0,255.0
10007789,2019/20,23,70.0,35.0
10007789,2019/20,24,450.0,25.0
10007789,2019/20,25,145.0,0.0
10007789,2019/20,26,710.0,20.0
10007789,2020/21,01,1070.0,70.0
10007789,2020/21,02,2740.0,575.0
10007789,2020/21,03,1150.0,20.0
10007789,2020/21,04,1165.0,10.0
10007789,2020/21,07,450.0,0.0
10007789,2020/21,09,230.0,0.0
10007789,2020/21,10,220.0,0.0
10007789,2020/21,11,750.0,20.0
10007789,2020/21,15,2130.0,915.0
10007789,2020/21,16,705.0,15.0
10007789,2020/21,17,2100.0,135.0
10007789,2020/21,19,1170.0,115.0
10007789,2020/21,20,955.0,60.0
10007789,2020/21,22,510.0,275.0
10007789,2020/21,23,45.0,0.0
10007789,2020/21,24,450.0,20.0
10007789,2020/21,25,150.0,5.0
10007789,2020/21,26,720.0,25.0
10007789,2021/22,01,1180.0,110.0
10007789,2021/22,02,2685.0,1000.0
10007789,2021/22,03,1155.0,20.0
10007789,2021/22,04,1260.0,50.0
10007789,2021/22,06,5.0,0.0
10007789,2021/22,07,425.0,0.0
10007789,2021/22,09,205.0,0.0
10007789,2021/22,10,240.0,0.0
10007789,2021/22,11,795.0,20.0
10007789,2021/22,13,5.0,0.0
10007789,2021/22,15,1865.0,950.0
10007789,2021/22,16,725.0,5.0
10007789,2021/22,17,2110.0,100.0
10007789,2021/22,19,1010.0,120.0
10007789,2021/22,20,860.0,55.0
10007789,2021/22,22,415.0,295.0
10007789,2021/22,23,40.0,0.0
10007789,2021/22,24,475.0,20.0
10007789,2021/22,25,175.0,5.0
10007789,2021/22,26,750.0,25.0
10007789,2022/23,01,1210.0,60.0
10007789,2022/23,02,2475.0,1285.0
10007789,2022/23,03,1115.0,20.0
10007789,2022/23,04,1400.0,70.0
10007789,2022/23,06,10.0,0.0
10007789,2022/23,07,310.0,0.0
10007789,2022/23,09,205.0,0.0
10007789,2022/23,10,265.0,0.0
10007789,2022/23,11,780.0,20.0
10007789,2022/23,13,5.0,0.0
10007789,2022/23,15,1730.0,760.0
10007789,2022/23,16,730.0,5.0
10007789,2022/23,17,2245.0,100.0
10007789,2022/23,19,865.0,120.0
10007789,2022/23,20,710.0,45.0
10007789,2022/23,22,360.0,230.0
10007789,2022/23,23,50.0,0.0
10007789,2022/23,24,475.0,20.0
10007789,2022/23,25,190.0,5.0
10007789,2022/23,26,660.0,20.0
10007789,2023/24,01,1175.0,55.0
10007789,2023/24,02,2350.0,1330.0
10007789,2023/24,03,1100.0,15.0
10007789,2023/24,04,1440.0,40.0
10007789,2023/24,06,5.0,0.0
10007789,2023/24,07,270.0,5.0
10007789,2023/24,09,180.0,0.0
10007789,2023/24,10,305.0,0.0
10007789,2023/24,11,820.0,25.0
10007789,2023/24,15,1715.0,790.0
10007789,2023/24,16,730.0,5.0
10007789,2023/24,17,2465.0,90.0
10007789,2023/24,19,800.0,130.0
10007789,2023/24,20,610.0,40.0
10007789,2023/24,22,375.0,180.0
10007789,2023/24,23,80.0,0.0
10007789,2023/24,24,470.0,15.0
10007789,2023/24,25,200.0,10.0
10007789,2023/24,26,555.0,20.0
10007789,2024/25,01,1150.0,45.0
10007789,2024/25,02,2270.0,1515.0
10007789,2024/25,03,995.0,10.0
10007789,2024/25,04,1325.0,50.0
10007789,2024/25,06,5.0,0.0
10007789,2024/25,07,280.0,0.0
10007789,2024/25,09,165.0,0.0
10007789,2024/25,10,325.0,0.0
10007789,2024/25,11,825.0,20.0
10007789,2024/25,15,1425.0,640.0
10007789,2024/25,16,735.0,20.0
10007789,2024/25,17,1885.0,105.0
10007789,2024/25,19,730.0,135.0
10007789,2024/25,20,535.0,45.0
10007789,2024/25,22,345.0,180.0
10007789,2024/25,23,60.0,5.0
10007789,2024/25,24,415.0,25.0
10007789,2024/25,25,190.0,5.0
10007789,2024/25,26,475.0,15.0
10007790,2014/15,01,1620.0,565.0
10007790,2014/15,02,490.0,135.0
10007790,2014/15,03,2185.0,65.0
10007790,2014/15,04,655.0,50.0
10007790,2014/15,05,770.0,60.0
10007790,2014/15,06,210.0,115.0
10007790,2014/15,07,1265.0,30.0
10007790,2014/15,09,590.0,10.0
10007790,2014/15,10,1660.0,60.0
10007790,2014/15,11,985.0,30.0
10007790,2014/15,13,875.0,55.0
10007790,2014/15,15,2715.0,180.0
10007790,2014/15,16,1135.0,95.0
10007790,2014/15,17,1785.0,85.0
10007790,2014/15,19,2415.0,115.0
10007790,2014/15,20,2775.0,105.0
10007790,2014/15,22,1355.0,470.0
10007790,2014/15,23,185.0,580.0
10007790,2014/15,24,45.0,5.0
10007790,2014/15,25,1275.0,50.0
10007790,2014/15,26,980.0,50.0
10007790,2015/16,01,1565.0,565.0
10007790,2015/16,02,660.0,170.0
10007790,2015/16,03,2235.0,75.0
10007790,2015/16,04,735.0,65.0
10007790,2015/16,05,775.0,50.0
10007790,2015/16,06,195.0,130.0
10007790,2015/16,07,1340.0,50.0
10007790,2015/16,09,700.0,20.0
10007790,2015/16,10,1825.0,55.0
10007790,2015/16,11,1140.0,40.0
10007790,2015/16,13,970.0,50.0
10007790,2015/16,15,2825.0,170.0
10007790,2015/16,16,1305.0,110.0
10007790,2015/16,17,1805.0,85.0
10007790,2015/16,19,2420.0,110.0
10007790,2015/16,20,2920.0,110.0
10007790,2015/16,22,1345.0,435.0
10007790,2015/16,23,185.0,575.0
10007790,2015/16,24,55.0,20.0
10007790,2015/16,25,1340.0,50.0
10007790,2015/16,26,1050.0,35.0
10007790,2016/17,01,1490.0,580.0
10007790,2016/17,02,845.0,170.0
10007790,2016/17,03,2155.0,80.0
10007790,2016/17,04,795.0,115.0
10007790,2016/17,05,755.0,85.0
10007790,2016/17,06,170.0,155.0
10007790,2016/17,07,1435.0,25.0
10007790,2016/17,09,755.0,15.0
10007790,2016/17,10,1945.0,70.0
10007790,2016/17,11,1355.0,65.0
10007790,2016/17,13,1015.0,35.0
10007790,2016/17,15,2970.0,200.0
10007790,2016/17,16,1305.0,120.0
10007790,2016/17,17,1925.0,85.0
10007790,2016/17,19,2475.0,115.0
10007790,2016/17,20,3030.0,130.0
10007790,2016/17,22,1320.0,565.0
10007790,2016/17,23,195.0,755.0
10007790,2016/17,24,65.0,25.0
10007790,2016/17,25,1345.0,45.0
10007790,2016/17,26,1075.0,50.0
10007790,2017/18,01,1535.0,605.0
10007790,2017/18,02,905.0,185.0
10007790,2017/18,03,2125.0,105.0
10007790,2017/18,04,870.0,120.0
10007790,2017/18,05,770.0,105.0
10007790,2017/18,06,175.0,170.0
10007790,2017/18,07,1510.0,30.0
10007790,2017/18,09,865.0,20.0
10007790,2017/18,10,2040.0,75.0
10007790,2017/18,11,1545.0,95.0
10007790,2017/18,13,980.0,30.0
10007790,2017/18,15,3110.0,170.0
10007790,2017/18,16,1350.0,115.0
10007790,2017/18,17,2030.0,85.0
10007790,2017/18,19,2495.0,105.0
10007790,2017/18,20,3205.0,140.0
10007790,2017/18,22,1380.0,565.0
10007790,2017/18,23,215.0,385.0
10007790,2017/18,24,60.0,25.0
10007790,2017/18,25,1395.0,50.0
10007790,2017/18,26,1080.0,75.0
10007790,2018/19,01,1540.0,600.0
10007790,2018/19,02,990.0,195.0
10007790,2018/19,03,2065.0,135.0
10007790,2018/19,04,930.0,155.0
10007790,2018/19,05,790.0,145.0
10007790,2018/19,06,160.0,180.0
10007790,2018/19,07,1595.0,40.0
10007790,2018/19,09,1015.0,15.0
10007790,2018/19,10,2125.0,80.0
10007790,2018/19,11,1745.0,115.0
10007790,2018/19,13,925.0,25.0
10007790,2018/19,15,3265.0,180.0
10007790,2018/19,16,1500.0,130.0
10007790,2018/19,17,2080.0,90.0
10007790,2018/19,19,2500.0,110.0
10007790,2018/19,20,3215.0,150.0
10007790,2018/19,22,1550.0,550.0
10007790,2018/19,23,190.0,525.0
10007790,2018/19,24,65.0,25.0
10007790,2018/19,25,1400.0,50.0
10007790,2018/19,26,1055.0,90.0
10007790,2019/20,01,1420.0,425.0
10007790,2019/20,02,1050.0,250.0
10007790,2019/20,03,2205.0,180.0
10007790,2019/20,04,1115.0,150.0
10007790,2019/20,05,795.0,135.0
10007790,2019/20,06,120.0,155.0
10007790,2019/20,07,1655.0,30.0
10007790,2019/20,09,1230.0,20.0
10007790,2019/20,10,2395.0,60.0
10007790,2019/20,11,1745.0,205.0
10007790,2019/20,13,835.0,30.0
10007790,2019/20,15,3400.0,245.0
10007790,2019/20,16,1540.0,125.0
10007790,2019/20,17,2095.0,90.0
10007790,2019/20,19,2480.0,90.0
10007790,2019/20,20,3170.0,185.0
10007790,2019/20,22,1670.0,550.0
10007790,2019/20,23,230.0,295.0
10007790,2019/20,24,125.0,25.0
10007790,2019/20,25,1560.0,60.0
10007790,2019/20,26,1145.0,85.0
10007790,2020/21,01,1470.0,530.0
10007790,2020/21,02,1085.0,290.0
10007790,2020/21,03,2310.0,220.0
10007790,2020/21,04,1160.0,160.0
10007790,2020/21,05,850.0,175.0
10007790,2020/21,06,140.0,185.0
10007790,2020/21,07,1770.0,20.0
10007790,2020/21,09,1330.0,20.0
10007790,2020/21,10,2475.0,30.0
10007790,2020/21,11,1900.0,280.0
10007790,2020/21,13,885.0,20.0
10007790,2020/21,15,3865.0,190.0
10007790,2020/21,16,1505.0,115.0
10007790,2020/21,17,2295.0,165.0
10007790,2020/21,19,2630.0,85.0
10007790,2020/21,20,3290.0,240.0
10007790,2020/21,22,1635.0,625.0
10007790,2020/21,23,200.0,320.0
10007790,2020/21,24,205.0,30.0
10007790,2020/21,25,1730.0,70.0
10007790,2020/21,26,1210.0,125.0
10007790,2021/22,01,1575.0,840.0
10007790,2021/22,02,1205.0,375.0
10007790,2021/22,03,2525.0,295.0
10007790,2021/22,04,1355.0,170.0
10007790,2021/22,05,870.0,180.0
10007790,2021/22,06,85.0,275.0
10007790,2021/22,07,1780.0,40.0
10007790,2021/22,09,1540.0,25.0
10007790,2021/22,10,2505.0,60.0
10007790,2021/22,11,1935.0,410.0
10007790,2021/22,13,1010.0,25.0
10007790,2021/22,15,4295.0,305.0
10007790,2021/22,16,1580.0,170.0
10007790,2021/22,17,2545.0,145.0
10007790,2021/22,19,2835.0,85.0
10007790,2021/22,20,3520.0,320.0
10007790,2021/22,22,1490.0,655.0
10007790,2021/22,23,240.0,425.0
10007790,2021/22,24,240.0,30.0
10007790,2021/22,25,1880.0,65.0
10007790,2021/22,26,1210.0,135.0
10007790,2022/23,01,1495.0,615.0
10007790,2022/23,02,1220.0,295.0
10007790,2022/23,03,2470.0,200.0
10007790,2022/23,04,1260.0,145.0
10007790,2022/23,05,845.0,125.0
10007790,2022/23,06,75.0,160.0
10007790,2022/23,07,1780.0,55.0
10007790,2022/23,09,1465.0,20.0
10007790,2022/23,10,2475.0,50.0
10007790,2022/23,11,1835.0,360.0
10007790,2022/23,13,960.0,35.0
10007790,2022/23,15,4100.0,215.0
10007790,2022/23,16,1505.0,120.0
10007790,2022/23,17,2445.0,200.0
10007790,2022/23,19,2720.0,95.0
10007790,2022/23,20,3315.0,210.0
10007790,2022/23,22,1375.0,585.0
10007790,2022/23,23,265.0,570.0
10007790,2022/23,24,180.0,10.0
10007790,2022/23,25,1920.0,65.0
10007790,2022/23,26,1200.0,70.0
10007790,2023/24,01,1785.0,735.0
10007790,2023/24,02,1250.0,365.0
10007790,2023/24,03,2595.0,240.0
10007790,2023/24,04,1255.0,160.0
10007790,2023/24,05,855.0,240.0
10007790,2023/24,06,65.0,255.0
10007790,2023/24,07,1925.0,15.0
10007790,2023/24,09,1525.0,5.0
10007790,2023/24,10,2410.0,25.0
10007790,2023/24,11,1855.0,575.0
10007790,2023/24,13,845.0,20.0
10007790,2023/24,15,4265.0,205.0
10007790,2023/24,16,1525.0,110.0
10007790,2023/24,17,2360.0,220.0
10007790,2023/24,19,2745.0,50.0
10007790,2023/24,20,3495.0,220.0
10007790,2023/24,22,1420.0,670.0
10007790,2023/24,23,335.0,580.0
10007790,2023/24,24,175.0,15.0
10007790,2023/24,25,1845.0,55.0
10007790,2023/24,26,1250.0,80.0
10007790,2024/25,01,1790.0,555.0
10007790,2024/25,02,1205.0,250.0
10007790,2024/25,03,2555.0,180.0
10007790,2024/25,04,1170.0,115.0
10007790,2024/25,05,850.0,140.0
10007790,2024/25,06,55.0,170.0
10007790,2024/25,07,1925.0,80.0
10007790,2024/25,09,1390.0,80.0
10007790,2024/25,10,2500.0,70.0
10007790,2024/25,11,1925.0,260.0
10007790,2024/25,13,920.0,25.0
10007790,2024/25,15,3935.0,190.0
10007790,2024/25,16,1585.0,115.0
10007790,2024/25,17,2365.0,95.0
10007790,2024/25,19,2630.0,75.0
10007790,2024/25,20,3380.0,250.0
10007790,2024/25,22,1430.0,515.0
10007790,2024/25,23,375.0,280.0
10007790,2024/25,24,210.0,10.0
10007790,2024/25,25,2000.0,70.0
10007790,2024/25,26,1235.0,55.0
10007791,2014/15,02,1180.0,740.0
10007791,2014/15,03,885.0,20.0
10007791,2014/15,04,850.0,215.0
10007791,2014/15,05,5.0,5.0
10007791,2014/15,06,65.0,60.0
10007791,2014/15,07,5.0,0.0
10007791,2014/15,09,230.0,5.0
10007791,2014/15,10,125.0,20.0
10007791,2014/15,11,615.0,25.0
10007791,2014/15,13,40.0,30.0
10007791,2014/15,15,1910.0,70.0
10007791,2014/15,16,935.0,180.0
10007791,2014/15,17,2200.0,535.0
10007791,2014/15,19,980.0,70.0
10007791,2014/15,20,670.0,45.0
10007791,2014/15,22,100.0,205.0
10007791,2014/15,23,10.0,0.0
10007791,2014/15,24,20.0,0.0
10007791,2014/15,25,1360.0,30.0
10007791,2015/16,01,5.0,0.0
10007791,2015/16,02,1155.0,575.0
10007791,2015/16,03,805.0,15.0
10007791,2015/16,04,935.0,475.0
10007791,2015/16,05,5.0,5.0
10007791,2015/16,06,5.0,35.0
10007791,2015/16,07,5.0,0.0
10007791,2015/16,09,200.0,5.0
10007791,2015/16,10,135.0,10.0
10007791,2015/16,11,705.0,25.0
10007791,2015/16,13,10.0,15.0
10007791,2015/16,15,2030.0,45.0
10007791,2015/16,16,1015.0,115.0
10007791,2015/16,17,2165.0,300.0
10007791,2015/16,19,900.0,50.0
10007791,2015/16,20,660.0,30.0
10007791,2015/16,22,60.0,70.0
10007791,2015/16,23,15.0,0.0
10007791,2015/16,24,35.0,0.0
10007791,2015/16,25,1165.0,15.0
10007791,2016/17,01,5.0,5.0
10007791,2016/17,02,1270.0,680.0
10007791,2016/17,03,805.0,15.0
10007791,2016/17,04,1060.0,755.0
10007791,2016/17,06,0.0,10.0
10007791,2016/17,07,5.0,0.0
10007791,2016/17,09,180.0,5.0
10007791,2016/17,10,140.0,5.0
10007791,2016/17,11,800.0,30.0
10007791,2016/17,13,0.0,5.0
10007791,2016/17,15,2255.0,30.0
10007791,2016/17,16,1135.0,85.0
10007791,2016/17,17,2350.0,220.0
10007791,2016/17,19,900.0,55.0
10007791,2016/17,20,630.0,25.0
10007791,2016/17,22,35.0,45.0
10007791,2016/17,23,15.0,0.0
10007791,2016/17,24,45.0,0.0
10007791,2016/17,25,965.0,10.0
10007791,2017/18,01,0.0,10.0
10007791,2017/18,02,1255.0,465.0
10007791,2017/18,03,805.0,15.0
10007791,2017/18,04,1130.0,805.0
10007791,2017/18,06,0.0,5.0
10007791,2017/18,07,5.0,0.0
10007791,2017/18,09,235.0,5.0
10007791,2017/18,10,125.0,10.0
10007791,2017/18,11,910.0,40.0
10007791,2017/18,15,2410.0,50.0
10007791,2017/18,16,1305.0,75.0
10007791,2017/18,17,2285.0,175.0
10007791,2017/18,19,830.0,60.0
10007791,2017/18,20,565.0,30.0
10007791,2017/18,22,0.0,60.0
10007791,2017/18,23,15.0,0.0
10007791,2017/18,24,70.0,0.0
10007791,2017/18,25,955.0,10.0
10007791,2018/19,01,0.0,10.0
10007791,2018/19,02,1420.0,460.0
10007791,2018/19,03,815.0,10.0
10007791,2018/19,04,1205.0,760.0
10007791,2018/19,07,5.0,0.0
10007791,2018/19,09,285.0,5.0
10007791,2018/19,10,145.0,15.0
10007791,2018/19,11,955.0,70.0
10007791,2018/19,15,2615.0,85.0
10007791,2018/19,16,1505.0,50.0
10007791,2018/19,17,2530.0,120.0
10007791,2018/19,19,770.0,80.0
10007791,2018/19,20,535.0,30.0
10007791,2018/19,22,0.0,60.0
10007791,2018/19,23,15.0,0.0
10007791,2018/19,24,90.0,0.0
10007791,2018/19,25,935.0,10.0
10007791,2019/20,02,1305.0,70.0
10007791,2019/20,03,990.0,90.0
10007791,2019/20,04,1260.0,765.0
10007791,2019/20,09,345.0,10.0
10007791,2019/20,10,540.0,30.0
10007791,2019/20,11,725.0,65.0
10007791,2019/20,15,2830.0,425.0
10007791,2019/20,16,1580.0,55.0
10007791,2019/20,17,2560.0,105.0
10007791,2019/20,19,750.0,50.0
10007791,2019/20,20,600.0,35.0
10007791,2019/20,22,35.0,50.0
10007791,2019/20,23,150.0,15.0
10007791,2019/20,24,140.0,5.0
10007791,2019/20,25,945.0,5.0
10007791,2020/21,01,0.0,5.0
10007791,2020/21,02,1625.0,575.0
10007791,2020/21,03,1050.0,25.0
10007791,2020/21,04,1425.0,710.0
10007791,2020/21,09,550.0,10.0
10007791,2020/21,10,865.0,30.0
10007791,2020/21,11,675.0,25.0
10007791,2020/21,15,2920.0,510.0
10007791,2020/21,16,1640.0,50.0
10007791,2020/21,17,2820.0,95.0
10007791,2020/21,19,760.0,45.0
10007791,2020/21,20,440.0,80.0
10007791,2020/21,22,35.0,190.0
10007791,2020/21,23,260.0,40.0
10007791,2020/21,24,140.0,5.0
10007791,2020/21,25,850.0,10.0
10007791,2021/22,01,0.0,10.0
10007791,2021/22,02,1835.0,740.0
10007791,2021/22,03,990.0,40.0
10007791,2021/22,04,1380.0,900.0
10007791,2021/22,09,635.0,25.0
10007791,2021/22,10,920.0,50.0
10007791,2021/22,11,590.0,50.0
10007791,2021/22,15,2710.0,245.0
10007791,2021/22,16,1530.0,50.0
10007791,2021/22,17,2745.0,115.0
10007791,2021/22,19,640.0,60.0
10007791,2021/22,20,370.0,45.0
10007791,2021/22,22,20.0,40.0
10007791,2021/22,23,295.0,40.0
10007791,2021/22,24,140.0,5.0
10007791,2021/22,25,890.0,10.0
10007791,2022/23,01,0.0,10.0
10007791,2022/23,02,2055.0,805.0
10007791,2022/23,03,995.0,20.0
10007791,2022/23,04,1405.0,865.0
10007791,2022/23,09,800.0,10.0
10007791,2022/23,10,1075.0,15.0
10007791,2022/23,11,670.0,15.0
10007791,2022/23,15,2835.0,245.0
10007791,2022/23,16,1385.0,20.0
10007791,2022/23,17,2905.0,40.0
10007791,2022/23,19,600.0,45.0
10007791,2022/23,20,325.0,45.0
10007791,2022/23,22,25.0,95.0
10007791,2022/23,23,440.0,50.0
10007791,2022/23,24,130.0,0.0
10007791,2022/23,25,850.0,5.0
10007791,2022/23,26,5.0,0.0
10007791,2023/24,01,0.0,5.0
10007791,2023/24,02,1905.0,1085.0
10007791,2023/24,03,875.0,50.0
10007791,2023/24,04,1090.0,350.0
10007791,2023/24,09,540.0,20.0
10007791,2023/24,10,830.0,45.0
10007791,2023/24,11,625.0,40.0
10007791,2023/24,15,2440.0,550.0
10007791,2023/24,16,1095.0,25.0
10007791,2023/24,17,2150.0,90.0
10007791,2023/24,19,550.0,50.0
10007791,2023/24,20,280.0,40.0
10007791,2023/24,22,30.0,65.0
10007791,2023/24,23,415.0,50.0
10007791,2023/24,24,115.0,5.0
10007791,2023/24,25,850.0,5.0
10007791,2023/24,26,10.0,0.0
10007791,2024/25,01,0.0,5.0
10007791,2024/25,02,1935.0,1050.0
10007791,2024/25,03,810.0,45.0
10007791,2024/25,04,920.0,100.0
10007791,2024/25,09,390.0,20.0
10007791,2024/25,10,695.0,35.0
10007791,2024/25,11,595.0,25.0
10007791,2024/25,15,1895.0,70.0
10007791,2024/25,16,1135.0,20.0
10007791,2024/25,17,1935.0,65.0
10007791,2024/25,19,495.0,50.0
10007791,2024/25,20,240.0,35.0
10007791,2024/25,22,20.0,120.0
10007791,2024/25,23,365.0,65.0
10007791,2024/25,24,95.0,5.0
10007791,2024/25,25,780.0,0.0
10007791,2024/25,26,15.0,0.0
10007792,2014/15,01,650.0,25.0
10007792,2014/15,02,360.0,15.0
10007792,2014/15,03,1945.0,55.0
10007792,2014/15,04,870.0,165.0
10007792,2014/15,07,460.0,5.0
10007792,2014/15,09,625.0,5.0
10007792,2014/15,10,960.0,25.0
10007792,2014/15,11,130.0,0.0
10007792,2014/15,15,2440.0,90.0
10007792,2014/15,16,1230.0,20.0
10007792,2014/15,17,2425.0,100.0
10007792,2014/15,19,2505.0,80.0
10007792,2014/15,20,1740.0,145.0
10007792,2014/15,22,660.0,410.0
10007792,2014/15,23,760.0,10.0
10007792,2014/15,25,435.0,5.0
10007792,2014/15,26,1160.0,25.0
10007792,2015/16,01,655.0,25.0
10007792,2015/16,02,465.0,20.0
10007792,2015/16,03,2050.0,65.0
10007792,2015/16,04,895.0,170.0
10007792,2015/16,07,540.0,5.0
10007792,2015/16,09,715.0,10.0
10007792,2015/16,10,1000.0,35.0
10007792,2015/16,11,190.0,5.0
10007792,2015/16,15,2660.0,75.0
10007792,2015/16,16,1270.0,20.0
10007792,2015/16,17,2560.0,75.0
10007792,2015/16,19,2530.0,65.0
10007792,2015/16,20,1920.0,110.0
10007792,2015/16,22,665.0,435.0
10007792,2015/16,23,725.0,10.0
10007792,2015/16,25,425.0,15.0
10007792,2015/16,26,1255.0,20.0
10007792,2016/17,01,700.0,25.0
10007792,2016/17,02,600.0,165.0
10007792,2016/17,03,2170.0,60.0
10007792,2016/17,04,960.0,265.0
10007792,2016/17,07,600.0,5.0
10007792,2016/17,09,880.0,10.0
10007792,2016/17,10,1110.0,35.0
10007792,2016/17,11,250.0,5.0
10007792,2016/17,15,2895.0,90.0
10007792,2016/17,16,1305.0,45.0
10007792,2016/17,17,2545.0,130.0
10007792,2016/17,19,2690.0,80.0
10007792,2016/17,20,2030.0,100.0
10007792,2016/17,22,605.0,495.0
10007792,2016/17,23,680.0,10.0
10007792,2016/17,25,440.0,15.0
10007792,2016/17,26,1175.0,20.0
10007792,2017/18,01,720.0,35.0
10007792,2017/18,02,735.0,150.0
10007792,2017/18,03,2135.0,55.0
10007792,2017/18,04,1035.0,320.0
10007792,2017/18,07,610.0,10.0
10007792,2017/18,09,845.0,25.0
10007792,2017/18,10,1175.0,75.0
10007792,2017/18,11,285.0,15.0
10007792,2017/18,15,3105.0,345.0
10007792,2017/18,16,1215.0,35.0
10007792,2017/18,17,2675.0,85.0
10007792,2017/18,19,2755.0,80.0
10007792,2017/18,20,1800.0,105.0
10007792,2017/18,22,665.0,565.0
10007792,2017/18,23,580.0,10.0
10007792,2017/18,25,535.0,20.0
10007792,2017/18,26,1195.0,60.0
10007792,2018/19,01,755.0,45.0
10007792,2018/19,02,820.0,135.0
10007792,2018/19,03,2095.0,55.0
10007792,2018/19,04,1070.0,300.0
10007792,2018/19,07,615.0,5.0
10007792,2018/19,09,960.0,20.0
10007792,2018/19,10,1175.0,95.0
10007792,2018/19,11,320.0,120.0
10007792,2018/19,15,3225.0,120.0
10007792,2018/19,16,1240.0,35.0
10007792,2018/19,17,2820.0,225.0
10007792,2018/19,19,2735.0,85.0
10007792,2018/19,20,2265.0,110.0
10007792,2018/19,22,670.0,660.0
10007792,2018/19,23,525.0,10.0
10007792,2018/19,25,470.0,15.0
10007792,2018/19,26,1180.0,30.0
10007792,2019/20,01,955.0,170.0
10007792,2019/20,02,1040.0,80.0
10007792,2019/20,03,1885.0,55.0
10007792,2019/20,04,1175.0,400.0
10007792,2019/20,06,15.0,5.0
10007792,2019/20,07,705.0,10.0
10007792,2019/20,09,945.0,35.0
10007792,2019/20,10,1215.0,120.0
10007792,2019/20,11,405.0,225.0
10007792,2019/20,15,3355.0,100.0
10007792,2019/20,16,1335.0,25.0
10007792,2019/20,17,3230.0,380.0
10007792,2019/20,19,2770.0,100.0
10007792,2019/20,20,2280.0,85.0
10007792,2019/20,22,740.0,675.0
10007792,2019/20,23,665.0,10.0
10007792,2019/20,24,150.0,10.0
10007792,2019/20,25,340.0,10.0
10007792,2019/20,26,1210.0,30.0
10007792,2020/21,01,1055.0,290.0
10007792,2020/21,02,1335.0,85.0
10007792,2020/21,03,2115.0,65.0
10007792,2020/21,04,1415.0,555.0
10007792,2020/21,06,15.0,0.0
10007792,2020/21,07,685.0,10.0
10007792,2020/21,09,975.0,15.0
10007792,2020/21,10,1370.0,130.0
10007792,2020/21,11,595.0,340.0
10007792,2020/21,15,3650.0,105.0
10007792,2020/21,16,1595.0,45.0
10007792,2020/21,17,3905.0,725.0
10007792,2020/21,19,2665.0,90.0
10007792,2020/21,20,2215.0,105.0
10007792,2020/21,22,760.0,720.0
10007792,2020/21,23,695.0,10.0
10007792,2020/21,24,190.0,10.0
10007792,2020/21,25,360.0,15.0
10007792,2020/21,26,1305.0,35.0
10007792,2021/22,01,1175.0,325.0
10007792,2021/22,02,1540.0,115.0
10007792,2021/22,03,2225.0,85.0
10007792,2021/22,04,1555.0,645.0
10007792,2021/22,06,15.0,5.0
10007792,2021/22,07,655.0,15.0
10007792,2021/22,09,1035.0,40.0
10007792,2021/22,10,1475.0,165.0
10007792,2021/22,11,735.0,410.0
10007792,2021/22,15,3760.0,185.0
10007792,2021/22,16,1945.0,50.0
10007792,2021/22,17,4365.0,785.0
10007792,2021/22,19,2560.0,85.0
10007792,2021/22,20,2220.0,115.0
10007792,2021/22,22,775.0,725.0
10007792,2021/22,23,655.0,10.0
10007792,2021/22,24,315.0,10.0
10007792,2021/22,25,325.0,20.0
10007792,2021/22,26,1300.0,55.0
10007792,2022/23,01,1265.0,400.0
10007792,2022/23,02,1615.0,140.0
10007792,2022/23,03,2215.0,90.0
10007792,2022/23,04,1670.0,855.0
10007792,2022/23,06,10.0,5.0
10007792,2022/23,07,615.0,20.0
10007792,2022/23,09,900.0,50.0
10007792,2022/23,10,1485.0,210.0
10007792,2022/23,11,795.0,490.0
10007792,2022/23,15,3665.0,210.0
10007792,2022/23,16,1925.0,50.0
10007792,2022/23,17,4200.0,1220.0
10007792,2022/23,19,2345.0,115.0
10007792,2022/23,20,2135.0,115.0
10007792,2022/23,22,580.0,750.0
10007792,2022/23,23,635.0,10.0
10007792,2022/23,24,380.0,10.0
10007792,2022/23,25,300.0,25.0
10007792,2022/23,26,1265.0,65.0
10007792,2023/24,01,1265.0,355.0
10007792,2023/24,02,1705.0,190.0
10007792,2023/24,03,2125.0,95.0
10007792,2023/24,04,1650.0,885.0
10007792,2023/24,06,10.0,0.0
10007792,2023/24,07,575.0,15.0
10007792,2023/24,09,910.0,50.0
10007792,2023/24,10,1480.0,190.0
10007792,2023/24,11,920.0,485.0
10007792,2023/24,15,3570.0,210.0
10007792,2023/24,16,2015.0,45.0
10007792,2023/24,17,4210.0,1400.0
10007792,2023/24,19,2200.0,90.0
10007792,2023/24,20,2080.0,110.0
10007792,2023/24,22,635.0,625.0
10007792,2023/24,23,615.0,5.0
10007792,2023/24,24,480.0,10.0
10007792,2023/24,25,295.0,20.0
10007792,2023/24,26,1295.0,60.0
10007792,2024/25,01,1240.0,415.0
10007792,2024/25,02,1655.0,195.0
10007792,2024/25,03,2095.0,110.0
10007792,2024/25,04,1630.0,990.0
10007792,2024/25,06,5.0,0.0
10007792,2024/25,07,605.0,25.0
10007792,2024/25,09,865.0,50.0
10007792,2024/25,10,1335.0,230.0
10007792,2024/25,11,945.0,485.0
10007792,2024/25,15,3485.0,245.0
10007792,2024/25,16,2035.0,30.0
10007792,2024/25,17,4395.0,2065.0
10007792,2024/25,19,1890.0,110.0
10007792,2024/25,20,1965.0,140.0
10007792,2024/25,22,645.0,495.0
10007792,2024/25,23,555.0,5.0
10007792,2024/25,24,595.0,10.0
10007792,2024/25,25,275.0,15.0
10007792,2024/25,26,1230.0,50.0
10007793,2014/15,01,0.0,10.0
10007793,2014/15,02,1520.0,1885.0
10007793,2014/15,03,1210.0,1325.0
10007793,2014/15,04,685.0,110.0
10007793,2014/15,06,110.0,20.0
10007793,2014/15,07,665.0,25.0
10007793,2014/15,09,165.0,0.0
10007793,2014/15,10,1515.0,1590.0
10007793,2014/15,11,1170.0,140.0
10007793,2014/15,13,160.0,310.0
10007793,2014/15,15,1365.0,280.0
10007793,2014/15,16,560.0,145.0
10007793,2014/15,17,2350.0,2375.0
10007793,2014/15,19,290.0,65.0
10007793,2014/15,20,255.0,80.0
10007793,2014/15,22,810.0,1915.0
10007793,2014/15,23,45.0,0.0
10007793,2014/15,24,560.0,5.0
10007793,2014/15,25,3410.0,375.0
10007793,2014/15,26,210.0,10.0
10007793,2015/16,01,0.0,5.0
10007793,2015/16,02,1485.0,2550.0
10007793,2015/16,03,1365.0,100.0
10007793,2015/16,04,710.0,75.0
10007793,2015/16,05,10.0,0.0
10007793,2015/16,06,100.0,20.0
10007793,2015/16,07,695.0,10.0
10007793,2015/16,09,145.0,0.0
10007793,2015/16,10,1380.0,1160.0
10007793,2015/16,11,1250.0,115.0
10007793,2015/16,13,170.0,330.0
10007793,2015/16,15,1435.0,250.0
10007793,2015/16,16,480.0,125.0
10007793,2015/16,17,2095.0,1795.0
10007793,2015/16,19,240.0,50.0
10007793,2015/16,20,220.0,50.0
10007793,2015/16,22,635.0,1560.0
10007793,2015/16,23,150.0,0.0
10007793,2015/16,24,600.0,5.0
10007793,2015/16,25,3320.0,395.0
10007793,2015/16,26,180.0,5.0
10007793,2016/17,01,0.0,5.0
10007793,2016/17,02,1510.0,2290.0
10007793,2016/17,03,1465.0,100.0
10007793,2016/17,04,860.0,95.0
10007793,2016/17,05,20.0,0.0
10007793,2016/17,06,115.0,15.0
10007793,2016/17,07,685.0,20.0
10007793,2016/17,09,105.0,0.0
10007793,2016/17,10,1285.0,895.0
10007793,2016/17,11,1270.0,115.0
10007793,2016/17,13,135.0,300.0
10007793,2016/17,15,1520.0,215.0
10007793,2016/17,16,420.0,115.0
10007793,2016/17,17,1950.0,1460.0
10007793,2016/17,19,200.0,40.0
10007793,2016/17,20,210.0,65.0
10007793,2016/17,22,565.0,1100.0
10007793,2016/17,23,25.0,0.0
10007793,2016/17,24,535.0,5.0
10007793,2016/17,25,3285.0,290.0
10007793,2016/17,26,165.0,0.0
10007793,2017/18,02,1775.0,2530.0
10007793,2017/18,03,1590.0,90.0
10007793,2017/18,04,715.0,65.0
10007793,2017/18,05,35.0,0.0
10007793,2017/18,06,95.0,10.0
10007793,2017/18,07,750.0,30.0
10007793,2017/18,09,95.0,0.0
10007793,2017/18,10,1165.0,705.0
10007793,2017/18,11,950.0,120.0
10007793,2017/18,13,110.0,310.0
10007793,2017/18,15,1535.0,165.0
10007793,2017/18,16,415.0,85.0
10007793,2017/18,17,1890.0,1135.0
10007793,2017/18,19,180.0,35.0
10007793,2017/18,20,200.0,70.0
10007793,2017/18,22,575.0,1050.0
10007793,2017/18,23,15.0,0.0
10007793,2017/18,24,415.0,5.0
10007793,2017/18,25,3485.0,285.0
10007793,2017/18,26,175.0,0.0
10007793,2018/19,02,1775.0,2045.0
10007793,2018/19,03,1620.0,115.0
10007793,2018/19,04,765.0,70.0
10007793,2018/19,05,45.0,0.0
10007793,2018/19,06,140.0,15.0
10007793,2018/19,07,835.0,380.0
10007793,2018/19,09,105.0,25.0
10007793,2018/19,10,1030.0,620.0
10007793,2018/19,11,925.0,120.0
10007793,2018/19,13,140.0,330.0
10007793,2018/19,15,1620.0,195.0
10007793,2018/19,16,385.0,95.0
10007793,2018/19,17,1655.0,1095.0
10007793,2018/19,19,140.0,20.0
10007793,2018/19,20,170.0,70.0
10007793,2018/19,22,570.0,915.0
10007793,2018/19,23,5.0,0.0
10007793,2018/19,24,410.0,0.0
10007793,2018/19,25,3430.0,250.0
10007793,2018/19,26,185.0,0.0
10007793,2019/20,01,70.0,0.0
10007793,2019/20,02,1980.0,1875.0
10007793,2019/20,03,1545.0,130.0
10007793,2019/20,04,800.0,65.0
10007793,2019/20,05,60.0,0.0
10007793,2019/20,06,125.0,25.0
10007793,2019/20,07,500.0,5.0
10007793,2019/20,09,90.0,10.0
10007793,2019/20,10,1150.0,765.0
10007793,2019/20,11,1370.0,150.0
10007793,2019/20,13,165.0,290.0
10007793,2019/20,15,1620.0,220.0
10007793,2019/20,16,1060.0,640.0
10007793,2019/20,17,1770.0,1155.0
10007793,2019/20,19,110.0,15.0
10007793,2019/20,20,145.0,65.0
10007793,2019/20,22,435.0,845.0
10007793,2019/20,23,15.0,5.0
10007793,2019/20,24,375.0,0.0
10007793,2019/20,25,2925.0,260.0
10007793,2019/20,26,240.0,10.0
10007793,2020/21,01,60.0,0.0
10007793,2020/21,02,2110.0,2210.0
10007793,2020/21,03,1575.0,165.0
10007793,2020/21,04,780.0,85.0
10007793,2020/21,05,65.0,0.0
10007793,2020/21,06,105.0,20.0
10007793,2020/21,07,475.0,10.0
10007793,2020/21,09,70.0,15.0
10007793,2020/21,10,1170.0,760.0
10007793,2020/21,11,1300.0,165.0
10007793,2020/21,13,180.0,250.0
10007793,2020/21,15,1650.0,215.0
10007793,2020/21,16,1315.0,620.0
10007793,2020/21,17,1885.0,825.0
10007793,2020/21,19,80.0,15.0
10007793,2020/21,20,110.0,70.0
10007793,2020/21,22,395.0,865.0
10007793,2020/21,23,25.0,0.0
10007793,2020/21,24,450.0,0.0
10007793,2020/21,25,2655.0,230.0
10007793,2020/21,26,175.0,10.0
10007793,2021/22,01,60.0,0.0
10007793,2021/22,02,2255.0,1990.0
10007793,2021/22,03,1590.0,105.0
10007793,2021/22,04,750.0,65.0
10007793,2021/22,05,85.0,0.0
10007793,2021/22,06,85.0,20.0
10007793,2021/22,07,455.0,10.0
10007793,2021/22,09,60.0,10.0
10007793,2021/22,10,1175.0,625.0
10007793,2021/22,11,1255.0,170.0
10007793,2021/22,13,215.0,250.0
10007793,2021/22,15,1465.0,165.0
10007793,2021/22,16,1655.0,760.0
10007793,2021/22,17,2485.0,765.0
10007793,2021/22,19,70.0,15.0
10007793,2021/22,20,90.0,60.0
10007793,2021/22,22,365.0,855.0
10007793,2021/22,23,45.0,0.0
10007793,2021/22,24,480.0,0.0
10007793,2021/22,25,2310.0,320.0
10007793,2021/22,26,125.0,15.0
10007793,2022/23,01,55.0,0.0
10007793,2022/23,02,2695.0,2505.0
10007793,2022/23,03,1565.0,105.0
10007793,2022/23,04,780.0,85.0
10007793,2022/23,05,85.0,0.0
10007793,2022/23,06,80.0,10.0
10007793,2022/23,07,350.0,10.0
10007793,2022/23,09,90.0,15.0
10007793,2022/23,10,1160.0,665.0
10007793,2022/23,11,1355.0,165.0
10007793,2022/23,13,335.0,245.0
10007793,2022/23,15,1325.0,170.0
10007793,2022/23,16,2055.0,905.0
10007793,2022/23,17,3830.0,720.0
10007793,2022/23,19,65.0,10.0
10007793,2022/23,20,70.0,65.0
10007793,2022/23,22,485.0,845.0
10007793,2022/23,23,125.0,0.0
10007793,2022/23,24,465.0,0.0
10007793,2022/23,25,2155.0,345.0
10007793,2022/23,26,175.0,15.0
10007793,2023/24,01,50.0,0.0
10007793,2023/24,02,2460.0,2105.0
10007793,2023/24,03,1360.0,80.0
10007793,2023/24,04,730.0,100.0
10007793,2023/24,05,90.0,0.0
10007793,2023/24,06,75.0,5.0
10007793,2023/24,07,340.0,15.0
10007793,2023/24,09,95.0,0.0
10007793,2023/24,10,1050.0,645.0
10007793,2023/24,11,1425.0,135.0
10007793,2023/24,13,325.0,265.0
10007793,2023/24,15,1085.0,135.0
10007793,2023/24,16,1840.0,850.0
10007793,2023/24,17,3525.0,540.0
10007793,2023/24,19,65.0,10.0
10007793,2023/24,20,60.0,20.0
10007793,2023/24,22,455.0,685.0
10007793,2023/24,23,135.0,0.0
10007793,2023/24,24,370.0,0.0
10007793,2023/24,25,2030.0,340.0
10007793,2023/24,26,155.0,20.0
10007793,2024/25,01,50.0,0.0
10007793,2024/25,02,2265.0,2145.0
10007793,2024/25,03,1400.0,75.0
10007793,2024/25,04,670.0,95.0
10007793,2024/25,05,80.0,0.0
10007793,2024/25,06,65.0,5.0
10007793,2024/25,07,300.0,25.0
10007793,2024/25,09,55.0,15.0
10007793,2024/25,10,815.0,675.0
10007793,2024/25,11,1275.0,145.0
10007793,2024/25,13,185.0,320.0
10007793,2024/25,15,930.0,80.0
10007793,2024/25,16,1675.0,685.0
10007793,2024/25,17,2215.0,460.0
10007793,2024/25,19,50.0,45.0
10007793,2024/25,20,50.0,20.0
10007793,2024/25,22,385.0,570.0
10007793,2024/25,23,65.0,0.0
10007793,2024/25,24,350.0,0.0
10007793,2024/25,25,2050.0,350.0
10007793,2024/25,26,140.0,5.0
10007794,2014/15,01,2295.0,260.0
10007794,2014/15,02,920.0,100.0
10007794,2014/15,03,1445.0,45.0
10007794,2014/15,04,1000.0,515.0
10007794,2014/15,05,720.0,15.0
10007794,2014/15,06,190.0,5.0
10007794,2014/15,07,1220.0,25.0
10007794,2014/15,09,605.0,5.0
10007794,2014/15,10,1730.0,40.0
10007794,2014/15,11,725.0,55.0
10007794,2014/15,13,115.0,60.0
10007794,2014/15,15,2005.0,215.0
10007794,2014/15,16,1150.0,55.0
10007794,2014/15,17,2315.0,45.0
10007794,2014/15,19,1810.0,85.0
10007794,2014/15,20,1895.0,740.0
10007794,2014/15,22,1480.0,1265.0
10007794,2014/15,23,0.0,5.0
10007794,2014/15,24,45.0,10.0
10007794,2014/15,25,395.0,540.0
10007794,2014/15,26,660.0,25.0
10007794,2015/16,01,2340.0,260.0
10007794,2015/16,02,945.0,120.0
10007794,2015/16,03,1565.0,50.0
10007794,2015/16,04,805.0,390.0
10007794,2015/16,05,695.0,20.0
10007794,2015/16,06,150.0,10.0
10007794,2015/16,07,1255.0,30.0
10007794,2015/16,09,655.0,5.0
10007794,2015/16,10,1760.0,50.0
10007794,2015/16,11,810.0,50.0
10007794,2015/16,13,135.0,65.0
10007794,2015/16,15,2140.0,145.0
10007794,2015/16,16,1185.0,60.0
10007794,2015/16,17,2265.0,50.0
10007794,2015/16,19,1860.0,105.0
10007794,2015/16,20,1990.0,595.0
10007794,2015/16,22,1495.0,1400.0
10007794,2015/16,23,0.0,5.0
10007794,2015/16,24,60.0,15.0
10007794,2015/16,25,510.0,420.0
10007794,2015/16,26,730.0,25.0
10007794,2016/17,01,2300.0,265.0
10007794,2016/17,02,1010.0,110.0
10007794,2016/17,03,1670.0,65.0
10007794,2016/17,04,825.0,565.0
10007794,2016/17,05,715.0,5.0
10007794,2016/17,06,130.0,5.0
10007794,2016/17,07,1305.0,15.0
10007794,2016/17,09,690.0,5.0
10007794,2016/17,10,1910.0,45.0
10007794,2016/17,11,940.0,45.0
10007794,2016/17,13,140.0,50.0
10007794,2016/17,15,2195.0,150.0
10007794,2016/17,16,1225.0,65.0
10007794,2016/17,17,2345.0,55.0
10007794,2016/17,19,1925.0,110.0
10007794,2016/17,20,2070.0,795.0
10007794,2016/17,22,1540.0,1260.0
10007794,2016/17,23,0.0,5.0
10007794,2016/17,24,70.0,10.0
10007794,2016/17,25,610.0,600.0
10007794,2016/17,26,750.0,30.0
10007794,2017/18,01,2320.0,225.0
10007794,2017/18,02,1020.0,90.0
10007794,2017/18,03,1770.0,65.0
10007794,2017/18,04,830.0,635.0
10007794,2017/18,05,695.0,15.0
10007794,2017/18,06,130.0,10.0
10007794,2017/18,07,1265.0,15.0
10007794,2017/18,09,765.0,15.0
10007794,2017/18,10,2095.0,50.0
10007794,2017/18,11,1110.0,45.0
10007794,2017/18,13,140.0,55.0
10007794,2017/18,15,2280.0,165.0
10007794,2017/18,16,1220.0,50.0
10007794,2017/18,17,2720.0,55.0
10007794,2017/18,19,1900.0,760.0
10007794,2017/18,20,2090.0,850.0
10007794,2017/18,22,1635.0,1095.0
10007794,2017/18,23,0.0,5.0
10007794,2017/18,24,75.0,10.0
10007794,2017/18,25,630.0,35.0
10007794,2017/18,26,765.0,20.0
10007794,2018/19,01,2385.0,190.0
10007794,2018/19,02,1055.0,65.0
10007794,2018/19,03,1710.0,55.0
10007794,2018/19,04,740.0,665.0
10007794,2018/19,05,720.0,15.0
10007794,2018/19,06,130.0,10.0
10007794,2018/19,07,1240.0,20.0
10007794,2018/19,09,865.0,30.0
10007794,2018/19,10,2295.0,45.0
10007794,2018/19,11,1270.0,60.0
10007794,2018/19,13,145.0,40.0
10007794,2018/19,15,2545.0,155.0
10007794,2018/19,16,1285.0,50.0
10007794,2018/19,17,2875.0,60.0
10007794,2018/19,19,1940.0,775.0
10007794,2018/19,20,2075.0,870.0
10007794,2018/19,22,1845.0,1045.0
10007794,2018/19,24,95.0,10.0
10007794,2018/19,25,640.0,30.0
10007794,2018/19,26,725.0,25.0
10007794,2019/20,01,2380.0,400.0
10007794,2019/20,02,1225.0,125.0
10007794,2019/20,03,1685.0,315.0
10007794,2019/20,04,800.0,500.0
10007794,2019/20,05,830.0,25.0
10007794,2019/20,06,90.0,25.0
10007794,2019/20,07,1225.0,10.0
10007794,2019/20,09,880.0,55.0
10007794,2019/20,10,2410.0,45.0
10007794,2019/20,11,1380.0,100.0
10007794,2019/20,13,120.0,30.0
10007794,2019/20,15,2620.0,345.0
10007794,2019/20,16,1370.0,65.0
10007794,2019/20,17,2795.0,195.0
10007794,2019/20,19,1985.0,850.0
10007794,2019/20,20,1930.0,630.0
10007794,2019/20,22,1935.0,1030.0
10007794,2019/20,23,35.0,0.0
10007794,2019/20,24,155.0,15.0
10007794,2019/20,25,720.0,400.0
10007794,2019/20,26,715.0,20.0
10007794,2020/21,01,2540.0,585.0
10007794,2020/21,02,1320.0,120.0
10007794,2020/21,03,1690.0,415.0
10007794,2020/21,04,1005.0,490.0
10007794,2020/21,05,850.0,20.0
10007794,2020/21,06,90.0,50.0
10007794,2020/21,07,1330.0,95.0
10007794,2020/21,09,960.0,90.0
10007794,2020/21,10,2925.0,115.0
10007794,2020/21,11,1960.0,105.0
10007794,2020/21,13,165.0,40.0
10007794,2020/21,15,3170.0,640.0
10007794,2020/21,16,1570.0,45.0
10007794,2020/21,17,3635.0,280.0
10007794,2020/21,19,2130.0,675.0
10007794,2020/21,20,1960.0,630.0
10007794,2020/21,22,2315.0,935.0
10007794,2020/21,23,60.0,0.0
10007794,2020/21,24,205.0,20.0
10007794,2020/21,25,795.0,300.0
10007794,2020/21,26,775.0,45.0
10007794,2021/22,01,2715.0,640.0
10007794,2021/22,02,1550.0,135.0
10007794,2021/22,03,1900.0,25.0
10007794,2021/22,04,1080.0,680.0
10007794,2021/22,05,860.0,20.0
10007794,2021/22,06,135.0,85.0
10007794,2021/22,07,1455.0,65.0
10007794,2021/22,09,1025.0,45.0
10007794,2021/22,10,3375.0,100.0
10007794,2021/22,11,2365.0,450.0
10007794,2021/22,13,165.0,50.0
10007794,2021/22,15,3685.0,175.0
10007794,2021/22,16,1700.0,35.0
10007794,2021/22,17,5170.0,560.0
10007794,2021/22,19,2240.0,785.0
10007794,2021/22,20,1975.0,515.0
10007794,2021/22,22,2910.0,1000.0
10007794,2021/22,23,115.0,0.0
10007794,2021/22,24,240.0,30.0
10007794,2021/22,25,885.0,360.0
10007794,2021/22,26,900.0,785.0
10007794,2022/23,01,2630.0,505.0
10007794,2022/23,02,1375.0,110.0
10007794,2022/23,03,1790.0,15.0
10007794,2022/23,04,1085.0,705.0
10007794,2022/23,05,815.0,20.0
10007794,2022/23,06,50.0,95.0
10007794,2022/23,07,1410.0,70.0
10007794,2022/23,09,915.0,60.0
10007794,2022/23,10,3280.0,105.0
10007794,2022/23,11,2110.0,385.0
10007794,2022/23,13,180.0,45.0
10007794,2022/23,15,3710.0,160.0
10007794,2022/23,16,1700.0,35.0
10007794,2022/23,17,4155.0,410.0
10007794,2022/23,19,2050.0,865.0
10007794,2022/23,20,1930.0,630.0
10007794,2022/23,22,2255.0,920.0
10007794,2022/23,23,65.0,0.0
10007794,2022/23,24,375.0,20.0
10007794,2022/23,25,825.0,420.0
10007794,2022/23,26,930.0,555.0
10007794,2023/24,01,2760.0,505.0
10007794,2023/24,02,1365.0,90.0
10007794,2023/24,03,1860.0,15.0
10007794,2023/24,04,1175.0,745.0
10007794,2023/24,05,820.0,20.0
10007794,2023/24,06,45.0,55.0
10007794,2023/24,07,1350.0,65.0
10007794,2023/24,09,870.0,50.0
10007794,2023/24,10,3080.0,95.0
10007794,2023/24,11,1920.0,360.0
10007794,2023/24,13,145.0,30.0
10007794,2023/24,15,3310.0,145.0
10007794,2023/24,16,1625.0,35.0
10007794,2023/24,17,3545.0,430.0
10007794,2023/24,19,1990.0,950.0
10007794,2023/24,20,2015.0,670.0
10007794,2023/24,22,1865.0,940.0
10007794,2023/24,23,45.0,0.0
10007794,2023/24,24,240.0,15.0
10007794,2023/24,25,860.0,455.0
10007794,2023/24,26,950.0,610.0
10007794,2024/25,01,2900.0,175.0
10007794,2024/25,02,1350.0,85.0
10007794,2024/25,03,1895.0,20.0
10007794,2024/25,04,1185.0,775.0
10007794,2024/25,05,790.0,25.0
10007794,2024/25,06,35.0,55.0
10007794,2024/25,07,1440.0,65.0
10007794,2024/25,09,1035.0,65.0
10007794,2024/25,10,3290.0,90.0
10007794,2024/25,11,2080.0,55.0
10007794,2024/25,13,175.0,45.0
10007794,2024/25,15,3535.0,170.0
10007794,2024/25,16,1720.0,45.0
10007794,2024/25,17,3735.0,110.0
10007794,2024/25,19,1955.0,955.0
10007794,2024/25,20,2105.0,645.0
10007794,2024/25,22,2045.0,930.0
10007794,2024/25,23,80.0,0.0
10007794,2024/25,24,635.0,15.0
10007794,2024/25,25,890.0,450.0
10007794,2024/25,26,1005.0,35.0
10007795,2014/15,01,2075.0,340.0
10007795,2014/15,02,2035.0,1010.0
10007795,2014/15,03,1630.0,25.0
10007795,2014/15,04,730.0,40.0
10007795,2014/15,06,275.0,0.0
10007795,2014/15,07,1235.0,0.0
10007795,2014/15,09,875.0,25.0
10007795,2014/15,10,2935.0,120.0
10007795,2014/15,11,280.0,55.0
10007795,2014/15,13,80.0,15.0
10007795,2014/15,15,2535.0,270.0
10007795,2014/15,16,1060.0,30.0
10007795,2014/15,17,2535.0,295.0
10007795,2014/15,19,2650.0,95.0
10007795,2014/15,20,1930.0,130.0
10007795,2014/15,22,555.0,645.0
10007795,2014/15,23,200.0,25.0
10007795,2014/15,24,730.0,20.0
10007795,2014/15,25,1715.0,50.0
10007795,2014/15,26,1665.0,115.0
10007795,2015/16,01,2070.0,315.0
10007795,2015/16,02,2295.0,1050.0
10007795,2015/16,03,1585.0,30.0
10007795,2015/16,04,770.0,10.0
10007795,2015/16,06,280.0,0.0
10007795,2015/16,07,1280.0,0.0
10007795,2015/16,09,910.0,20.0
10007795,2015/16,10,3020.0,135.0
10007795,2015/16,11,335.0,70.0
10007795,2015/16,13,85.0,10.0
10007795,2015/16,15,2700.0,290.0
10007795,2015/16,16,1135.0,20.0
10007795,2015/16,17,2890.0,265.0
10007795,2015/16,19,2615.0,90.0
10007795,2015/16,20,1920.0,105.0
10007795,2015/16,22,290.0,570.0
10007795,2015/16,23,190.0,25.0
10007795,2015/16,24,855.0,15.0
10007795,2015/16,25,1670.0,65.0
10007795,2015/16,26,1715.0,95.0
10007795,2016/17,01,2075.0,275.0
10007795,2016/17,02,2375.0,760.0
10007795,2016/17,03,1555.0,20.0
10007795,2016/17,04,840.0,15.0
10007795,2016/17,06,310.0,0.0
10007795,2016/17,07,1270.0,0.0
10007795,2016/17,09,990.0,10.0
10007795,2016/17,10,3210.0,120.0
10007795,2016/17,11,425.0,50.0
10007795,2016/17,13,120.0,10.0
10007795,2016/17,15,2930.0,190.0
10007795,2016/17,16,1225.0,20.0
10007795,2016/17,17,3510.0,190.0
10007795,2016/17,19,2760.0,95.0
10007795,2016/17,20,2000.0,95.0
10007795,2016/17,22,445.0,465.0
10007795,2016/17,23,215.0,50.0
10007795,2016/17,24,895.0,20.0
10007795,2016/17,25,1820.0,55.0
10007795,2016/17,26,1785.0,100.0
10007795,2017/18,01,2070.0,280.0
10007795,2017/18,02,2325.0,710.0
10007795,2017/18,03,1570.0,20.0
10007795,2017/18,04,905.0,15.0
10007795,2017/18,06,345.0,0.0
10007795,2017/18,07,1325.0,0.0
10007795,2017/18,09,1120.0,0.0
10007795,2017/18,10,3435.0,130.0
10007795,2017/18,11,630.0,65.0
10007795,2017/18,13,130.0,15.0
10007795,2017/18,15,3080.0,210.0
10007795,2017/18,16,1315.0,15.0
10007795,2017/18,17,3640.0,175.0
10007795,2017/18,19,2740.0,70.0
10007795,2017/18,20,2135.0,100.0
10007795,2017/18,22,400.0,270.0
10007795,2017/18,23,260.0,35.0
10007795,2017/18,24,860.0,20.0
10007795,2017/18,25,1900.0,65.0
10007795,2017/18,26,1915.0,115.0
10007795,2018/19,01,2030.0,245.0
10007795,2018/19,02,2385.0,725.0
10007795,2018/19,03,1545.0,20.0
10007795,2018/19,04,960.0,15.0
10007795,2018/19,06,380.0,0.0
10007795,2018/19,07,1330.0,0.0
10007795,2018/19,09,1220.0,5.0
10007795,2018/19,10,3680.0,100.0
10007795,2018/19,11,825.0,45.0
10007795,2018/19,13,170.0,25.0
10007795,2018/19,15,3270.0,205.0
10007795,2018/19,16,1445.0,15.0
10007795,2018/19,17,4435.0,155.0
10007795,2018/19,19,2735.0,70.0
10007795,2018/19,20,2200.0,95.0
10007795,2018/19,22,450.0,330.0
10007795,2018/19,23,145.0,40.0
10007795,2018/19,24,885.0,15.0
10007795,2018/19,25,1965.0,60.0
10007795,2018/19,26,1950.0,85.0
10007795,2019/20,01,2325.0,195.0
10007795,2019/20,02,1825.0,475.0
10007795,2019/20,03,1550.0,10.0
10007795,2019/20,04,1010.0,10.0
10007795,2019/20,06,330.0,5.0
10007795,2019/20,07,1420.0,0.0
10007795,2019/20,09,1310.0,0.0
10007795,2019/20,10,3675.0,130.0
10007795,2019/20,11,975.0,15.0
10007795,2019/20,13,190.0,25.0
10007795,2019/20,15,3615.0,245.0
10007795,2019/20,16,1510.0,10.0
10007795,2019/20,17,4560.0,190.0
10007795,2019/20,19,2500.0,35.0
10007795,2019/20,20,2010.0,80.0
10007795,2019/20,22,430.0,275.0
10007795,2019/20,23,250.0,80.0
10007795,2019/20,24,1055.0,20.0
10007795,2019/20,25,1980.0,50.0
10007795,2019/20,26,1890.0,75.0
10007795,2020/21,01,2515.0,210.0
10007795,2020/21,02,1825.0,510.0
10007795,2020/21,03,1560.0,25.0
10007795,2020/21,04,1030.0,20.0
10007795,2020/21,06,330.0,5.0
10007795,2020/21,07,1510.0,0.0
10007795,2020/21,09,1345.0,5.0
10007795,2020/21,10,3745.0,220.0
10007795,2020/21,11,1155.0,75.0
10007795,2020/21,13,190.0,20.0
10007795,2020/21,15,3615.0,215.0
10007795,2020/21,16,1510.0,5.0
10007795,2020/21,17,4540.0,180.0
10007795,2020/21,19,2305.0,35.0
10007795,2020/21,20,1945.0,85.0
10007795,2020/21,22,445.0,270.0
10007795,2020/21,23,320.0,75.0
10007795,2020/21,24,1015.0,25.0
10007795,2020/21,25,1915.0,55.0
10007795,2020/21,26,1920.0,70.0
10007795,2021/22,01,2620.0,215.0
10007795,2021/22,02,1780.0,465.0
10007795,2021/22,03,1440.0,25.0
10007795,2021/22,04,1085.0,25.0
10007795,2021/22,06,330.0,5.0
10007795,2021/22,07,1475.0,5.0
10007795,2021/22,09,1250.0,5.0
10007795,2021/22,10,3595.0,225.0
10007795,2021/22,11,1360.0,95.0
10007795,2021/22,13,180.0,15.0
10007795,2021/22,15,3905.0,195.0
10007795,2021/22,16,1830.0,5.0
10007795,2021/22,17,4975.0,155.0
10007795,2021/22,19,2010.0,45.0
10007795,2021/22,20,1785.0,95.0
10007795,2021/22,22,450.0,250.0
10007795,2021/22,23,345.0,55.0
10007795,2021/22,24,1185.0,25.0
10007795,2021/22,25,1830.0,40.0
10007795,2021/22,26,1755.0,60.0
10007795,2022/23,01,2655.0,200.0
10007795,2022/23,02,1825.0,405.0
10007795,2022/23,03,1390.0,35.0
10007795,2022/23,04,1145.0,40.0
10007795,2022/23,06,355.0,5.0
10007795,2022/23,07,1395.0,5.0
10007795,2022/23,09,1155.0,5.0
10007795,2022/23,10,3575.0,155.0
10007795,2022/23,11,1385.0,85.0
10007795,2022/23,13,250.0,20.0
10007795,2022/23,15,3845.0,175.0
10007795,2022/23,16,1900.0,10.0
10007795,2022/23,17,4820.0,185.0
10007795,2022/23,19,1985.0,35.0
10007795,2022/23,20,1765.0,85.0
10007795,2022/23,22,455.0,295.0
10007795,2022/23,23,470.0,60.0
10007795,2022/23,24,1175.0,20.0
10007795,2022/23,25,2075.0,50.0
10007795,2022/23,26,1865.0,70.0
10007795,2023/24,01,2595.0,145.0
10007795,2023/24,02,1805.0,385.0
10007795,2023/24,03,1420.0,35.0
10007795,2023/24,04,1155.0,25.0
10007795,2023/24,06,405.0,5.0
10007795,2023/24,07,1345.0,5.0
10007795,2023/24,09,1120.0,10.0
10007795,2023/24,10,3675.0,105.0
10007795,2023/24,11,1385.0,95.0
10007795,2023/24,13,295.0,15.0
10007795,2023/24,15,4160.0,175.0
10007795,2023/24,16,1870.0,5.0
10007795,2023/24,17,4690.0,195.0
10007795,2023/24,19,1980.0,35.0
10007795,2023/24,20,1740.0,75.0
10007795,2023/24,22,790.0,290.0
10007795,2023/24,23,450.0,40.0
10007795,2023/24,24,1415.0,15.0
10007795,2023/24,25,1990.0,65.0
10007795,2023/24,26,2025.0,65.0
10007795,2024/25,01,2675.0,120.0
10007795,2024/25,02,1745.0,325.0
10007795,2024/25,03,1370.0,35.0
10007795,2024/25,04,1130.0,20.0
10007795,2024/25,06,270.0,5.0
10007795,2024/25,07,1270.0,5.0
10007795,2024/25,09,1155.0,30.0
10007795,2024/25,10,3215.0,85.0
10007795,2024/25,11,1235.0,100.0
10007795,2024/25,13,195.0,20.0
10007795,2024/25,15,3845.0,180.0
10007795,2024/25,16,1585.0,10.0
10007795,2024/25,17,3730.0,210.0
10007795,2024/25,19,1910.0,40.0
10007795,2024/25,20,1790.0,60.0
10007795,2024/25,22,500.0,255.0
10007795,2024/25,23,360.0,35.0
10007795,2024/25,24,1255.0,15.0
10007795,2024/25,25,1775.0,60.0
10007795,2024/25,26,1910.0,50.0
10007796,2014/15,01,1285.0,345.0
10007796,2014/15,02,380.0,280.0
10007796,2014/15,03,880.0,30.0
10007796,2014/15,04,685.0,100.0
10007796,2014/15,07,920.0,15.0
10007796,2014/15,09,510.0,20.0
10007796,2014/15,10,840.0,30.0
10007796,2014/15,11,565.0,10.0
10007796,2014/15,15,2140.0,520.0
10007796,2014/15,16,1090.0,90.0
10007796,2014/15,17,1785.0,390.0
10007796,2014/15,19,970.0,75.0
10007796,2014/15,20,900.0,335.0
10007796,2014/15,22,380.0,220.0
10007796,2014/15,23,0.0,10.0
10007796,2014/15,24,1180.0,220.0
10007796,2014/15,26,775.0,15.0
10007796,2015/16,01,1220.0,220.0
10007796,2015/16,02,440.0,285.0
10007796,2015/16,03,825.0,30.0
10007796,2015/16,04,625.0,110.0
10007796,2015/16,07,960.0,20.0
10007796,2015/16,09,455.0,10.0
10007796,2015/16,10,800.0,20.0
10007796,2015/16,11,520.0,10.0
10007796,2015/16,15,1900.0,490.0
10007796,2015/16,16,1075.0,90.0
10007796,2015/16,17,1410.0,410.0
10007796,2015/16,19,850.0,75.0
10007796,2015/16,20,915.0,335.0
10007796,2015/16,22,350.0,205.0
10007796,2015/16,23,0.0,10.0
10007796,2015/16,24,755.0,215.0
10007796,2015/16,26,680.0,10.0
10007796,2016/17,01,1155.0,230.0
10007796,2016/17,02,520.0,185.0
10007796,2016/17,03,875.0,15.0
10007796,2016/17,04,725.0,85.0
10007796,2016/17,07,995.0,25.0
10007796,2016/17,09,485.0,10.0
10007796,2016/17,10,750.0,20.0
10007796,2016/17,11,540.0,15.0
10007796,2016/17,15,2085.0,385.0
10007796,2016/17,16,1175.0,65.0
10007796,2016/17,17,1740.0,340.0
10007796,2016/17,19,870.0,55.0
10007796,2016/17,20,990.0,255.0
10007796,2016/17,22,300.0,260.0
10007796,2016/17,23,0.0,5.0
10007796,2016/17,24,755.0,195.0
10007796,2016/17,26,675.0,20.0
10007796,2017/18,01,1260.0,165.0
10007796,2017/18,02,485.0,125.0
10007796,2017/18,03,780.0,10.0
10007796,2017/18,04,645.0,105.0
10007796,2017/18,07,935.0,30.0
10007796,2017/18,09,485.0,10.0
10007796,2017/18,10,775.0,15.0
10007796,2017/18,11,560.0,25.0
10007796,2017/18,15,2195.0,340.0
10007796,2017/18,16,1290.0,70.0
10007796,2017/18,17,2365.0,265.0
10007796,2017/18,19,855.0,55.0
10007796,2017/18,20,945.0,300.0
10007796,2017/18,22,290.0,170.0
10007796,2017/18,23,0.0,5.0
10007796,2017/18,24,865.0,210.0
10007796,2017/18,26,695.0,15.0
10007796,2018/19,01,1235.0,145.0
10007796,2018/19,02,635.0,80.0
10007796,2018/19,03,810.0,5.0
10007796,2018/19,04,695.0,95.0
10007796,2018/19,07,875.0,25.0
10007796,2018/19,09,425.0,15.0
10007796,2018/19,10,785.0,20.0
10007796,2018/19,11,570.0,15.0
10007796,2018/19,15,2180.0,335.0
10007796,2018/19,16,1365.0,80.0
10007796,2018/19,17,2245.0,250.0
10007796,2018/19,19,740.0,45.0
10007796,2018/19,20,800.0,285.0
10007796,2018/19,22,265.0,160.0
10007796,2018/19,24,835.0,235.0
10007796,2018/19,26,585.0,10.0
10007796,2019/20,01,1235.0,100.0
10007796,2019/20,02,395.0,15.0
10007796,2019/20,03,1145.0,35.0
10007796,2019/20,04,725.0,100.0
10007796,2019/20,07,895.0,15.0
10007796,2019/20,09,400.0,15.0
10007796,2019/20,10,760.0,5.0
10007796,2019/20,11,800.0,25.0
10007796,2019/20,15,1855.0,235.0
10007796,2019/20,16,1280.0,50.0
10007796,2019/20,17,2415.0,280.0
10007796,2019/20,19,660.0,45.0
10007796,2019/20,20,675.0,240.0
10007796,2019/20,22,255.0,90.0
10007796,2019/20,23,0.0,10.0
10007796,2019/20,24,795.0,160.0
10007796,2019/20,26,455.0,10.0
10007796,2020/21,01,1395.0,155.0
10007796,2020/21,02,610.0,10.0
10007796,2020/21,03,1130.0,40.0
10007796,2020/21,04,770.0,130.0
10007796,2020/21,07,880.0,15.0
10007796,2020/21,09,495.0,15.0
10007796,2020/21,10,1050.0,5.0
10007796,2020/21,11,1105.0,15.0
10007796,2020/21,15,1700.0,240.0
10007796,2020/21,16,1315.0,55.0
10007796,2020/21,17,1905.0,225.0
10007796,2020/21,19,495.0,45.0
10007796,2020/21,20,525.0,265.0
10007796,2020/21,22,270.0,85.0
10007796,2020/21,24,585.0,160.0
10007796,2020/21,26,395.0,10.0
10007796,2021/22,01,1485.0,140.0
10007796,2021/22,02,725.0,10.0
10007796,2021/22,03,1075.0,40.0
10007796,2021/22,04,800.0,95.0
10007796,2021/22,07,795.0,20.0
10007796,2021/22,09,500.0,10.0
10007796,2021/22,10,1355.0,20.0
10007796,2021/22,11,1450.0,15.0
10007796,2021/22,15,1545.0,185.0
10007796,2021/22,16,1350.0,65.0
10007796,2021/22,17,2375.0,170.0
10007796,2021/22,19,365.0,40.0
10007796,2021/22,20,430.0,255.0
10007796,2021/22,22,205.0,85.0
10007796,2021/22,23,5.0,0.0
10007796,2021/22,24,575.0,145.0
10007796,2021/22,26,345.0,15.0
10007796,2022/23,01,1575.0,120.0
10007796,2022/23,02,725.0,125.0
10007796,2022/23,03,1235.0,45.0
10007796,2022/23,04,995.0,60.0
10007796,2022/23,07,830.0,25.0
10007796,2022/23,09,465.0,10.0
10007796,2022/23,10,1195.0,25.0
10007796,2022/23,11,1575.0,10.0
10007796,2022/23,15,1745.0,215.0
10007796,2022/23,16,1565.0,70.0
10007796,2022/23,17,2990.0,130.0
10007796,2022/23,19,360.0,40.0
10007796,2022/23,20,360.0,250.0
10007796,2022/23,22,175.0,170.0
10007796,2022/23,24,590.0,150.0
10007796,2022/23,26,420.0,10.0
10007796,2023/24,01,1545.0,120.0
10007796,2023/24,02,820.0,260.0
10007796,2023/24,03,1230.0,50.0
10007796,2023/24,04,1190.0,55.0
10007796,2023/24,07,785.0,30.0
10007796,2023/24,09,390.0,10.0
10007796,2023/24,10,1035.0,5.0
10007796,2023/24,11,1725.0,5.0
10007796,2023/24,15,1975.0,200.0
10007796,2023/24,16,1730.0,70.0
10007796,2023/24,17,2685.0,140.0
10007796,2023/24,19,285.0,40.0
10007796,2023/24,20,335.0,280.0
10007796,2023/24,22,180.0,235.0
10007796,2023/24,24,540.0,150.0
10007796,2023/24,26,380.0,5.0
10007796,2024/25,01,1560.0,95.0
10007796,2024/25,02,975.0,270.0
10007796,2024/25,03,1210.0,40.0
10007796,2024/25,04,1275.0,75.0
10007796,2024/25,07,710.0,30.0
10007796,2024/25,09,455.0,10.0
10007796,2024/25,10,1060.0,5.0
10007796,2024/25,11,1820.0,5.0
10007796,2024/25,15,2135.0,170.0
10007796,2024/25,16,1955.0,50.0
10007796,2024/25,17,2670.0,190.0
10007796,2024/25,19,270.0,35.0
10007796,2024/25,20,350.0,275.0
10007796,2024/25,22,135.0,175.0
10007796,2024/25,24,470.0,110.0
10007796,2024/25,26,400.0,5.0
10007797,2014/15,15,25.0,20.0
10007797,2014/15,16,50.0,20.0
10007797,2014/15,17,10.0,15.0
10007797,2014/15,19,10.0,10.0
10007797,2014/15,20,50.0,30.0
10007797,2015/16,15,15.0,15.0
10007797,2015/16,16,45.0,15.0
10007797,2015/16,17,15.0,10.0
10007797,2015/16,19,10.0,5.0
10007797,2015/16,20,35.0,30.0
10007797,2016/17,15,25.0,10.0
10007797,2016/17,16,35.0,20.0
10007797,2016/17,17,5.0,5.0
10007797,2016/17,19,15.0,10.0
10007797,2016/17,20,50.0,35.0
10007797,2017/18,15,5.0,0.0
10007797,2017/18,16,5.0,35.0
10007797,2017/18,17,5.0,0.0
10007797,2017/18,19,0.0,5.0
10007797,2017/18,20,100.0,60.0
10007797,2017/18,23,0.0,10.0
10007797,2018/19,15,30.0,0.0
10007797,2018/19,16,65.0,0.0
10007797,2018/19,17,5.0,0.0
10007797,2018/19,19,15.0,0.0
10007797,2018/19,20,115.0,5.0
10007797,2018/19,23,15.0,0.0
10007797,2019/20,15,10.0,5.0
10007797,2019/20,16,35.0,45.0
10007797,2019/20,19,10.0,10.0
10007797,2019/20,20,110.0,70.0
10007797,2019/20,23,5.0,20.0
10007797,2020/21,01,0.0,400.0
10007797,2020/21,02,0.0,215.0
10007797,2020/21,04,0.0,105.0
10007797,2020/21,05,0.0,35.0
10007797,2020/21,06,0.0,5.0
10007797,2020/21,09,0.0,210.0
10007797,2020/21,10,0.0,15.0
10007797,2020/21,11,0.0,1085.0
10007797,2020/21,15,10.0,500.0
10007797,2020/21,16,30.0,1575.0
10007797,2020/21,17,0.0,1215.0
10007797,2020/21,19,10.0,55.0
10007797,2020/21,20,115.0,215.0
10007797,2020/21,22,0.0,115.0
10007797,2020/21,23,10.0,115.0
10007797,2020/21,25,0.0,10.0
10007797,2020/21,26,0.0,5.0
10007797,2021/22,01,0.0,395.0
10007797,2021/22,02,0.0,245.0
10007797,2021/22,04,0.0,105.0
10007797,2021/22,05,0.0,25.0
10007797,2021/22,06,0.0,5.0
10007797,2021/22,09,0.0,140.0
10007797,2021/22,10,0.0,15.0
10007797,2021/22,11,0.0,895.0
10007797,2021/22,15,10.0,345.0
10007797,2021/22,16,15.0,715.0
10007797,2021/22,17,0.0,735.0
10007797,2021/22,19,10.0,55.0
10007797,2021/22,20,95.0,180.0
10007797,2021/22,22,0.0,105.0
10007797,2021/22,23,5.0,115.0
10007797,2021/22,25,0.0,10.0
10007797,2021/22,26,0.0,10.0
10007797,2022/23,01,0.0,310.0
10007797,2022/23,02,0.0,160.0
10007797,2022/23,04,0.0,80.0
10007797,2022/23,05,0.0,20.0
10007797,2022/23,09,0.0,105.0
10007797,2022/23,10,0.0,10.0
10007797,2022/23,11,0.0,815.0
10007797,2022/23,15,5.0,275.0
10007797,2022/23,16,15.0,470.0
10007797,2022/23,17,0.0,590.0
10007797,2022/23,19,5.0,30.0
10007797,2022/23,20,70.0,135.0
10007797,2022/23,22,0.0,90.0
10007797,2022/23,23,5.0,80.0
10007797,2022/23,25,0.0,5.0
10007797,2022/23,26,0.0,10.0
10007797,2023/24,01,0.0,295.0
10007797,2023/24,02,0.0,140.0
10007797,2023/24,04,0.0,75.0
10007797,2023/24,05,0.0,20.0
10007797,2023/24,09,0.0,90.0
10007797,2023/24,10,0.0,5.0
10007797,2023/24,11,0.0,855.0
10007797,2023/24,15,5.0,265.0
10007797,2023/24,16,10.0,465.0
10007797,2023/24,17,0.0,590.0
10007797,2023/24,19,5.0,25.0
10007797,2023/24,20,60.0,145.0
10007797,2023/24,22,0.0,70.0
10007797,2023/24,23,0.0,85.0
10007797,2023/24,25,0.0,5.0
10007797,2023/24,26,0.0,20.0
10007797,2024/25,01,0.0,260.0
10007797,2024/25,02,0.0,115.0
10007797,2024/25,04,0.0,105.0
10007797,2024/25,05,0.0,20.0
10007797,2024/25,09,0.0,80.0
10007797,2024/25,10,0.0,5.0
10007797,2024/25,11,0.0,870.0
10007797,2024/25,15,5.0,265.0
10007797,2024/25,16,15.0,500.0
10007797,2024/25,17,0.0,590.0
10007797,2024/25,19,10.0,25.0
10007797,2024/25,20,80.0,145.0
10007797,2024/25,22,0.0,80.0
10007797,2024/25,23,5.0,75.0
10007797,2024/25,25,0.0,5.0
10007797,2024/25,26,0.0,20.0
10007798,2014/15,01,2930.0,640.0
10007798,2014/15,02,3350.0,1080.0
10007798,2014/15,03,1720.0,25.0
10007798,2014/15,04,895.0,55.0
10007798,2014/15,07,2275.0,45.0
10007798,2014/15,09,1435.0,20.0
10007798,2014/15,10,5410.0,265.0
10007798,2014/15,11,1080.0,110.0
10007798,2014/15,13,260.0,15.0
10007798,2014/15,15,3265.0,250.0
10007798,2014/15,16,1130.0,175.0
10007798,2014/15,17,4410.0,670.0
10007798,2014/15,19,2345.0,70.0
10007798,2014/15,20,1860.0,135.0
10007798,2014/15,22,630.0,395.0
10007798,2014/15,24,55.0,20.0
10007798,2014/15,25,500.0,35.0
10007798,2014/15,26,1015.0,15.0
10007798,2015/16,01,2900.0,475.0
10007798,2015/16,02,3460.0,1140.0
10007798,2015/16,03,1830.0,50.0
10007798,2015/16,04,945.0,60.0
10007798,2015/16,07,2255.0,45.0
10007798,2015/16,09,1360.0,20.0
10007798,2015/16,10,5825.0,260.0
10007798,2015/16,11,1070.0,105.0
10007798,2015/16,13,310.0,20.0
10007798,2015/16,15,3425.0,215.0
10007798,2015/16,16,1275.0,150.0
10007798,2015/16,17,4695.0,540.0
10007798,2015/16,19,2350.0,80.0
10007798,2015/16,20,1960.0,125.0
10007798,2015/16,22,640.0,330.0
10007798,2015/16,24,55.0,20.0
10007798,2015/16,25,500.0,45.0
10007798,2015/16,26,1160.0,10.0
10007798,2016/17,01,2940.0,450.0
10007798,2016/17,02,3475.0,1120.0
10007798,2016/17,03,1970.0,140.0
10007798,2016/17,04,990.0,65.0
10007798,2016/17,07,2365.0,45.0
10007798,2016/17,09,1450.0,20.0
10007798,2016/17,10,5860.0,215.0
10007798,2016/17,11,1150.0,100.0
10007798,2016/17,13,370.0,25.0
10007798,2016/17,15,3600.0,215.0
10007798,2016/17,16,1185.0,120.0
10007798,2016/17,17,4920.0,470.0
10007798,2016/17,19,2295.0,75.0
10007798,2016/17,20,1950.0,120.0
10007798,2016/17,22,570.0,310.0
10007798,2016/17,24,60.0,30.0
10007798,2016/17,25,515.0,35.0
10007798,2016/17,26,1245.0,15.0
10007798,2017/18,01,2970.0,455.0
10007798,2017/18,02,3510.0,975.0
10007798,2017/18,03,2040.0,170.0
10007798,2017/18,04,935.0,50.0
10007798,2017/18,07,2460.0,125.0
10007798,2017/18,09,1405.0,10.0
10007798,2017/18,10,5925.0,160.0
10007798,2017/18,11,1235.0,80.0
10007798,2017/18,13,330.0,35.0
10007798,2017/18,15,3585.0,200.0
10007798,2017/18,16,1105.0,120.0
10007798,2017/18,17,4745.0,465.0
10007798,2017/18,19,2205.0,80.0
10007798,2017/18,20,1805.0,135.0
10007798,2017/18,22,610.0,355.0
10007798,2017/18,24,60.0,30.0
10007798,2017/18,25,485.0,35.0
10007798,2017/18,26,1240.0,15.0
10007798,2018/19,01,2985.0,480.0
10007798,2018/19,02,3430.0,1040.0
10007798,2018/19,03,2030.0,180.0
10007798,2018/19,04,975.0,65.0
10007798,2018/19,07,2570.0,135.0
10007798,2018/19,09,1490.0,25.0
10007798,2018/19,10,5905.0,140.0
10007798,2018/19,11,1300.0,105.0
10007798,2018/19,13,325.0,35.0
10007798,2018/19,15,3670.0,185.0
10007798,2018/19,16,995.0,130.0
10007798,2018/19,17,4670.0,555.0
10007798,2018/19,19,2130.0,110.0
10007798,2018/19,20,1675.0,120.0
10007798,2018/19,22,690.0,270.0
10007798,2018/19,24,60.0,35.0
10007798,2018/19,25,500.0,40.0
10007798,2018/19,26,1175.0,15.0
10007798,2019/20,01,3000.0,215.0
10007798,2019/20,02,3775.0,1300.0
10007798,2019/20,03,1390.0,235.0
10007798,2019/20,04,1200.0,80.0
10007798,2019/20,07,2465.0,120.0
10007798,2019/20,09,1440.0,45.0
10007798,2019/20,10,5510.0,145.0
10007798,2019/20,11,1305.0,90.0
10007798,2019/20,13,230.0,15.0
10007798,2019/20,15,4100.0,260.0
10007798,2019/20,16,1095.0,110.0
10007798,2019/20,17,4815.0,600.0
10007798,2019/20,19,2060.0,135.0
10007798,2019/20,20,1575.0,130.0
10007798,2019/20,22,765.0,155.0
10007798,2019/20,23,60.0,5.0
10007798,2019/20,24,90.0,40.0
10007798,2019/20,25,750.0,35.0
10007798,2019/20,26,1115.0,25.0
10007798,2020/21,01,3105.0,350.0
10007798,2020/21,02,3805.0,1430.0
10007798,2020/21,03,1435.0,270.0
10007798,2020/21,04,1370.0,95.0
10007798,2020/21,07,2465.0,135.0
10007798,2020/21,09,1800.0,30.0
10007798,2020/21,10,5610.0,120.0
10007798,2020/21,11,1635.0,105.0
10007798,2020/21,13,255.0,20.0
10007798,2020/21,15,4925.0,400.0
10007798,2020/21,16,1345.0,145.0
10007798,2020/21,17,5630.0,695.0
10007798,2020/21,19,2145.0,105.0
10007798,2020/21,20,1615.0,160.0
10007798,2020/21,22,925.0,155.0
10007798,2020/21,23,65.0,5.0
10007798,2020/21,24,110.0,45.0
10007798,2020/21,25,810.0,30.0
10007798,2020/21,26,1235.0,30.0
10007798,2021/22,01,3305.0,355.0
10007798,2021/22,02,4030.0,1235.0
10007798,2021/22,03,1395.0,260.0
10007798,2021/22,04,1675.0,65.0
10007798,2021/22,07,2405.0,135.0
10007798,2021/22,09,1770.0,35.0
10007798,2021/22,10,5910.0,115.0
10007798,2021/22,11,1900.0,80.0
10007798,2021/22,13,350.0,30.0
10007798,2021/22,15,5335.0,485.0
10007798,2021/22,16,1350.0,170.0
10007798,2021/22,17,5665.0,635.0
10007798,2021/22,19,2165.0,100.0
10007798,2021/22,20,1675.0,175.0
10007798,2021/22,22,950.0,160.0
10007798,2021/22,23,85.0,5.0
10007798,2021/22,24,120.0,40.0
10007798,2021/22,25,895.0,30.0
10007798,2021/22,26,1280.0,40.0
10007798,2022/23,01,3345.0,370.0
10007798,2022/23,02,4145.0,1115.0
10007798,2022/23,03,1405.0,345.0
10007798,2022/23,04,1885.0,65.0
10007798,2022/23,07,2410.0,150.0
10007798,2022/23,09,1895.0,15.0
10007798,2022/23,10,6010.0,125.0
10007798,2022/23,11,1860.0,95.0
10007798,2022/23,13,295.0,30.0
10007798,2022/23,15,5190.0,445.0
10007798,2022/23,16,1395.0,110.0
10007798,2022/23,17,5670.0,555.0
10007798,2022/23,19,2305.0,55.0
10007798,2022/23,20,1715.0,150.0
10007798,2022/23,22,895.0,140.0
10007798,2022/23,23,105.0,5.0
10007798,2022/23,24,155.0,35.0
10007798,2022/23,25,935.0,25.0
10007798,2022/23,26,1375.0,35.0
10007798,2023/24,01,3370.0,305.0
10007798,2023/24,02,4015.0,1115.0
10007798,2023/24,03,1365.0,375.0
10007798,2023/24,04,1965.0,85.0
10007798,2023/24,07,2430.0,165.0
10007798,2023/24,09,1850.0,15.0
10007798,2023/24,10,5975.0,125.0
10007798,2023/24,11,1950.0,90.0
10007798,2023/24,13,340.0,25.0
10007798,2023/24,15,5050.0,525.0
10007798,2023/24,16,1345.0,125.0
10007798,2023/24,17,5555.0,630.0
10007798,2023/24,19,2150.0,45.0
10007798,2023/24,20,1740.0,125.0
10007798,2023/24,22,945.0,185.0
10007798,2023/24,23,135.0,5.0
10007798,2023/24,24,215.0,55.0
10007798,2023/24,25,930.0,20.0
10007798,2023/24,26,1545.0,35.0
10007798,2024/25,01,3335.0,305.0
10007798,2024/25,02,4075.0,1055.0
10007798,2024/25,03,1335.0,420.0
10007798,2024/25,04,1825.0,95.0
10007798,2024/25,07,2335.0,150.0
10007798,2024/25,09,1860.0,15.0
10007798,2024/25,10,5970.0,135.0
10007798,2024/25,11,1860.0,90.0
10007798,2024/25,13,335.0,35.0
10007798,2024/25,15,4935.0,380.0
10007798,2024/25,16,1335.0,115.0
10007798,2024/25,17,5510.0,585.0
10007798,2024/25,19,2100.0,45.0
10007798,2024/25,20,1805.0,110.0
10007798,2024/25,22,1035.0,165.0
10007798,2024/25,23,155.0,5.0
10007798,2024/25,24,230.0,65.0
10007798,2024/25,25,880.0,15.0
10007798,2024/25,26,1565.0,40.0
10007799,2014/15,01,2085.0,390.0
10007799,2014/15,02,1520.0,280.0
10007799,2014/15,03,955.0,35.0
10007799,2014/15,04,490.0,20.0
10007799,2014/15,06,335.0,30.0
10007799,2014/15,07,570.0,40.0
10007799,2014/15,09,610.0,10.0
10007799,2014/15,10,2910.0,305.0
10007799,2014/15,11,780.0,20.0
10007799,2014/15,13,890.0,70.0
10007799,2014/15,15,1335.0,30.0
10007799,2014/15,16,705.0,15.0
10007799,2014/15,17,3080.0,75.0
10007799,2014/15,19,1705.0,60.0
10007799,2014/15,20,995.0,30.0
10007799,2014/15,22,205.0,110.0
10007799,2014/15,23,485.0,0.0
10007799,2014/15,24,445.0,25.0
10007799,2014/15,25,555.0,25.0
10007799,2014/15,26,830.0,40.0
10007799,2015/16,01,2075.0,425.0
10007799,2015/16,02,1515.0,260.0
10007799,2015/16,03,1010.0,30.0
10007799,2015/16,04,565.0,35.0
10007799,2015/16,06,355.0,25.0
10007799,2015/16,07,615.0,50.0
10007799,2015/16,09,655.0,5.0
10007799,2015/16,10,2850.0,270.0
10007799,2015/16,11,885.0,20.0
10007799,2015/16,13,975.0,65.0
10007799,2015/16,15,1370.0,25.0
10007799,2015/16,16,695.0,10.0
10007799,2015/16,17,3320.0,45.0
10007799,2015/16,19,1670.0,60.0
10007799,2015/16,20,1045.0,20.0
10007799,2015/16,22,230.0,120.0
10007799,2015/16,23,515.0,5.0
10007799,2015/16,24,535.0,35.0
10007799,2015/16,25,530.0,20.0
10007799,2015/16,26,840.0,30.0
10007799,2016/17,01,1990.0,585.0
10007799,2016/17,02,1625.0,145.0
10007799,2016/17,03,1000.0,25.0
10007799,2016/17,04,600.0,35.0
10007799,2016/17,06,390.0,30.0
10007799,2016/17,07,700.0,5.0
10007799,2016/17,09,660.0,10.0
10007799,2016/17,10,2995.0,240.0
10007799,2016/17,11,1010.0,25.0
10007799,2016/17,13,1020.0,45.0
10007799,2016/17,15,1470.0,30.0
10007799,2016/17,16,705.0,10.0
10007799,2016/17,17,3465.0,25.0
10007799,2016/17,19,1785.0,70.0
10007799,2016/17,20,1100.0,20.0
10007799,2016/17,22,300.0,95.0
10007799,2016/17,23,605.0,10.0
10007799,2016/17,24,625.0,30.0
10007799,2016/17,25,560.0,35.0
10007799,2016/17,26,885.0,20.0
10007799,2017/18,01,2105.0,620.0
10007799,2017/18,02,1880.0,130.0
10007799,2017/18,03,1085.0,20.0
10007799,2017/18,04,665.0,25.0
10007799,2017/18,06,405.0,25.0
10007799,2017/18,07,780.0,10.0
10007799,2017/18,09,710.0,5.0
10007799,2017/18,10,2950.0,220.0
10007799,2017/18,11,1175.0,25.0
10007799,2017/18,13,1050.0,70.0
10007799,2017/18,15,1560.0,35.0
10007799,2017/18,16,720.0,10.0
10007799,2017/18,17,3760.0,25.0
10007799,2017/18,19,1795.0,70.0
10007799,2017/18,20,1110.0,25.0
10007799,2017/18,22,390.0,70.0
10007799,2017/18,23,645.0,10.0
10007799,2017/18,24,720.0,25.0
10007799,2017/18,25,545.0,40.0
10007799,2017/18,26,940.0,20.0
10007799,2018/19,01,2280.0,630.0
10007799,2018/19,02,1900.0,145.0
10007799,2018/19,03,1145.0,20.0
10007799,2018/19,04,765.0,30.0
10007799,2018/19,06,390.0,15.0
10007799,2018/19,07,810.0,5.0
10007799,2018/19,09,735.0,5.0
10007799,2018/19,10,2945.0,165.0
10007799,2018/19,11,1230.0,25.0
10007799,2018/19,13,1055.0,75.0
10007799,2018/19,15,1695.0,25.0
10007799,2018/19,16,705.0,10.0
10007799,2018/19,17,3900.0,25.0
10007799,2018/19,19,1920.0,75.0
10007799,2018/19,20,1125.0,20.0
10007799,2018/19,22,365.0,55.0
10007799,2018/19,23,640.0,10.0
10007799,2018/19,24,745.0,20.0
10007799,2018/19,25,505.0,45.0
10007799,2018/19,26,955.0,15.0
10007799,2019/20,01,2290.0,540.0
10007799,2019/20,02,1935.0,235.0
10007799,2019/20,03,1265.0,25.0
10007799,2019/20,04,830.0,40.0
10007799,2019/20,06,310.0,10.0
10007799,2019/20,07,850.0,5.0
10007799,2019/20,09,725.0,5.0
10007799,2019/20,10,2930.0,130.0
10007799,2019/20,11,1350.0,40.0
10007799,2019/20,13,1040.0,75.0
10007799,2019/20,15,1775.0,30.0
10007799,2019/20,16,705.0,15.0
10007799,2019/20,17,4155.0,20.0
10007799,2019/20,19,2125.0,70.0
10007799,2019/20,20,1140.0,25.0
10007799,2019/20,22,390.0,50.0
10007799,2019/20,23,590.0,5.0
10007799,2019/20,24,780.0,15.0
10007799,2019/20,25,550.0,50.0
10007799,2019/20,26,950.0,5.0
10007799,2020/21,01,2330.0,550.0
10007799,2020/21,02,1995.0,225.0
10007799,2020/21,03,1400.0,25.0
10007799,2020/21,04,930.0,45.0
10007799,2020/21,06,265.0,5.0
10007799,2020/21,07,820.0,10.0
10007799,2020/21,09,725.0,10.0
10007799,2020/21,10,2785.0,100.0
10007799,2020/21,11,1435.0,85.0
10007799,2020/21,13,1065.0,65.0
10007799,2020/21,15,1755.0,30.0
10007799,2020/21,16,735.0,10.0
10007799,2020/21,17,3760.0,50.0
10007799,2020/21,19,1840.0,90.0
10007799,2020/21,20,1150.0,25.0
10007799,2020/21,22,410.0,45.0
10007799,2020/21,23,570.0,5.0
10007799,2020/21,24,800.0,15.0
10007799,2020/21,25,560.0,45.0
10007799,2020/21,26,1010.0,5.0
10007799,2021/22,01,2320.0,560.0
10007799,2021/22,02,2065.0,265.0
10007799,2021/22,03,1450.0,30.0
10007799,2021/22,04,1005.0,65.0
10007799,2021/22,06,270.0,5.0
10007799,2021/22,07,765.0,5.0
10007799,2021/22,09,645.0,5.0
10007799,2021/22,10,2755.0,75.0
10007799,2021/22,11,1490.0,105.0
10007799,2021/22,13,1075.0,75.0
10007799,2021/22,15,1740.0,35.0
10007799,2021/22,16,695.0,10.0
10007799,2021/22,17,3265.0,60.0
10007799,2021/22,19,1790.0,90.0
10007799,2021/22,20,1145.0,35.0
10007799,2021/22,22,395.0,40.0
10007799,2021/22,23,540.0,5.0
10007799,2021/22,24,795.0,15.0
10007799,2021/22,25,530.0,45.0
10007799,2021/22,26,1010.0,10.0
10007799,2022/23,01,2410.0,595.0
10007799,2022/23,02,2105.0,325.0
10007799,2022/23,03,1445.0,30.0
10007799,2022/23,04,1145.0,65.0
10007799,2022/23,06,290.0,5.0
10007799,2022/23,07,725.0,10.0
10007799,2022/23,09,615.0,5.0
10007799,2022/23,10,2695.0,70.0
10007799,2022/23,11,1560.0,110.0
10007799,2022/23,13,1105.0,85.0
10007799,2022/23,15,1780.0,25.0
10007799,2022/23,16,785.0,15.0
10007799,2022/23,17,3195.0,65.0
10007799,2022/23,19,1935.0,95.0
10007799,2022/23,20,1100.0,40.0
10007799,2022/23,22,330.0,35.0
10007799,2022/23,23,575.0,5.0
10007799,2022/23,24,910.0,15.0
10007799,2022/23,25,540.0,40.0
10007799,2022/23,26,975.0,10.0
10007799,2023/24,01,2360.0,445.0
10007799,2023/24,02,2075.0,320.0
10007799,2023/24,03,1380.0,35.0
10007799,2023/24,04,1055.0,45.0
10007799,2023/24,06,305.0,5.0
10007799,2023/24,07,750.0,20.0
10007799,2023/24,09,650.0,5.0
10007799,2023/24,10,2745.0,65.0
10007799,2023/24,11,1515.0,90.0
10007799,2023/24,13,1090.0,70.0
10007799,2023/24,15,1895.0,30.0
10007799,2023/24,16,835.0,25.0
10007799,2023/24,17,3325.0,80.0
10007799,2023/24,19,1885.0,100.0
10007799,2023/24,20,1105.0,30.0
10007799,2023/24,22,330.0,25.0
10007799,2023/24,23,590.0,5.0
10007799,2023/24,24,890.0,15.0
10007799,2023/24,25,525.0,25.0
10007799,2023/24,26,920.0,0.0
10007799,2024/25,01,2310.0,440.0
10007799,2024/25,02,2140.0,375.0
10007799,2024/25,03,1435.0,35.0
10007799,2024/25,04,1050.0,25.0
10007799,2024/25,06,300.0,5.0
10007799,2024/25,07,775.0,10.0
10007799,2024/25,09,710.0,5.0
10007799,2024/25,10,2690.0,55.0
10007799,2024/25,11,1590.0,50.0
10007799,2024/25,13,995.0,85.0
10007799,2024/25,15,1835.0,30.0
10007799,2024/25,16,850.0,15.0
10007799,2024/25,17,3225.0,80.0
10007799,2024/25,19,1705.0,100.0
10007799,2024/25,20,1140.0,30.0
10007799,2024/25,22,275.0,20.0
10007799,2024/25,23,605.0,5.0
10007799,2024/25,24,765.0,15.0
10007799,2024/25,25,520.0,30.0
10007799,2024/25,26,925.0,0.0
10007800,2014/15,02,2195.0,1365.0
10007800,2014/15,03,825.0,60.0
10007800,2014/15,04,225.0,25.0
10007800,2014/15,07,380.0,40.0
10007800,2014/15,10,625.0,125.0
10007800,2014/15,11,1270.0,160.0
10007800,2014/15,15,1195.0,250.0
10007800,2014/15,16,485.0,10.0
10007800,2014/15,17,2040.0,545.0
10007800,2014/15,19,0.0,55.0
10007800,2014/15,22,455.0,195.0
10007800,2014/15,23,140.0,1140.0
10007800,2014/15,24,260.0,10.0
10007800,2014/15,25,590.0,55.0
10007800,2014/15,26,0.0,10.0
10007800,2015/16,02,2615.0,1555.0
10007800,2015/16,03,740.0,25.0
10007800,2015/16,04,240.0,5.0
10007800,2015/16,07,330.0,5.0
10007800,2015/16,10,645.0,115.0
10007800,2015/16,11,1295.0,125.0
10007800,2015/16,15,1245.0,220.0
10007800,2015/16,16,415.0,5.0
10007800,2015/16,17,2725.0,440.0
10007800,2015/16,19,0.0,35.0
10007800,2015/16,22,525.0,260.0
10007800,2015/16,23,300.0,755.0
10007800,2015/16,24,280.0,20.0
10007800,2015/16,25,580.0,20.0
10007800,2015/16,26,25.0,10.0
10007800,2016/17,02,2765.0,1580.0
10007800,2016/17,03,965.0,30.0
10007800,2016/17,04,420.0,5.0
10007800,2016/17,07,265.0,10.0
10007800,2016/17,10,615.0,110.0
10007800,2016/17,11,1140.0,100.0
10007800,2016/17,15,1175.0,210.0
10007800,2016/17,16,370.0,5.0
10007800,2016/17,17,3200.0,365.0
10007800,2016/17,19,15.0,65.0
10007800,2016/17,22,535.0,760.0
10007800,2016/17,23,170.0,140.0
10007800,2016/17,24,275.0,15.0
10007800,2016/17,25,610.0,10.0
10007800,2016/17,26,30.0,5.0
10007800,2017/18,02,2990.0,1635.0
10007800,2017/18,03,1040.0,20.0
10007800,2017/18,04,445.0,5.0
10007800,2017/18,07,240.0,10.0
10007800,2017/18,10,645.0,105.0
10007800,2017/18,11,1140.0,70.0
10007800,2017/18,15,1380.0,290.0
10007800,2017/18,16,440.0,5.0
10007800,2017/18,17,3310.0,290.0
10007800,2017/18,19,35.0,20.0
10007800,2017/18,22,605.0,615.0
10007800,2017/18,23,40.0,75.0
10007800,2017/18,24,275.0,10.0
10007800,2017/18,25,650.0,15.0
10007800,2017/18,26,35.0,5.0
10007800,2018/19,02,3105.0,1510.0
10007800,2018/19,03,1145.0,30.0
10007800,2018/19,04,500.0,5.0
10007800,2018/19,07,275.0,5.0
10007800,2018/19,10,670.0,80.0
10007800,2018/19,11,1195.0,60.0
10007800,2018/19,15,1385.0,315.0
10007800,2018/19,16,570.0,10.0
10007800,2018/19,17,3565.0,240.0
10007800,2018/19,19,20.0,50.0
10007800,2018/19,22,600.0,565.0
10007800,2018/19,23,35.0,80.0
10007800,2018/19,24,260.0,5.0
10007800,2018/19,25,685.0,20.0
10007800,2018/19,26,35.0,5.0
10007800,2019/20,02,3025.0,1340.0
10007800,2019/20,03,1175.0,45.0
10007800,2019/20,04,515.0,5.0
10007800,2019/20,07,260.0,15.0
10007800,2019/20,09,10.0,0.0
10007800,2019/20,10,725.0,75.0
10007800,2019/20,11,1145.0,40.0
10007800,2019/20,15,1865.0,390.0
10007800,2019/20,16,190.0,0.0
10007800,2019/20,17,3005.0,195.0
10007800,2019/20,19,5.0,20.0
10007800,2019/20,22,600.0,420.0
10007800,2019/20,23,20.0,55.0
10007800,2019/20,24,325.0,25.0
10007800,2019/20,25,580.0,10.0
10007800,2019/20,26,25.0,0.0
10007800,2020/21,02,3370.0,1075.0
10007800,2020/21,03,1280.0,30.0
10007800,2020/21,04,550.0,10.0
10007800,2020/21,07,280.0,5.0
10007800,2020/21,09,25.0,0.0
10007800,2020/21,10,705.0,65.0
10007800,2020/21,11,1220.0,25.0
10007800,2020/21,15,2070.0,395.0
10007800,2020/21,16,265.0,5.0
10007800,2020/21,17,4060.0,195.0
10007800,2020/21,19,5.0,5.0
10007800,2020/21,22,630.0,455.0
10007800,2020/21,23,20.0,175.0
10007800,2020/21,24,285.0,20.0
10007800,2020/21,25,670.0,5.0
10007800,2020/21,26,30.0,5.0
10007800,2021/22,02,3685.0,1055.0
10007800,2021/22,03,1245.0,20.0
10007800,2021/22,04,570.0,10.0
10007800,2021/22,07,260.0,5.0
10007800,2021/22,09,30.0,0.0
10007800,2021/22,10,705.0,60.0
10007800,2021/22,11,1380.0,20.0
10007800,2021/22,15,2365.0,370.0
10007800,2021/22,16,275.0,0.0
10007800,2021/22,17,5495.0,150.0
10007800,2021/22,19,0.0,10.0
10007800,2021/22,22,785.0,400.0
10007800,2021/22,23,15.0,115.0
10007800,2021/22,24,280.0,10.0
10007800,2021/22,25,700.0,10.0
10007800,2021/22,26,35.0,5.0
10007800,2022/23,02,3320.0,905.0
10007800,2022/23,03,1110.0,20.0
10007800,2022/23,04,510.0,70.0
10007800,2022/23,06,0.0,5.0
10007800,2022/23,07,235.0,5.0
10007800,2022/23,09,35.0,0.0
10007800,2022/23,10,575.0,80.0
10007800,2022/23,11,1345.0,15.0
10007800,2022/23,15,2255.0,525.0
10007800,2022/23,16,235.0,5.0
10007800,2022/23,17,5825.0,185.0
10007800,2022/23,19,85.0,0.0
10007800,2022/23,22,625.0,620.0
10007800,2022/23,23,25.0,35.0
10007800,2022/23,24,140.0,5.0
10007800,2022/23,25,715.0,10.0
10007800,2022/23,26,25.0,5.0
10007800,2023/24,02,3260.0,650.0
10007800,2023/24,03,1040.0,15.0
10007800,2023/24,04,455.0,80.0
10007800,2023/24,07,225.0,5.0
10007800,2023/24,09,40.0,0.0
10007800,2023/24,10,585.0,45.0
10007800,2023/24,11,1090.0,15.0
10007800,2023/24,15,1690.0,485.0
10007800,2023/24,16,190.0,0.0
10007800,2023/24,17,4360.0,115.0
10007800,2023/24,19,95.0,0.0
10007800,2023/24,22,505.0,920.0
10007800,2023/24,23,10.0,75.0
10007800,2023/24,24,100.0,5.0
10007800,2023/24,25,680.0,10.0
10007800,2023/24,26,40.0,5.0
10007800,2024/25,02,3255.0,565.0
10007800,2024/25,03,1120.0,10.0
10007800,2024/25,04,350.0,70.0
10007800,2024/25,07,190.0,5.0
10007800,2024/25,09,45.0,0.0
10007800,2024/25,10,525.0,35.0
10007800,2024/25,11,2810.0,20.0
10007800,2024/25,15,2270.0,335.0
10007800,2024/25,16,160.0,5.0
10007800,2024/25,17,4155.0,65.0
10007800,2024/25,19,85.0,0.0
10007800,2024/25,22,600.0,1260.0
10007800,2024/25,23,20.0,330.0
10007800,2024/25,24,70.0,10.0
10007800,2024/25,25,680.0,10.0
10007800,2024/25,26,55.0,0.0
10007801,2014/15,01,750.0,55.0
10007801,2014/15,02,2930.0,2005.0
10007801,2014/15,03,1240.0,80.0
10007801,2014/15,04,1200.0,55.0
10007801,2014/15,05,15.0,25.0
10007801,2014/15,06,385.0,60.0
10007801,2014/15,07,240.0,10.0
10007801,2014/15,09,225.0,25.0
10007801,2014/15,10,1740.0,385.0
10007801,2014/15,11,1060.0,125.0
10007801,2014/15,13,440.0,135.0
10007801,2014/15,15,1540.0,210.0
10007801,2014/15,16,480.0,50.0
10007801,2014/15,17,3025.0,370.0
10007801,2014/15,19,325.0,25.0
10007801,2014/15,20,380.0,35.0
10007801,2014/15,22,1665.0,980.0
10007801,2014/15,23,10.0,10.0
10007801,2014/15,24,25.0,10.0
10007801,2014/15,25,1520.0,260.0
10007801,2014/15,26,1655.0,140.0
10007801,2015/16,01,705.0,55.0
10007801,2015/16,02,3110.0,2285.0
10007801,2015/16,03,970.0,65.0
10007801,2015/16,04,1050.0,40.0
10007801,2015/16,05,0.0,20.0
10007801,2015/16,06,280.0,25.0
10007801,2015/16,07,225.0,10.0
10007801,2015/16,09,205.0,15.0
10007801,2015/16,10,1545.0,265.0
10007801,2015/16,11,940.0,150.0
10007801,2015/16,13,400.0,85.0
10007801,2015/16,15,1310.0,200.0
10007801,2015/16,16,385.0,40.0
10007801,2015/16,17,2665.0,330.0
10007801,2015/16,19,315.0,25.0
10007801,2015/16,20,345.0,20.0
10007801,2015/16,22,1230.0,630.0
10007801,2015/16,23,10.0,35.0
10007801,2015/16,24,15.0,10.0
10007801,2015/16,25,1260.0,200.0
10007801,2015/16,26,1560.0,105.0
10007801,2016/17,01,690.0,60.0
10007801,2016/17,02,3300.0,2315.0
10007801,2016/17,03,850.0,50.0
10007801,2016/17,04,980.0,50.0
10007801,2016/17,05,0.0,10.0
10007801,2016/17,06,230.0,15.0
10007801,2016/17,07,190.0,5.0
10007801,2016/17,09,200.0,15.0
10007801,2016/17,10,1440.0,130.0
10007801,2016/17,11,940.0,75.0
10007801,2016/17,13,430.0,55.0
10007801,2016/17,15,1190.0,135.0
10007801,2016/17,16,375.0,20.0
10007801,2016/17,17,2485.0,275.0
10007801,2016/17,19,295.0,20.0
10007801,2016/17,20,340.0,10.0
10007801,2016/17,22,990.0,540.0
10007801,2016/17,23,0.0,30.0
10007801,2016/17,24,15.0,10.0
10007801,2016/17,25,1175.0,130.0
10007801,2016/17,26,1490.0,85.0
10007801,2017/18,01,740.0,160.0
10007801,2017/18,02,3340.0,1720.0
10007801,2017/18,03,860.0,50.0
10007801,2017/18,04,955.0,50.0
10007801,2017/18,06,195.0,20.0
10007801,2017/18,07,175.0,10.0
10007801,2017/18,09,220.0,15.0
10007801,2017/18,10,1355.0,115.0
10007801,2017/18,11,895.0,100.0
10007801,2017/18,13,465.0,35.0
10007801,2017/18,15,1175.0,85.0
10007801,2017/18,16,445.0,15.0
10007801,2017/18,17,2365.0,290.0
10007801,2017/18,19,280.0,20.0
10007801,2017/18,20,310.0,30.0
10007801,2017/18,22,995.0,450.0
10007801,2017/18,23,5.0,5.0
10007801,2017/18,24,30.0,10.0
10007801,2017/18,25,1110.0,115.0
10007801,2017/18,26,1475.0,75.0
10007801,2018/19,01,805.0,155.0
10007801,2018/19,02,3150.0,1845.0
10007801,2018/19,03,760.0,50.0
10007801,2018/19,04,910.0,55.0
10007801,2018/19,06,175.0,15.0
10007801,2018/19,07,165.0,10.0
10007801,2018/19,09,200.0,15.0
10007801,2018/19,10,1250.0,95.0
10007801,2018/19,11,780.0,105.0
10007801,2018/19,13,505.0,30.0
10007801,2018/19,15,1170.0,80.0
10007801,2018/19,16,455.0,30.0
10007801,2018/19,17,1925.0,270.0
10007801,2018/19,19,270.0,35.0
10007801,2018/19,20,350.0,20.0
10007801,2018/19,22,895.0,390.0
10007801,2018/19,23,5.0,5.0
10007801,2018/19,24,45.0,15.0
10007801,2018/19,25,1110.0,80.0
10007801,2018/19,26,1365.0,65.0
10007801,2019/20,01,950.0,80.0
10007801,2019/20,02,3260.0,1485.0
10007801,2019/20,03,800.0,45.0
10007801,2019/20,04,885.0,45.0
10007801,2019/20,06,135.0,15.0
10007801,2019/20,07,170.0,10.0
10007801,2019/20,09,195.0,10.0
10007801,2019/20,10,1140.0,115.0
10007801,2019/20,11,740.0,95.0
10007801,2019/20,13,480.0,40.0
10007801,2019/20,15,1285.0,105.0
10007801,2019/20,16,405.0,15.0
10007801,2019/20,17,1620.0,215.0
10007801,2019/20,19,240.0,40.0
10007801,2019/20,20,325.0,20.0
10007801,2019/20,22,635.0,345.0
10007801,2019/20,23,5.0,5.0
10007801,2019/20,24,115.0,15.0
10007801,2019/20,25,905.0,75.0
10007801,2019/20,26,1300.0,50.0
10007801,2020/21,01,1115.0,105.0
10007801,2020/21,02,3720.0,1720.0
10007801,2020/21,03,895.0,30.0
10007801,2020/21,04,900.0,65.0
10007801,2020/21,06,115.0,5.0
10007801,2020/21,07,160.0,10.0
10007801,2020/21,09,190.0,10.0
10007801,2020/21,10,1100.0,85.0
10007801,2020/21,11,720.0,60.0
10007801,2020/21,13,400.0,35.0
10007801,2020/21,15,1190.0,100.0
10007801,2020/21,16,380.0,10.0
10007801,2020/21,17,1685.0,145.0
10007801,2020/21,19,255.0,30.0
10007801,2020/21,20,300.0,30.0
10007801,2020/21,22,715.0,315.0
10007801,2020/21,23,5.0,5.0
10007801,2020/21,24,75.0,15.0
10007801,2020/21,25,915.0,60.0
10007801,2020/21,26,1205.0,50.0
10007801,2021/22,01,1250.0,105.0
10007801,2021/22,02,3900.0,1820.0
10007801,2021/22,03,950.0,20.0
10007801,2021/22,04,1020.0,65.0
10007801,2021/22,06,115.0,5.0
10007801,2021/22,07,150.0,10.0
10007801,2021/22,09,155.0,5.0
10007801,2021/22,10,970.0,85.0
10007801,2021/22,11,680.0,45.0
10007801,2021/22,13,465.0,35.0
10007801,2021/22,15,1140.0,85.0
10007801,2021/22,16,365.0,5.0
10007801,2021/22,17,1695.0,145.0
10007801,2021/22,19,225.0,30.0
10007801,2021/22,20,260.0,30.0
10007801,2021/22,22,640.0,435.0
10007801,2021/22,23,5.0,5.0
10007801,2021/22,24,40.0,10.0
10007801,2021/22,25,855.0,60.0
10007801,2021/22,26,1165.0,60.0
10007801,2022/23,01,1320.0,135.0
10007801,2022/23,02,3795.0,2020.0
10007801,2022/23,03,985.0,30.0
10007801,2022/23,04,1080.0,90.0
10007801,2022/23,06,80.0,5.0
10007801,2022/23,07,120.0,10.0
10007801,2022/23,09,175.0,10.0
10007801,2022/23,10,900.0,85.0
10007801,2022/23,11,785.0,65.0
10007801,2022/23,13,490.0,40.0
10007801,2022/23,15,1170.0,110.0
10007801,2022/23,16,400.0,20.0
10007801,2022/23,17,1840.0,215.0
10007801,2022/23,19,225.0,40.0
10007801,2022/23,20,255.0,30.0
10007801,2022/23,22,605.0,445.0
10007801,2022/23,23,0.0,5.0
10007801,2022/23,24,15.0,5.0
10007801,2022/23,25,920.0,60.0
10007801,2022/23,26,1185.0,65.0
10007801,2023/24,01,1395.0,145.0
10007801,2023/24,02,3800.0,1705.0
10007801,2023/24,03,1050.0,30.0
10007801,2023/24,04,1200.0,115.0
10007801,2023/24,06,80.0,5.0
10007801,2023/24,07,120.0,10.0
10007801,2023/24,09,160.0,10.0
10007801,2023/24,10,860.0,70.0
10007801,2023/24,11,765.0,50.0
10007801,2023/24,13,535.0,40.0
10007801,2023/24,15,1140.0,85.0
10007801,2023/24,16,445.0,15.0
10007801,2023/24,17,1585.0,225.0
10007801,2023/24,19,215.0,30.0
10007801,2023/24,20,230.0,20.0
10007801,2023/24,22,455.0,395.0
10007801,2023/24,23,0.0,5.0
10007801,2023/24,24,10.0,5.0
10007801,2023/24,25,900.0,45.0
10007801,2023/24,26,1225.0,50.0
10007801,2024/25,01,1400.0,170.0
10007801,2024/25,02,3765.0,1495.0
10007801,2024/25,03,1090.0,20.0
10007801,2024/25,04,1140.0,115.0
10007801,2024/25,06,40.0,5.0
10007801,2024/25,07,115.0,10.0
10007801,2024/25,09,125.0,10.0
10007801,2024/25,10,800.0,60.0
10007801,2024/25,11,745.0,35.0
10007801,2024/25,13,520.0,50.0
10007801,2024/25,15,1020.0,75.0
10007801,2024/25,16,480.0,10.0
10007801,2024/25,17,1170.0,235.0
10007801,2024/25,19,220.0,35.0
10007801,2024/25,20,200.0,20.0
10007801,2024/25,22,335.0,325.0
10007801,2024/25,24,5.0,5.0
10007801,2024/25,25,845.0,40.0
10007801,2024/25,26,1165.0,45.0
10007802,2014/15,02,1000.0,235.0
10007802,2014/15,03,680.0,25.0
10007802,2014/15,04,585.0,20.0
10007802,2014/15,06,665.0,45.0
10007802,2014/15,07,345.0,10.0
10007802,2014/15,09,390.0,5.0
10007802,2014/15,10,160.0,15.0
10007802,2014/15,11,425.0,50.0
10007802,2014/15,13,375.0,55.0
10007802,2014/15,15,815.0,35.0
10007802,2014/15,16,835.0,15.0
10007802,2014/15,17,2590.0,830.0
10007802,2014/15,19,760.0,40.0
10007802,2014/15,20,825.0,85.0
10007802,2014/15,22,845.0,220.0
10007802,2014/15,23,190.0,0.0
10007802,2014/15,24,5.0,0.0
10007802,2014/15,25,515.0,30.0
10007802,2014/15,26,590.0,20.0
10007802,2015/16,02,1045.0,285.0
10007802,2015/16,03,705.0,20.0
10007802,2015/16,04,650.0,15.0
10007802,2015/16,06,620.0,85.0
10007802,2015/16,07,350.0,10.0
10007802,2015/16,09,380.0,10.0
10007802,2015/16,10,150.0,10.0
10007802,2015/16,11,485.0,40.0
10007802,2015/16,13,400.0,95.0
10007802,2015/16,15,815.0,25.0
10007802,2015/16,16,895.0,10.0
10007802,2015/16,17,2830.0,855.0
10007802,2015/16,19,855.0,55.0
10007802,2015/16,20,855.0,70.0
10007802,2015/16,22,780.0,250.0
10007802,2015/16,23,155.0,0.0
10007802,2015/16,24,5.0,0.0
10007802,2015/16,25,550.0,30.0
10007802,2015/16,26,590.0,15.0
10007802,2016/17,02,1140.0,255.0
10007802,2016/17,03,710.0,25.0
10007802,2016/17,04,715.0,20.0
10007802,2016/17,06,580.0,65.0
10007802,2016/17,07,390.0,5.0
10007802,2016/17,09,390.0,10.0
10007802,2016/17,10,115.0,15.0
10007802,2016/17,11,445.0,30.0
10007802,2016/17,13,510.0,105.0
10007802,2016/17,15,925.0,35.0
10007802,2016/17,16,870.0,10.0
10007802,2016/17,17,3150.0,835.0
10007802,2016/17,19,995.0,50.0
10007802,2016/17,20,930.0,80.0
10007802,2016/17,22,735.0,230.0
10007802,2016/17,23,105.0,0.0
10007802,2016/17,24,40.0,5.0
10007802,2016/17,25,640.0,35.0
10007802,2016/17,26,625.0,20.0
10007802,2017/18,02,1225.0,255.0
10007802,2017/18,03,740.0,20.0
10007802,2017/18,04,765.0,30.0
10007802,2017/18,06,580.0,65.0
10007802,2017/18,07,360.0,5.0
10007802,2017/18,09,450.0,10.0
10007802,2017/18,10,100.0,10.0
10007802,2017/18,11,460.0,20.0
10007802,2017/18,13,620.0,90.0
10007802,2017/18,15,1070.0,40.0
10007802,2017/18,16,900.0,10.0
10007802,2017/18,17,3465.0,830.0
10007802,2017/18,19,1100.0,40.0
10007802,2017/18,20,985.0,75.0
10007802,2017/18,22,830.0,180.0
10007802,2017/18,23,110.0,0.0
10007802,2017/18,24,70.0,10.0
10007802,2017/18,25,680.0,40.0
10007802,2017/18,26,750.0,25.0
10007802,2018/19,02,1375.0,210.0
10007802,2018/19,03,800.0,15.0
10007802,2018/19,04,770.0,40.0
10007802,2018/19,06,555.0,70.0
10007802,2018/19,07,310.0,0.0
10007802,2018/19,09,440.0,10.0
10007802,2018/19,10,105.0,10.0
10007802,2018/19,11,410.0,25.0
10007802,2018/19,13,695.0,100.0
10007802,2018/19,15,1200.0,30.0
10007802,2018/19,16,865.0,15.0
10007802,2018/19,17,3320.0,1650.0
10007802,2018/19,19,1030.0,40.0
10007802,2018/19,20,935.0,70.0
10007802,2018/19,22,885.0,180.0
10007802,2018/19,23,70.0,0.0
10007802,2018/19,24,65.0,5.0
10007802,2018/19,25,655.0,35.0
10007802,2018/19,26,775.0,20.0
10007802,2019/20,02,1315.0,180.0
10007802,2019/20,03,810.0,15.0
10007802,2019/20,04,1075.0,175.0
10007802,2019/20,06,430.0,85.0
10007802,2019/20,07,270.0,5.0
10007802,2019/20,09,420.0,5.0
10007802,2019/20,10,110.0,10.0
10007802,2019/20,11,405.0,30.0
10007802,2019/20,13,705.0,115.0
10007802,2019/20,15,1295.0,50.0
10007802,2019/20,16,920.0,20.0
10007802,2019/20,17,3345.0,2170.0
10007802,2019/20,19,865.0,40.0
10007802,2019/20,20,845.0,65.0
10007802,2019/20,22,925.0,390.0
10007802,2019/20,23,115.0,0.0
10007802,2019/20,24,50.0,10.0
10007802,2019/20,25,625.0,35.0
10007802,2019/20,26,790.0,25.0
10007802,2020/21,01,20.0,0.0
10007802,2020/21,02,1455.0,250.0
10007802,2020/21,03,800.0,15.0
10007802,2020/21,04,1200.0,245.0
10007802,2020/21,06,445.0,95.0
10007802,2020/21,07,240.0,10.0
10007802,2020/21,09,345.0,0.0
10007802,2020/21,10,130.0,15.0
10007802,2020/21,11,425.0,50.0
10007802,2020/21,13,745.0,85.0
10007802,2020/21,15,1250.0,535.0
10007802,2020/21,16,1025.0,25.0
10007802,2020/21,17,3255.0,2675.0
10007802,2020/21,19,775.0,35.0
10007802,2020/21,20,765.0,70.0
10007802,2020/21,22,985.0,470.0
10007802,2020/21,23,70.0,0.0
10007802,2020/21,24,50.0,15.0
10007802,2020/21,25,605.0,35.0
10007802,2020/21,26,720.0,35.0
10007802,2021/22,01,45.0,0.0
10007802,2021/22,02,1535.0,270.0
10007802,2021/22,03,725.0,15.0
10007802,2021/22,04,1175.0,240.0
10007802,2021/22,06,475.0,85.0
10007802,2021/22,07,205.0,10.0
10007802,2021/22,09,230.0,0.0
10007802,2021/22,10,120.0,15.0
10007802,2021/22,11,430.0,65.0
10007802,2021/22,13,720.0,55.0
10007802,2021/22,15,1055.0,455.0
10007802,2021/22,16,1075.0,25.0
10007802,2021/22,17,3300.0,2665.0
10007802,2021/22,19,690.0,30.0
10007802,2021/22,20,685.0,60.0
10007802,2021/22,22,935.0,645.0
10007802,2021/22,23,70.0,0.0
10007802,2021/22,24,45.0,15.0
10007802,2021/22,25,560.0,30.0
10007802,2021/22,26,595.0,35.0
10007802,2022/23,01,70.0,0.0
10007802,2022/23,02,1525.0,270.0
10007802,2022/23,03,700.0,15.0
10007802,2022/23,04,1285.0,195.0
10007802,2022/23,06,455.0,70.0
10007802,2022/23,07,200.0,5.0
10007802,2022/23,09,210.0,5.0
10007802,2022/23,10,135.0,15.0
10007802,2022/23,11,515.0,90.0
10007802,2022/23,13,675.0,50.0
10007802,2022/23,15,1050.0,455.0
10007802,2022/23,16,1150.0,25.0
10007802,2022/23,17,3560.0,2490.0
10007802,2022/23,19,645.0,45.0
10007802,2022/23,20,745.0,50.0
10007802,2022/23,22,770.0,710.0
10007802,2022/23,23,55.0,0.0
10007802,2022/23,24,55.0,15.0
10007802,2022/23,25,550.0,35.0
10007802,2022/23,26,575.0,35.0
10007802,2023/24,01,80.0,0.0
10007802,2023/24,02,1635.0,280.0
10007802,2023/24,03,695.0,15.0
10007802,2023/24,04,1235.0,180.0
10007802,2023/24,06,395.0,50.0
10007802,2023/24,07,160.0,5.0
10007802,2023/24,09,190.0,5.0
10007802,2023/24,10,165.0,15.0
10007802,2023/24,11,640.0,85.0
10007802,2023/24,13,640.0,55.0
10007802,2023/24,15,1125.0,555.0
10007802,2023/24,16,1125.0,25.0
10007802,2023/24,17,3965.0,2555.0
10007802,2023/24,19,620.0,40.0
10007802,2023/24,20,790.0,50.0
10007802,2023/24,22,730.0,760.0
10007802,2023/24,23,130.0,0.0
10007802,2023/24,24,60.0,15.0
10007802,2023/24,25,530.0,25.0
10007802,2023/24,26,590.0,35.0
10007802,2024/25,01,80.0,0.0
10007802,2024/25,02,1630.0,275.0
10007802,2024/25,03,680.0,15.0
10007802,2024/25,04,1335.0,145.0
10007802,2024/25,06,365.0,35.0
10007802,2024/25,07,200.0,5.0
10007802,2024/25,09,205.0,5.0
10007802,2024/25,10,180.0,10.0
10007802,2024/25,11,770.0,140.0
10007802,2024/25,13,640.0,45.0
10007802,2024/25,15,1290.0,605.0
10007802,2024/25,16,1215.0,15.0
10007802,2024/25,17,4200.0,2970.0
10007802,2024/25,19,635.0,30.0
10007802,2024/25,20,805.0,45.0
10007802,2024/25,22,730.0,725.0
10007802,2024/25,23,35.0,0.0
10007802,2024/25,24,60.0,10.0
10007802,2024/25,25,570.0,25.0
10007802,2024/25,26,630.0,25.0
10007803,2014/15,01,485.0,0.0
10007803,2014/15,02,120.0,10.0
10007803,2014/15,03,535.0,45.0
10007803,2014/15,04,445.0,40.0
10007803,2014/15,06,0.0,20.0
10007803,2014/15,07,930.0,10.0
10007803,2014/15,09,485.0,0.0
10007803,2014/15,10,25.0,0.0
10007803,2014/15,11,305.0,10.0
10007803,2014/15,15,1725.0,125.0
10007803,2014/15,17,835.0,15.0
10007803,2014/15,19,1155.0,725.0
10007803,2014/15,20,1695.0,135.0
10007803,2014/15,23,70.0,70.0
10007803,2014/15,24,75.0,0.0
10007803,2014/15,25,0.0,30.0
10007803,2014/15,26,545.0,5.0
10007803,2015/16,01,490.0,0.0
10007803,2015/16,02,135.0,10.0
10007803,2015/16,03,535.0,60.0
10007803,2015/16,04,445.0,35.0
10007803,2015/16,06,0.0,10.0
10007803,2015/16,07,935.0,15.0
10007803,2015/16,09,515.0,10.0
10007803,2015/16,10,25.0,0.0
10007803,2015/16,11,385.0,5.0
10007803,2015/16,15,1660.0,110.0
10007803,2015/16,17,830.0,5.0
10007803,2015/16,19,1170.0,685.0
10007803,2015/16,20,1740.0,140.0
10007803,2015/16,23,60.0,65.0
10007803,2015/16,24,80.0,0.0
10007803,2015/16,25,0.0,30.0
10007803,2015/16,26,535.0,25.0
10007803,2016/17,01,485.0,5.0
10007803,2016/17,02,145.0,5.0
10007803,2016/17,03,505.0,65.0
10007803,2016/17,04,430.0,30.0
10007803,2016/17,06,0.0,10.0
10007803,2016/17,07,935.0,0.0
10007803,2016/17,09,510.0,0.0
10007803,2016/17,10,25.0,0.0
10007803,2016/17,11,440.0,5.0
10007803,2016/17,15,1555.0,105.0
10007803,2016/17,17,650.0,5.0
10007803,2016/17,19,1175.0,620.0
10007803,2016/17,20,1635.0,120.0
10007803,2016/17,23,85.0,95.0
10007803,2016/17,24,95.0,0.0
10007803,2016/17,25,0.0,45.0
10007803,2016/17,26,540.0,5.0
10007803,2017/18,01,470.0,5.0
10007803,2017/18,02,175.0,20.0
10007803,2017/18,03,545.0,55.0
10007803,2017/18,04,445.0,35.0
10007803,2017/18,06,0.0,5.0
10007803,2017/18,07,960.0,10.0
10007803,2017/18,09,510.0,5.0
10007803,2017/18,10,25.0,0.0
10007803,2017/18,11,490.0,10.0
10007803,2017/18,15,1565.0,95.0
10007803,2017/18,17,670.0,5.0
10007803,2017/18,19,1185.0,640.0
10007803,2017/18,20,1700.0,115.0
10007803,2017/18,23,100.0,185.0
10007803,2017/18,24,70.0,0.0
10007803,2017/18,25,0.0,40.0
10007803,2017/18,26,590.0,20.0
10007803,2018/19,01,525.0,0.0
10007803,2018/19,02,180.0,10.0
10007803,2018/19,03,570.0,40.0
10007803,2018/19,04,420.0,15.0
10007803,2018/19,06,0.0,5.0
10007803,2018/19,07,945.0,5.0
10007803,2018/19,09,510.0,5.0
10007803,2018/19,10,20.0,0.0
10007803,2018/19,11,525.0,10.0
10007803,2018/19,15,1550.0,85.0
10007803,2018/19,17,635.0,5.0
10007803,2018/19,19,1135.0,620.0
10007803,2018/19,20,1695.0,80.0
10007803,2018/19,23,90.0,155.0
10007803,2018/19,24,110.0,0.0
10007803,2018/19,25,0.0,35.0
10007803,2018/19,26,580.0,0.0
10007803,2019/20,01,610.0,5.0
10007803,2019/20,02,90.0,0.0
10007803,2019/20,03,600.0,35.0
10007803,2019/20,04,560.0,15.0
10007803,2019/20,07,980.0,10.0
10007803,2019/20,09,550.0,5.0
10007803,2019/20,11,570.0,5.0
10007803,2019/20,15,1590.0,90.0
10007803,2019/20,17,550.0,5.0
10007803,2019/20,19,1055.0,570.0
10007803,2019/20,20,1605.0,100.0
10007803,2019/20,22,0.0,15.0
10007803,2019/20,23,100.0,90.0
10007803,2019/20,24,105.0,0.0
10007803,2019/20,25,0.0,15.0
10007803,2019/20,26,590.0,5.0
10007803,2020/21,01,585.0,10.0
10007803,2020/21,02,95.0,0.0
10007803,2020/21,03,640.0,65.0
10007803,2020/21,04,650.0,10.0
10007803,2020/21,06,5.0,0.0
10007803,2020/21,07,1105.0,35.0
10007803,2020/21,09,585.0,5.0
10007803,2020/21,11,615.0,10.0
10007803,2020/21,15,1730.0,100.0
10007803,2020/21,17,625.0,5.0
10007803,2020/21,19,1115.0,605.0
10007803,2020/21,20,1770.0,85.0
10007803,2020/21,22,0.0,20.0
10007803,2020/21,23,110.0,100.0
10007803,2020/21,24,105.0,0.0
10007803,2020/21,26,690.0,5.0
10007803,2021/22,01,675.0,5.0
10007803,2021/22,02,105.0,0.0
10007803,2021/22,03,625.0,40.0
10007803,2021/22,04,675.0,10.0
10007803,2021/22,06,5.0,0.0
10007803,2021/22,07,1135.0,15.0
10007803,2021/22,09,655.0,10.0
10007803,2021/22,11,605.0,10.0
10007803,2021/22,15,1805.0,95.0
10007803,2021/22,17,650.0,0.0
10007803,2021/22,19,1200.0,590.0
10007803,2021/22,20,1745.0,75.0
10007803,2021/22,22,0.0,10.0
10007803,2021/22,23,100.0,95.0
10007803,2021/22,24,125.0,0.0
10007803,2021/22,26,755.0,10.0
10007803,2022/23,01,700.0,10.0
10007803,2022/23,02,110.0,0.0
10007803,2022/23,03,655.0,50.0
10007803,2022/23,04,670.0,15.0
10007803,2022/23,06,5.0,0.0
10007803,2022/23,07,1145.0,25.0
10007803,2022/23,09,660.0,10.0
10007803,2022/23,11,680.0,25.0
10007803,2022/23,15,1835.0,95.0
10007803,2022/23,17,675.0,0.0
10007803,2022/23,19,1170.0,650.0
10007803,2022/23,20,1740.0,85.0
10007803,2022/23,22,0.0,25.0
10007803,2022/23,23,110.0,100.0
10007803,2022/23,24,150.0,0.0
10007803,2022/23,26,750.0,5.0
10007803,2023/24,01,740.0,10.0
10007803,2023/24,02,105.0,0.0
10007803,2023/24,03,615.0,50.0
10007803,2023/24,04,605.0,15.0
10007803,2023/24,06,5.0,0.0
10007803,2023/24,07,1115.0,20.0
10007803,2023/24,09,595.0,5.0
10007803,2023/24,11,640.0,35.0
10007803,2023/24,15,1840.0,65.0
10007803,2023/24,17,630.0,5.0
10007803,2023/24,19,1135.0,730.0
10007803,2023/24,20,1725.0,95.0
10007803,2023/24,22,0.0,25.0
10007803,2023/24,23,115.0,80.0
10007803,2023/24,24,140.0,0.0
10007803,2023/24,26,735.0,15.0
10007803,2024/25,01,740.0,20.0
10007803,2024/25,02,110.0,0.0
10007803,2024/25,03,610.0,45.0
10007803,2024/25,04,540.0,10.0
10007803,2024/25,06,5.0,0.0
10007803,2024/25,07,1090.0,15.0
10007803,2024/25,09,630.0,5.0
10007803,2024/25,11,615.0,130.0
10007803,2024/25,15,1885.0,40.0
10007803,2024/25,17,650.0,5.0
10007803,2024/25,19,1155.0,510.0
10007803,2024/25,20,1680.0,75.0
10007803,2024/25,22,0.0,20.0
10007803,2024/25,23,105.0,95.0
10007803,2024/25,24,135.0,0.0
10007803,2024/25,26,715.0,15.0
10007804,2014/15,02,1300.0,490.0
10007804,2014/15,03,1070.0,105.0
10007804,2014/15,04,680.0,45.0
10007804,2014/15,05,45.0,0.0
10007804,2014/15,06,90.0,5.0
10007804,2014/15,09,125.0,10.0
10007804,2014/15,11,265.0,10.0
10007804,2014/15,13,10.0,80.0
10007804,2014/15,15,980.0,455.0
10007804,2014/15,16,335.0,15.0
10007804,2014/15,17,1595.0,85.0
10007804,2014/15,19,535.0,25.0
10007804,2014/15,20,625.0,35.0
10007804,2014/15,22,450.0,340.0
10007804,2014/15,23,200.0,100.0
10007804,2014/15,24,540.0,30.0
10007804,2014/15,26,410.0,20.0
10007804,2015/16,02,1380.0,505.0
10007804,2015/16,03,1245.0,100.0
10007804,2015/16,04,755.0,55.0
10007804,2015/16,05,35.0,5.0
10007804,2015/16,06,90.0,5.0
10007804,2015/16,09,115.0,5.0
10007804,2015/16,11,355.0,15.0
10007804,2015/16,13,10.0,100.0
10007804,2015/16,15,1070.0,515.0
10007804,2015/16,16,370.0,15.0
10007804,2015/16,17,1670.0,80.0
10007804,2015/16,19,535.0,25.0
10007804,2015/16,20,650.0,30.0
10007804,2015/16,22,485.0,310.0
10007804,2015/16,23,180.0,70.0
10007804,2015/16,24,595.0,25.0
10007804,2015/16,26,435.0,10.0
10007804,2016/17,02,1410.0,585.0
10007804,2016/17,03,1220.0,115.0
10007804,2016/17,04,760.0,65.0
10007804,2016/17,05,30.0,10.0
10007804,2016/17,06,100.0,5.0
10007804,2016/17,07,35.0,0.0
10007804,2016/17,09,105.0,5.0
10007804,2016/17,11,420.0,20.0
10007804,2016/17,13,15.0,80.0
10007804,2016/17,15,1095.0,525.0
10007804,2016/17,16,390.0,15.0
10007804,2016/17,17,1725.0,90.0
10007804,2016/17,19,570.0,30.0
10007804,2016/17,20,635.0,30.0
10007804,2016/17,22,505.0,325.0
10007804,2016/17,23,85.0,0.0
10007804,2016/17,24,595.0,25.0
10007804,2016/17,26,435.0,15.0
10007804,2017/18,02,1245.0,600.0
10007804,2017/18,03,1260.0,120.0
10007804,2017/18,04,835.0,55.0
10007804,2017/18,05,30.0,5.0
10007804,2017/18,06,110.0,5.0
10007804,2017/18,07,35.0,5.0
10007804,2017/18,09,100.0,5.0
10007804,2017/18,11,505.0,20.0
10007804,2017/18,13,15.0,70.0
10007804,2017/18,15,1245.0,600.0
10007804,2017/18,16,445.0,15.0
10007804,2017/18,17,1785.0,80.0
10007804,2017/18,19,600.0,35.0
10007804,2017/18,20,645.0,30.0
10007804,2017/18,22,540.0,360.0
10007804,2017/18,23,10.0,0.0
10007804,2017/18,24,630.0,25.0
10007804,2017/18,25,70.0,0.0
10007804,2017/18,26,430.0,20.0
10007804,2018/19,02,1135.0,585.0
10007804,2018/19,03,1185.0,135.0
10007804,2018/19,04,855.0,60.0
10007804,2018/19,05,35.0,0.0
10007804,2018/19,06,100.0,5.0
10007804,2018/19,07,50.0,0.0
10007804,2018/19,09,85.0,5.0
10007804,2018/19,11,525.0,10.0
10007804,2018/19,13,10.0,70.0
10007804,2018/19,15,1270.0,550.0
10007804,2018/19,16,460.0,15.0
10007804,2018/19,17,1810.0,100.0
10007804,2018/19,19,660.0,35.0
10007804,2018/19,20,590.0,30.0
10007804,2018/19,22,555.0,375.0
10007804,2018/19,23,10.0,5.0
10007804,2018/19,24,635.0,25.0
10007804,2018/19,25,90.0,0.0
10007804,2018/19,26,415.0,15.0
10007804,2019/20,02,1090.0,730.0
10007804,2019/20,03,1080.0,55.0
10007804,2019/20,04,1000.0,140.0
10007804,2019/20,05,30.0,10.0
10007804,2019/20,06,120.0,5.0
10007804,2019/20,07,25.0,5.0
10007804,2019/20,09,105.0,5.0
10007804,2019/20,11,580.0,25.0
10007804,2019/20,13,15.0,90.0
10007804,2019/20,15,1365.0,395.0
10007804,2019/20,16,435.0,10.0
10007804,2019/20,17,1710.0,75.0
10007804,2019/20,19,630.0,35.0
10007804,2019/20,20,625.0,35.0
10007804,2019/20,22,555.0,375.0
10007804,2019/20,24,700.0,25.0
10007804,2019/20,25,90.0,0.0
10007804,2019/20,26,350.0,20.0
10007804,2020/21,02,1210.0,760.0
10007804,2020/21,03,1280.0,45.0
10007804,2020/21,04,1100.0,190.0
10007804,2020/21,05,30.0,10.0
10007804,2020/21,06,115.0,5.0
10007804,2020/21,07,10.0,5.0
10007804,2020/21,09,135.0,5.0
10007804,2020/21,11,585.0,175.0
10007804,2020/21,13,30.0,105.0
10007804,2020/21,15,1450.0,455.0
10007804,2020/21,16,520.0,10.0
10007804,2020/21,17,2190.0,420.0
10007804,2020/21,19,645.0,30.0
10007804,2020/21,20,610.0,30.0
10007804,2020/21,22,565.0,400.0
10007804,2020/21,24,815.0,35.0
10007804,2020/21,25,20.0,0.0
10007804,2020/21,26,400.0,15.0
10007804,2021/22,02,1380.0,675.0
10007804,2021/22,03,1325.0,55.0
10007804,2021/22,04,1095.0,200.0
10007804,2021/22,05,30.0,5.0
10007804,2021/22,06,120.0,5.0
10007804,2021/22,07,20.0,0.0
10007804,2021/22,09,155.0,5.0
10007804,2021/22,11,645.0,145.0
10007804,2021/22,13,35.0,110.0
10007804,2021/22,15,1420.0,460.0
10007804,2021/22,16,505.0,15.0
10007804,2021/22,17,2520.0,390.0
10007804,2021/22,19,600.0,30.0
10007804,2021/22,20,590.0,20.0
10007804,2021/22,22,585.0,375.0
10007804,2021/22,24,850.0,40.0
10007804,2021/22,25,80.0,0.0
10007804,2021/22,26,400.0,10.0
10007804,2022/23,02,1195.0,560.0
10007804,2022/23,03,1295.0,50.0
10007804,2022/23,04,910.0,125.0
10007804,2022/23,05,15.0,5.0
10007804,2022/23,06,75.0,5.0
10007804,2022/23,07,5.0,15.0
10007804,2022/23,09,150.0,5.0
10007804,2022/23,11,635.0,115.0
10007804,2022/23,13,10.0,105.0
10007804,2022/23,15,1325.0,475.0
10007804,2022/23,16,535.0,15.0
10007804,2022/23,17,2445.0,265.0
10007804,2022/23,19,535.0,20.0
10007804,2022/23,20,490.0,15.0
10007804,2022/23,22,510.0,300.0
10007804,2022/23,24,710.0,25.0
10007804,2022/23,25,5.0,70.0
10007804,2022/23,26,355.0,30.0
10007804,2023/24,02,1135.0,610.0
10007804,2023/24,03,1305.0,35.0
10007804,2023/24,04,885.0,110.0
10007804,2023/24,05,15.0,0.0
10007804,2023/24,06,45.0,5.0
10007804,2023/24,07,5.0,20.0
10007804,2023/24,09,160.0,5.0
10007804,2023/24,11,655.0,120.0
10007804,2023/24,13,5.0,90.0
10007804,2023/24,15,1235.0,380.0
10007804,2023/24,16,570.0,10.0
10007804,2023/24,17,2265.0,230.0
10007804,2023/24,19,490.0,15.0
10007804,2023/24,20,455.0,20.0
10007804,2023/24,22,495.0,305.0
10007804,2023/24,24,655.0,25.0
10007804,2023/24,25,15.0,115.0
10007804,2023/24,26,360.0,20.0
10007804,2024/25,02,1110.0,550.0
10007804,2024/25,03,1680.0,40.0
10007804,2024/25,04,830.0,125.0
10007804,2024/25,05,10.0,0.0
10007804,2024/25,06,30.0,5.0
10007804,2024/25,07,5.0,25.0
10007804,2024/25,09,120.0,5.0
10007804,2024/25,11,540.0,20.0
10007804,2024/25,13,5.0,90.0
10007804,2024/25,15,1155.0,405.0
10007804,2024/25,16,570.0,15.0
10007804,2024/25,17,1580.0,65.0
10007804,2024/25,19,445.0,25.0
10007804,2024/25,20,455.0,15.0
10007804,2024/25,22,470.0,290.0
10007804,2024/25,24,655.0,20.0
10007804,2024/25,25,15.0,85.0
10007804,2024/25,26,295.0,15.0
10007805,2014/15,01,20.0,0.0
10007805,2014/15,02,1120.0,230.0
10007805,2014/15,03,420.0,5.0
10007805,2014/15,04,395.0,5.0
10007805,2014/15,07,1335.0,10.0
10007805,2014/15,09,580.0,10.0
10007805,2014/15,10,4385.0,320.0
10007805,2014/15,11,530.0,5.0
10007805,2014/15,13,495.0,5.0
10007805,2014/15,15,800.0,120.0
10007805,2014/15,16,920.0,285.0
10007805,2014/15,17,2475.0,725.0
10007805,2014/15,19,535.0,50.0
10007805,2014/15,20,345.0,10.0
10007805,2014/15,22,1640.0,1310.0
10007805,2014/15,23,40.0,1935.0
10007805,2014/15,24,135.0,5.0
10007805,2014/15,26,10.0,0.0
10007805,2015/16,01,20.0,0.0
10007805,2015/16,02,1115.0,320.0
10007805,2015/16,03,440.0,10.0
10007805,2015/16,04,405.0,15.0
10007805,2015/16,07,1385.0,10.0
10007805,2015/16,09,625.0,10.0
10007805,2015/16,10,4535.0,345.0
10007805,2015/16,11,550.0,10.0
10007805,2015/16,13,515.0,10.0
10007805,2015/16,15,900.0,135.0
10007805,2015/16,16,1055.0,250.0
10007805,2015/16,17,2650.0,645.0
10007805,2015/16,19,450.0,85.0
10007805,2015/16,20,400.0,10.0
10007805,2015/16,22,1705.0,1215.0
10007805,2015/16,23,5.0,1485.0
10007805,2015/16,24,160.0,5.0
10007805,2015/16,26,5.0,0.0
10007805,2016/17,02,1035.0,310.0
10007805,2016/17,03,590.0,10.0
10007805,2016/17,04,445.0,15.0
10007805,2016/17,07,1335.0,25.0
10007805,2016/17,09,550.0,25.0
10007805,2016/17,10,4850.0,345.0
10007805,2016/17,11,530.0,10.0
10007805,2016/17,13,500.0,10.0
10007805,2016/17,15,1000.0,115.0
10007805,2016/17,16,1100.0,275.0
10007805,2016/17,17,2715.0,700.0
10007805,2016/17,19,555.0,85.0
10007805,2016/17,20,430.0,110.0
10007805,2016/17,22,1730.0,1355.0
10007805,2016/17,23,0.0,1920.0
10007805,2016/17,24,215.0,5.0
10007805,2016/17,25,0.0,30.0
10007805,2016/17,26,25.0,15.0
10007805,2017/18,02,990.0,230.0
10007805,2017/18,03,565.0,10.0
10007805,2017/18,04,480.0,25.0
10007805,2017/18,07,1390.0,30.0
10007805,2017/18,09,570.0,20.0
10007805,2017/18,10,4850.0,310.0
10007805,2017/18,11,560.0,10.0
10007805,2017/18,13,535.0,10.0
10007805,2017/18,15,1035.0,115.0
10007805,2017/18,16,1230.0,255.0
10007805,2017/18,17,2895.0,615.0
10007805,2017/18,19,555.0,60.0
10007805,2017/18,20,435.0,170.0
10007805,2017/18,22,1795.0,1360.0
10007805,2017/18,23,0.0,815.0
10007805,2017/18,24,225.0,5.0
10007805,2017/18,25,75.0,15.0
10007805,2017/18,26,35.0,25.0
10007805,2018/19,02,995.0,220.0
10007805,2018/19,03,620.0,10.0
10007805,2018/19,04,530.0,40.0
10007805,2018/19,07,1330.0,35.0
10007805,2018/19,09,610.0,30.0
10007805,2018/19,10,4785.0,340.0
10007805,2018/19,11,625.0,45.0
10007805,2018/19,13,540.0,10.0
10007805,2018/19,15,1070.0,110.0
10007805,2018/19,16,1155.0,205.0
10007805,2018/19,17,2945.0,605.0
10007805,2018/19,19,570.0,70.0
10007805,2018/19,20,385.0,175.0
10007805,2018/19,22,1805.0,1490.0
10007805,2018/19,23,0.0,940.0
10007805,2018/19,24,220.0,10.0
10007805,2018/19,25,85.0,0.0
10007805,2018/19,26,15.0,25.0
10007805,2019/20,02,1175.0,215.0
10007805,2019/20,03,545.0,5.0
10007805,2019/20,04,480.0,25.0
10007805,2019/20,07,1310.0,540.0
10007805,2019/20,09,630.0,15.0
10007805,2019/20,10,4720.0,440.0
10007805,2019/20,11,865.0,15.0
10007805,2019/20,13,575.0,5.0
10007805,2019/20,15,1150.0,175.0
10007805,2019/20,16,1185.0,185.0
10007805,2019/20,17,3335.0,590.0
10007805,2019/20,19,815.0,60.0
10007805,2019/20,20,400.0,190.0
10007805,2019/20,22,1890.0,1245.0
10007805,2019/20,23,210.0,840.0
10007805,2019/20,24,225.0,10.0
10007805,2019/20,25,145.0,30.0
10007805,2019/20,26,45.0,45.0
10007805,2020/21,02,1275.0,210.0
10007805,2020/21,03,570.0,10.0
10007805,2020/21,04,600.0,30.0
10007805,2020/21,07,1265.0,385.0
10007805,2020/21,09,665.0,40.0
10007805,2020/21,10,4765.0,485.0
10007805,2020/21,11,970.0,20.0
10007805,2020/21,13,625.0,10.0
10007805,2020/21,15,1245.0,255.0
10007805,2020/21,16,1225.0,170.0
10007805,2020/21,17,3300.0,645.0
10007805,2020/21,19,800.0,50.0
10007805,2020/21,20,405.0,215.0
10007805,2020/21,22,1960.0,1325.0
10007805,2020/21,23,210.0,215.0
10007805,2020/21,24,225.0,10.0
10007805,2020/21,25,150.0,0.0
10007805,2020/21,26,70.0,70.0
10007805,2021/22,02,1415.0,275.0
10007805,2021/22,03,590.0,10.0
10007805,2021/22,04,705.0,40.0
10007805,2021/22,07,1225.0,380.0
10007805,2021/22,09,600.0,125.0
10007805,2021/22,10,4805.0,635.0
10007805,2021/22,11,1150.0,20.0
10007805,2021/22,13,655.0,10.0
10007805,2021/22,15,1260.0,355.0
10007805,2021/22,16,1145.0,150.0
10007805,2021/22,17,3620.0,545.0
10007805,2021/22,19,775.0,55.0
10007805,2021/22,20,410.0,290.0
10007805,2021/22,22,1965.0,1380.0
10007805,2021/22,23,260.0,295.0
10007805,2021/22,24,260.0,5.0
10007805,2021/22,25,145.0,0.0
10007805,2021/22,26,75.0,70.0
10007805,2022/23,02,1575.0,280.0
10007805,2022/23,03,550.0,15.0
10007805,2022/23,04,690.0,45.0
10007805,2022/23,07,1120.0,280.0
10007805,2022/23,09,605.0,170.0
10007805,2022/23,10,4625.0,595.0
10007805,2022/23,11,1255.0,30.0
10007805,2022/23,13,630.0,5.0
10007805,2022/23,15,1355.0,555.0
10007805,2022/23,16,1090.0,155.0
10007805,2022/23,17,3540.0,470.0
10007805,2022/23,19,675.0,50.0
10007805,2022/23,20,380.0,275.0
10007805,2022/23,22,1995.0,630.0
10007805,2022/23,23,265.0,375.0
10007805,2022/23,24,310.0,5.0
10007805,2022/23,25,150.0,0.0
10007805,2022/23,26,50.0,65.0
10007805,2023/24,01,5.0,0.0
10007805,2023/24,02,1475.0,250.0
10007805,2023/24,03,520.0,10.0
10007805,2023/24,04,670.0,45.0
10007805,2023/24,07,1080.0,305.0
10007805,2023/24,09,495.0,200.0
10007805,2023/24,10,4235.0,590.0
10007805,2023/24,11,1215.0,25.0
10007805,2023/24,13,610.0,5.0
10007805,2023/24,15,1370.0,660.0
10007805,2023/24,16,950.0,110.0
10007805,2023/24,17,3310.0,475.0
10007805,2023/24,19,620.0,75.0
10007805,2023/24,20,360.0,250.0
10007805,2023/24,22,1695.0,500.0
10007805,2023/24,23,250.0,365.0
10007805,2023/24,24,275.0,5.0
10007805,2023/24,25,155.0,0.0
10007805,2023/24,26,60.0,45.0
10007805,2024/25,01,5.0,0.0
10007805,2024/25,02,1555.0,415.0
10007805,2024/25,03,495.0,10.0
10007805,2024/25,04,760.0,55.0
10007805,2024/25,07,1080.0,5.0
10007805,2024/25,09,510.0,210.0
10007805,2024/25,10,4185.0,315.0
10007805,2024/25,11,1155.0,25.0
10007805,2024/25,13,570.0,5.0
10007805,2024/25,15,1380.0,460.0
10007805,2024/25,16,1090.0,130.0
10007805,2024/25,17,3345.0,280.0
10007805,2024/25,19,485.0,135.0
10007805,2024/25,20,345.0,235.0
10007805,2024/25,22,1490.0,510.0
10007805,2024/25,23,300.0,130.0
10007805,2024/25,24,270.0,0.0
10007805,2024/25,25,175.0,0.0
10007805,2024/25,26,60.0,40.0
10007806,2014/15,01,355.0,25.0
10007806,2014/15,02,260.0,25.0
10007806,2014/15,03,640.0,10.0
10007806,2014/15,04,940.0,30.0
10007806,2014/15,07,650.0,5.0
10007806,2014/15,09,375.0,0.0
10007806,2014/15,10,580.0,5.0
10007806,2014/15,11,490.0,25.0
10007806,2014/15,15,2330.0,280.0
10007806,2014/15,16,980.0,15.0
10007806,2014/15,17,1725.0,50.0
10007806,2014/15,19,1040.0,55.0
10007806,2014/15,20,840.0,55.0
10007806,2014/15,22,285.0,195.0
10007806,2014/15,24,790.0,25.0
10007806,2014/15,25,140.0,10.0
10007806,2014/15,26,295.0,20.0
10007806,2015/16,01,365.0,30.0
10007806,2015/16,02,285.0,10.0
10007806,2015/16,03,775.0,5.0
10007806,2015/16,04,970.0,40.0
10007806,2015/16,07,680.0,5.0
10007806,2015/16,09,395.0,0.0
10007806,2015/16,10,665.0,10.0
10007806,2015/16,11,545.0,20.0
10007806,2015/16,15,2660.0,210.0
10007806,2015/16,16,970.0,15.0
10007806,2015/16,17,2590.0,35.0
10007806,2015/16,19,1010.0,45.0
10007806,2015/16,20,770.0,55.0
10007806,2015/16,22,380.0,160.0
10007806,2015/16,23,35.0,0.0
10007806,2015/16,24,865.0,25.0
10007806,2015/16,25,205.0,10.0
10007806,2015/16,26,295.0,20.0
10007806,2016/17,01,355.0,75.0
10007806,2016/17,02,355.0,10.0
10007806,2016/17,03,880.0,5.0
10007806,2016/17,04,1030.0,50.0
10007806,2016/17,07,680.0,5.0
10007806,2016/17,09,430.0,0.0
10007806,2016/17,10,750.0,10.0
10007806,2016/17,11,610.0,15.0
10007806,2016/17,15,3120.0,215.0
10007806,2016/17,16,960.0,30.0
10007806,2016/17,17,3040.0,50.0
10007806,2016/17,19,1010.0,45.0
10007806,2016/17,20,770.0,55.0
10007806,2016/17,22,405.0,115.0
10007806,2016/17,23,45.0,0.0
10007806,2016/17,24,905.0,25.0
10007806,2016/17,25,250.0,15.0
10007806,2016/17,26,360.0,20.0
10007806,2017/18,01,365.0,100.0
10007806,2017/18,02,400.0,10.0
10007806,2017/18,03,955.0,5.0
10007806,2017/18,04,1155.0,50.0
10007806,2017/18,07,645.0,5.0
10007806,2017/18,09,460.0,0.0
10007806,2017/18,10,745.0,10.0
10007806,2017/18,11,660.0,15.0
10007806,2017/18,15,3530.0,225.0
10007806,2017/18,16,905.0,30.0
10007806,2017/18,17,3120.0,45.0
10007806,2017/18,19,1020.0,45.0
10007806,2017/18,20,750.0,45.0
10007806,2017/18,22,425.0,260.0
10007806,2017/18,23,65.0,0.0
10007806,2017/18,24,1000.0,30.0
10007806,2017/18,25,280.0,15.0
10007806,2017/18,26,415.0,20.0
10007806,2018/19,01,400.0,135.0
10007806,2018/19,02,465.0,5.0
10007806,2018/19,03,1095.0,5.0
10007806,2018/19,04,1335.0,55.0
10007806,2018/19,07,605.0,5.0
10007806,2018/19,09,460.0,0.0
10007806,2018/19,10,740.0,10.0
10007806,2018/19,11,735.0,15.0
10007806,2018/19,15,3820.0,245.0
10007806,2018/19,16,950.0,10.0
10007806,2018/19,17,3480.0,55.0
10007806,2018/19,19,1005.0,45.0
10007806,2018/19,20,790.0,45.0
10007806,2018/19,22,495.0,280.0
10007806,2018/19,23,60.0,0.0
10007806,2018/19,24,1040.0,35.0
10007806,2018/19,25,285.0,15.0
10007806,2018/19,26,415.0,20.0
10007806,2019/20,01,400.0,165.0
10007806,2019/20,02,755.0,25.0
10007806,2019/20,03,795.0,5.0
10007806,2019/20,04,1585.0,55.0
10007806,2019/20,07,505.0,5.0
10007806,2019/20,09,475.0,0.0
10007806,2019/20,10,655.0,5.0
10007806,2019/20,11,815.0,10.0
10007806,2019/20,15,3955.0,310.0
10007806,2019/20,16,1010.0,15.0
10007806,2019/20,17,3405.0,75.0
10007806,2019/20,19,870.0,45.0
10007806,2019/20,20,730.0,40.0
10007806,2019/20,22,515.0,275.0
10007806,2019/20,23,150.0,0.0
10007806,2019/20,24,845.0,30.0
10007806,2019/20,25,410.0,20.0
10007806,2019/20,26,425.0,15.0
10007806,2020/21,01,475.0,150.0
10007806,2020/21,02,800.0,5.0
10007806,2020/21,03,720.0,5.0
10007806,2020/21,04,1835.0,60.0
10007806,2020/21,06,5.0,0.0
10007806,2020/21,07,450.0,10.0
10007806,2020/21,09,390.0,5.0
10007806,2020/21,10,595.0,5.0
10007806,2020/21,11,875.0,15.0
10007806,2020/21,15,3685.0,455.0
10007806,2020/21,16,1110.0,15.0
10007806,2020/21,17,3435.0,75.0
10007806,2020/21,19,805.0,45.0
10007806,2020/21,20,695.0,45.0
10007806,2020/21,22,800.0,105.0
10007806,2020/21,23,100.0,0.0
10007806,2020/21,24,765.0,25.0
10007806,2020/21,25,440.0,20.0
10007806,2020/21,26,375.0,20.0
10007806,2021/22,01,500.0,190.0
10007806,2021/22,02,800.0,20.0
10007806,2021/22,03,665.0,10.0
10007806,2021/22,04,1935.0,115.0
10007806,2021/22,07,400.0,10.0
10007806,2021/22,09,375.0,5.0
10007806,2021/22,10,595.0,5.0
10007806,2021/22,11,910.0,20.0
10007806,2021/22,15,3720.0,615.0
10007806,2021/22,16,1155.0,10.0
10007806,2021/22,17,3605.0,95.0
10007806,2021/22,19,705.0,45.0
10007806,2021/22,20,665.0,45.0
10007806,2021/22,22,835.0,130.0
10007806,2021/22,23,80.0,0.0
10007806,2021/22,24,710.0,40.0
10007806,2021/22,25,455.0,20.0
10007806,2021/22,26,360.0,20.0
10007806,2022/23,01,530.0,150.0
10007806,2022/23,02,760.0,45.0
10007806,2022/23,03,635.0,10.0
10007806,2022/23,04,1975.0,140.0
10007806,2022/23,06,5.0,0.0
10007806,2022/23,07,415.0,15.0
10007806,2022/23,09,355.0,10.0
10007806,2022/23,10,595.0,15.0
10007806,2022/23,11,1045.0,20.0
10007806,2022/23,15,3515.0,615.0
10007806,2022/23,16,1270.0,20.0
10007806,2022/23,17,3815.0,100.0
10007806,2022/23,19,630.0,40.0
10007806,2022/23,20,625.0,40.0
10007806,2022/23,22,900.0,115.0
10007806,2022/23,23,95.0,0.0
10007806,2022/23,24,690.0,50.0
10007806,2022/23,25,435.0,20.0
10007806,2022/23,26,330.0,15.0
10007806,2023/24,01,560.0,125.0
10007806,2023/24,02,705.0,35.0
10007806,2023/24,03,620.0,5.0
10007806,2023/24,04,1985.0,130.0
10007806,2023/24,07,380.0,40.0
10007806,2023/24,09,335.0,5.0
10007806,2023/24,10,600.0,15.0
10007806,2023/24,11,1225.0,15.0
10007806,2023/24,15,3270.0,455.0
10007806,2023/24,16,1255.0,15.0
10007806,2023/24,17,3615.0,100.0
10007806,2023/24,19,610.0,35.0
10007806,2023/24,20,600.0,40.0
10007806,2023/24,22,695.0,75.0
10007806,2023/24,23,170.0,0.0
10007806,2023/24,24,660.0,55.0
10007806,2023/24,25,410.0,20.0
10007806,2023/24,26,330.0,20.0
10007806,2024/25,01,575.0,180.0
10007806,2024/25,02,655.0,30.0
10007806,2024/25,03,600.0,5.0
10007806,2024/25,04,1840.0,125.0
10007806,2024/25,07,435.0,50.0
10007806,2024/25,09,230.0,10.0
10007806,2024/25,10,605.0,25.0
10007806,2024/25,11,1155.0,25.0
10007806,2024/25,15,2830.0,395.0
10007806,2024/25,16,1230.0,20.0
10007806,2024/25,17,2800.0,90.0
10007806,2024/25,19,575.0,50.0
10007806,2024/25,20,565.0,40.0
10007806,2024/25,22,690.0,95.0
10007806,2024/25,23,95.0,0.0
10007806,2024/25,24,580.0,40.0
10007806,2024/25,25,340.0,25.0
10007806,2024/25,26,275.0,15.0
10007807,2014/15,01,5.0,0.0
10007807,2014/15,02,2720.0,1515.0
10007807,2014/15,03,700.0,125.0
10007807,2014/15,04,795.0,150.0
10007807,2014/15,05,0.0,5.0
10007807,2014/15,06,125.0,10.0
10007807,2014/15,07,170.0,60.0
10007807,2014/15,09,50.0,0.0
10007807,2014/15,10,1240.0,240.0
10007807,2014/15,11,2055.0,190.0
10007807,2014/15,13,875.0,140.0
10007807,2014/15,15,1200.0,900.0
10007807,2014/15,16,610.0,185.0
10007807,2014/15,17,4555.0,1740.0
10007807,2014/15,19,515.0,205.0
10007807,2014/15,20,245.0,30.0
10007807,2014/15,22,205.0,565.0
10007807,2014/15,23,70.0,945.0
10007807,2014/15,24,685.0,105.0
10007807,2014/15,25,1570.0,140.0
10007807,2014/15,26,340.0,120.0
10007807,2015/16,01,5.0,0.0
10007807,2015/16,02,2735.0,1625.0
10007807,2015/16,03,655.0,190.0
10007807,2015/16,04,775.0,135.0
10007807,2015/16,06,110.0,15.0
10007807,2015/16,07,160.0,75.0
10007807,2015/16,09,65.0,0.0
10007807,2015/16,10,1230.0,285.0
10007807,2015/16,11,2010.0,225.0
10007807,2015/16,13,805.0,150.0
10007807,2015/16,15,1185.0,945.0
10007807,2015/16,16,605.0,180.0
10007807,2015/16,17,3860.0,1765.0
10007807,2015/16,19,515.0,225.0
10007807,2015/16,20,230.0,35.0
10007807,2015/16,22,190.0,535.0
10007807,2015/16,23,15.0,710.0
10007807,2015/16,24,630.0,115.0
10007807,2015/16,25,1565.0,140.0
10007807,2015/16,26,350.0,110.0
10007807,2016/17,01,5.0,0.0
10007807,2016/17,02,3045.0,1730.0
10007807,2016/17,03,710.0,130.0
10007807,2016/17,04,690.0,120.0
10007807,2016/17,06,110.0,10.0
10007807,2016/17,07,160.0,65.0
10007807,2016/17,09,50.0,5.0
10007807,2016/17,10,1305.0,230.0
10007807,2016/17,11,1960.0,215.0
10007807,2016/17,13,800.0,160.0
10007807,2016/17,15,1220.0,880.0
10007807,2016/17,16,635.0,185.0
10007807,2016/17,17,3765.0,1595.0
10007807,2016/17,19,460.0,210.0
10007807,2016/17,20,225.0,30.0
10007807,2016/17,22,190.0,495.0
10007807,2016/17,23,10.0,460.0
10007807,2016/17,24,670.0,100.0
10007807,2016/17,25,1470.0,115.0
10007807,2016/17,26,330.0,100.0
10007807,2017/18,02,3075.0,1595.0
10007807,2017/18,03,750.0,130.0
10007807,2017/18,04,625.0,105.0
10007807,2017/18,06,20.0,15.0
10007807,2017/18,07,195.0,70.0
10007807,2017/18,09,25.0,0.0
10007807,2017/18,10,1330.0,185.0
10007807,2017/18,11,1880.0,335.0
10007807,2017/18,13,825.0,190.0
10007807,2017/18,15,1240.0,775.0
10007807,2017/18,16,635.0,195.0
10007807,2017/18,17,3505.0,1575.0
10007807,2017/18,19,445.0,190.0
10007807,2017/18,20,205.0,25.0
10007807,2017/18,22,175.0,510.0
10007807,2017/18,23,10.0,245.0
10007807,2017/18,24,680.0,85.0
10007807,2017/18,25,1380.0,85.0
10007807,2017/18,26,310.0,80.0
10007807,2018/19,01,5.0,0.0
10007807,2018/19,02,3115.0,1985.0
10007807,2018/19,03,755.0,185.0
10007807,2018/19,04,540.0,135.0
10007807,2018/19,06,90.0,15.0
10007807,2018/19,07,200.0,85.0
10007807,2018/19,09,15.0,0.0
10007807,2018/19,10,1345.0,280.0
10007807,2018/19,11,1730.0,470.0
10007807,2018/19,13,795.0,160.0
10007807,2018/19,15,1230.0,930.0
10007807,2018/19,16,670.0,260.0
10007807,2018/19,17,3290.0,1980.0
10007807,2018/19,19,360.0,170.0
10007807,2018/19,20,205.0,30.0
10007807,2018/19,22,165.0,445.0
10007807,2018/19,23,10.0,265.0
10007807,2018/19,24,640.0,120.0
10007807,2018/19,25,1385.0,90.0
10007807,2018/19,26,290.0,100.0
10007807,2019/20,01,50.0,50.0
10007807,2019/20,02,3005.0,1975.0
10007807,2019/20,03,785.0,205.0
10007807,2019/20,04,590.0,140.0
10007807,2019/20,05,0.0,5.0
10007807,2019/20,06,0.0,5.0
10007807,2019/20,07,170.0,50.0
10007807,2019/20,10,1355.0,280.0
10007807,2019/20,11,1665.0,555.0
10007807,2019/20,13,830.0,165.0
10007807,2019/20,15,1575.0,920.0
10007807,2019/20,16,475.0,140.0
10007807,2019/20,17,3955.0,1720.0
10007807,2019/20,19,350.0,190.0
10007807,2019/20,20,155.0,25.0
10007807,2019/20,22,160.0,415.0
10007807,2019/20,23,5.0,420.0
10007807,2019/20,24,575.0,80.0
10007807,2019/20,25,1465.0,65.0
10007807,2019/20,26,245.0,100.0
10007807,2020/21,01,65.0,90.0
10007807,2020/21,02,3420.0,1570.0
10007807,2020/21,03,840.0,170.0
10007807,2020/21,04,635.0,115.0
10007807,2020/21,06,70.0,15.0
10007807,2020/21,07,180.0,80.0
10007807,2020/21,10,1555.0,315.0
10007807,2020/21,11,1840.0,565.0
10007807,2020/21,13,960.0,145.0
10007807,2020/21,15,1735.0,1040.0
10007807,2020/21,16,630.0,140.0
10007807,2020/21,17,5515.0,1695.0
10007807,2020/21,19,380.0,175.0
10007807,2020/21,20,185.0,20.0
10007807,2020/21,22,170.0,430.0
10007807,2020/21,23,10.0,460.0
10007807,2020/21,24,700.0,60.0
10007807,2020/21,25,1515.0,85.0
10007807,2020/21,26,260.0,130.0
10007807,2021/22,01,275.0,95.0
10007807,2021/22,02,3530.0,1755.0
10007807,2021/22,03,795.0,130.0
10007807,2021/22,04,540.0,90.0
10007807,2021/22,06,75.0,15.0
10007807,2021/22,07,165.0,105.0
10007807,2021/22,10,1495.0,335.0
10007807,2021/22,11,1720.0,390.0
10007807,2021/22,13,980.0,130.0
10007807,2021/22,15,1755.0,975.0
10007807,2021/22,16,585.0,100.0
10007807,2021/22,17,8130.0,1310.0
10007807,2021/22,19,320.0,125.0
10007807,2021/22,20,160.0,15.0
10007807,2021/22,22,180.0,400.0
10007807,2021/22,23,5.0,380.0
10007807,2021/22,24,655.0,55.0
10007807,2021/22,25,1425.0,90.0
10007807,2021/22,26,245.0,145.0
10007807,2022/23,01,440.0,115.0
10007807,2022/23,02,3675.0,1610.0
10007807,2022/23,03,810.0,100.0
10007807,2022/23,04,535.0,110.0
10007807,2022/23,06,65.0,5.0
10007807,2022/23,07,210.0,100.0
10007807,2022/23,10,1580.0,325.0
10007807,2022/23,11,1825.0,300.0
10007807,2022/23,13,1050.0,140.0
10007807,2022/23,15,1830.0,1150.0
10007807,2022/23,16,665.0,85.0
10007807,2022/23,17,10165.0,1135.0
10007807,2022/23,19,305.0,120.0
10007807,2022/23,20,165.0,10.0
10007807,2022/23,22,170.0,375.0
10007807,2022/23,23,5.0,365.0
10007807,2022/23,24,620.0,55.0
10007807,2022/23,25,1375.0,70.0
10007807,2022/23,26,255.0,165.0
10007807,2023/24,01,375.0,105.0
10007807,2023/24,02,3885.0,1300.0
10007807,2023/24,03,905.0,70.0
10007807,2023/24,04,525.0,155.0
10007807,2023/24,06,45.0,0.0
10007807,2023/24,07,205.0,95.0
10007807,2023/24,10,1655.0,345.0
10007807,2023/24,11,2070.0,290.0
10007807,2023/24,13,1000.0,165.0
10007807,2023/24,15,1910.0,815.0
10007807,2023/24,16,810.0,85.0
10007807,2023/24,17,9845.0,1090.0
10007807,2023/24,19,275.0,125.0
10007807,2023/24,20,160.0,5.0
10007807,2023/24,22,175.0,375.0
10007807,2023/24,23,5.0,415.0
10007807,2023/24,24,630.0,45.0
10007807,2023/24,25,1465.0,60.0
10007807,2023/24,26,300.0,150.0
10007807,2024/25,01,440.0,80.0
10007807,2024/25,02,4455.0,1400.0
10007807,2024/25,03,935.0,45.0
10007807,2024/25,04,525.0,130.0
10007807,2024/25,06,40.0,5.0
10007807,2024/25,07,225.0,95.0
10007807,2024/25,10,1670.0,365.0
10007807,2024/25,11,3145.0,305.0
10007807,2024/25,13,985.0,195.0
10007807,2024/25,15,1875.0,980.0
10007807,2024/25,16,850.0,80.0
10007807,2024/25,17,8460.0,1030.0
10007807,2024/25,19,320.0,145.0
10007807,2024/25,20,175.0,5.0
10007807,2024/25,22,185.0,375.0
10007807,2024/25,23,5.0,730.0
10007807,2024/25,24,650.0,45.0
10007807,2024/25,25,1490.0,35.0
10007807,2024/25,26,320.0,125.0
10007810,2023/24,17,0.0,5.0
10007810,2023/24,20,0.0,20.0
10007810,2024/25,15,0.0,5.0
10007810,2024/25,17,0.0,5.0
10007810,2024/25,20,5.0,20.0
10007811,2014/15,03,30.0,0.0
10007811,2014/15,04,30.0,0.0
10007811,2014/15,09,20.0,0.0
10007811,2014/15,15,0.0,5.0
10007811,2014/15,19,105.0,0.0
10007811,2014/15,20,105.0,10.0
10007811,2014/15,22,1710.0,195.0
10007811,2014/15,25,90.0,0.0
10007811,2015/16,02,10.0,0.0
10007811,2015/16,03,25.0,0.0
10007811,2015/16,04,65.0,0.0
10007811,2015/16,09,15.0,0.0
10007811,2015/16,15,20.0,5.0
10007811,2015/16,17,5.0,0.0
10007811,2015/16,19,110.0,0.0
10007811,2015/16,20,120.0,10.0
10007811,2015/16,22,1655.0,115.0
10007811,2015/16,25,85.0,0.0
10007811,2016/17,02,20.0,0.0
10007811,2016/17,03,25.0,0.0
10007811,2016/17,04,90.0,0.0
10007811,2016/17,09,10.0,0.0
10007811,2016/17,15,70.0,5.0
10007811,2016/17,17,15.0,0.0
10007811,2016/17,19,90.0,0.0
10007811,2016/17,20,135.0,20.0
10007811,2016/17,22,1550.0,115.0
10007811,2016/17,25,70.0,0.0
10007811,2017/18,02,25.0,0.0
10007811,2017/18,03,30.0,0.0
10007811,2017/18,04,95.0,0.0
10007811,2017/18,09,10.0,0.0
10007811,2017/18,15,115.0,5.0
10007811,2017/18,17,20.0,0.0
10007811,2017/18,19,65.0,0.0
10007811,2017/18,20,115.0,15.0
10007811,2017/18,22,1540.0,150.0
10007811,2017/18,25,60.0,0.0
10007811,2017/18,26,5.0,0.0
10007811,2018/19,02,30.0,10.0
10007811,2018/19,03,40.0,0.0
10007811,2018/19,04,105.0,0.0
10007811,2018/19,09,5.0,0.0
10007811,2018/19,15,145.0,0.0
10007811,2018/19,17,30.0,0.0
10007811,2018/19,19,60.0,0.0
10007811,2018/19,20,125.0,10.0
10007811,2018/19,22,1445.0,170.0
10007811,2018/19,25,50.0,0.0
10007811,2018/19,26,15.0,0.0
10007811,2019/20,02,30.0,30.0
10007811,2019/20,03,55.0,0.0
10007811,2019/20,04,110.0,0.0
10007811,2019/20,09,5.0,0.0
10007811,2019/20,15,225.0,0.0
10007811,2019/20,17,25.0,0.0
10007811,2019/20,19,70.0,0.0
10007811,2019/20,20,105.0,0.0
10007811,2019/20,22,1345.0,170.0
10007811,2019/20,23,45.0,0.0
10007811,2019/20,25,50.0,0.0
10007811,2019/20,26,15.0,0.0
10007811,2020/21,02,45.0,20.0
10007811,2020/21,03,60.0,0.0
10007811,2020/21,04,130.0,0.0
10007811,2020/21,09,5.0,0.0
10007811,2020/21,15,215.0,0.0
10007811,2020/21,17,80.0,0.0
10007811,2020/21,19,75.0,0.0
10007811,2020/21,20,115.0,5.0
10007811,2020/21,22,1395.0,225.0
10007811,2020/21,23,35.0,0.0
10007811,2020/21,25,50.0,0.0
10007811,2020/21,26,10.0,0.0
10007811,2021/22,02,55.0,15.0
10007811,2021/22,03,60.0,0.0
10007811,2021/22,04,110.0,0.0
10007811,2021/22,09,5.0,0.0
10007811,2021/22,15,185.0,15.0
10007811,2021/22,17,130.0,0.0
10007811,2021/22,19,75.0,0.0
10007811,2021/22,20,125.0,10.0
10007811,2021/22,22,1235.0,265.0
10007811,2021/22,23,30.0,0.0
10007811,2021/22,25,50.0,0.0
10007811,2022/23,02,65.0,10.0
10007811,2022/23,03,65.0,0.0
10007811,2022/23,04,105.0,0.0
10007811,2022/23,09,10.0,0.0
10007811,2022/23,15,160.0,0.0
10007811,2022/23,17,160.0,0.0
10007811,2022/23,19,65.0,0.0
10007811,2022/23,20,150.0,0.0
10007811,2022/23,22,1100.0,175.0
10007811,2022/23,23,15.0,0.0
10007811,2022/23,25,40.0,0.0
10007811,2023/24,02,60.0,5.0
10007811,2023/24,03,60.0,0.0
10007811,2023/24,04,90.0,0.0
10007811,2023/24,09,10.0,0.0
10007811,2023/24,15,150.0,0.0
10007811,2023/24,17,500.0,85.0
10007811,2023/24,19,60.0,0.0
10007811,2023/24,20,160.0,0.0
10007811,2023/24,22,995.0,160.0
10007811,2023/24,23,10.0,0.0
10007811,2023/24,25,30.0,0.0
10007811,2024/25,02,50.0,0.0
10007811,2024/25,03,60.0,0.0
10007811,2024/25,04,80.0,0.0
10007811,2024/25,09,5.0,0.0
10007811,2024/25,15,160.0,0.0
10007811,2024/25,17,630.0,120.0
10007811,2024/25,19,55.0,5.0
10007811,2024/25,20,165.0,0.0
10007811,2024/25,22,865.0,155.0
10007811,2024/25,23,5.0,0.0
10007811,2024/25,25,10.0,0.0
10007814,2014/15,01,2200.0,1320.0
10007814,2014/15,02,2660.0,1095.0
10007814,2014/15,03,1405.0,30.0
10007814,2014/15,04,910.0,55.0
10007814,2014/15,07,1260.0,60.0
10007814,2014/15,09,560.0,65.0
10007814,2014/15,10,1765.0,185.0
10007814,2014/15,11,495.0,30.0
10007814,2014/15,13,765.0,110.0
10007814,2014/15,15,1790.0,225.0
10007814,2014/15,16,1270.0,235.0
10007814,2014/15,17,2300.0,120.0
10007814,2014/15,19,1955.0,920.0
10007814,2014/15,20,1030.0,120.0
10007814,2014/15,22,225.0,1505.0
10007814,2014/15,23,40.0,1970.0
10007814,2014/15,24,705.0,20.0
10007814,2014/15,25,245.0,15.0
10007814,2014/15,26,810.0,20.0
10007814,2015/16,01,2235.0,995.0
10007814,2015/16,02,2800.0,1145.0
10007814,2015/16,03,1485.0,30.0
10007814,2015/16,04,885.0,55.0
10007814,2015/16,07,1370.0,60.0
10007814,2015/16,09,600.0,50.0
10007814,2015/16,10,1825.0,150.0
10007814,2015/16,11,560.0,30.0
10007814,2015/16,13,790.0,105.0
10007814,2015/16,15,2050.0,270.0
10007814,2015/16,16,1295.0,205.0
10007814,2015/16,17,2410.0,120.0
10007814,2015/16,19,1925.0,1005.0
10007814,2015/16,20,1065.0,95.0
10007814,2015/16,22,220.0,1275.0
10007814,2015/16,23,35.0,1695.0
10007814,2015/16,24,630.0,20.0
10007814,2015/16,25,250.0,10.0
10007814,2015/16,26,935.0,15.0
10007814,2016/17,01,2250.0,775.0
10007814,2016/17,02,3060.0,1130.0
10007814,2016/17,03,1495.0,40.0
10007814,2016/17,04,920.0,45.0
10007814,2016/17,07,1465.0,50.0
10007814,2016/17,09,625.0,55.0
10007814,2016/17,10,1780.0,145.0
10007814,2016/17,11,725.0,40.0
10007814,2016/17,13,840.0,110.0
10007814,2016/17,15,2275.0,260.0
10007814,2016/17,16,1285.0,230.0
10007814,2016/17,17,2725.0,100.0
10007814,2016/17,19,1800.0,1200.0
10007814,2016/17,20,1200.0,100.0
10007814,2016/17,22,230.0,735.0
10007814,2016/17,23,0.0,1880.0
10007814,2016/17,24,760.0,15.0
10007814,2016/17,25,255.0,10.0
10007814,2016/17,26,970.0,25.0
10007814,2017/18,01,2180.0,660.0
10007814,2017/18,02,3320.0,1210.0
10007814,2017/18,03,1465.0,65.0
10007814,2017/18,04,945.0,35.0
10007814,2017/18,07,1445.0,60.0
10007814,2017/18,09,610.0,65.0
10007814,2017/18,10,1725.0,160.0
10007814,2017/18,11,845.0,50.0
10007814,2017/18,13,950.0,120.0
10007814,2017/18,15,2515.0,250.0
10007814,2017/18,16,1215.0,220.0
10007814,2017/18,17,2750.0,110.0
10007814,2017/18,19,1820.0,1405.0
10007814,2017/18,20,1195.0,100.0
10007814,2017/18,22,230.0,390.0
10007814,2017/18,23,5.0,1700.0
10007814,2017/18,24,840.0,25.0
10007814,2017/18,25,235.0,15.0
10007814,2017/18,26,1000.0,15.0
10007814,2018/19,01,2225.0,615.0
10007814,2018/19,02,3465.0,1360.0
10007814,2018/19,03,1390.0,75.0
10007814,2018/19,04,930.0,60.0
10007814,2018/19,07,1475.0,60.0
10007814,2018/19,09,630.0,70.0
10007814,2018/19,10,1730.0,150.0
10007814,2018/19,11,950.0,65.0
10007814,2018/19,13,1100.0,120.0
10007814,2018/19,15,2640.0,240.0
10007814,2018/19,16,1315.0,180.0
10007814,2018/19,17,2935.0,105.0
10007814,2018/19,19,1765.0,1745.0
10007814,2018/19,20,1240.0,115.0
10007814,2018/19,22,210.0,300.0
10007814,2018/19,23,5.0,1705.0
10007814,2018/19,24,940.0,20.0
10007814,2018/19,25,255.0,10.0
10007814,2018/19,26,995.0,20.0
10007814,2019/20,01,2270.0,545.0
10007814,2019/20,02,3350.0,1370.0
10007814,2019/20,03,1540.0,85.0
10007814,2019/20,04,950.0,65.0
10007814,2019/20,07,1405.0,60.0
10007814,2019/20,09,645.0,70.0
10007814,2019/20,10,1830.0,145.0
10007814,2019/20,11,1080.0,70.0
10007814,2019/20,13,1170.0,135.0
10007814,2019/20,15,2835.0,175.0
10007814,2019/20,16,1330.0,155.0
10007814,2019/20,17,2900.0,135.0
10007814,2019/20,19,1770.0,1380.0
10007814,2019/20,20,1325.0,120.0
10007814,2019/20,22,175.0,255.0
10007814,2019/20,23,5.0,1645.0
10007814,2019/20,24,1015.0,15.0
10007814,2019/20,25,250.0,10.0
10007814,2019/20,26,960.0,25.0
10007814,2020/21,01,2325.0,555.0
10007814,2020/21,02,3595.0,1330.0
10007814,2020/21,03,1640.0,85.0
10007814,2020/21,04,1075.0,65.0
10007814,2020/21,07,1375.0,50.0
10007814,2020/21,09,790.0,35.0
10007814,2020/21,10,2030.0,70.0
10007814,2020/21,11,1405.0,70.0
10007814,2020/21,13,1280.0,145.0
10007814,2020/21,15,2920.0,120.0
10007814,2020/21,16,1430.0,160.0
10007814,2020/21,17,2940.0,170.0
10007814,2020/21,19,1670.0,625.0
10007814,2020/21,20,1355.0,125.0
10007814,2020/21,22,155.0,275.0
10007814,2020/21,23,0.0,1335.0
10007814,2020/21,24,1020.0,15.0
10007814,2020/21,25,260.0,10.0
10007814,2020/21,26,995.0,10.0
10007814,2021/22,01,2300.0,590.0
10007814,2021/22,02,3815.0,1510.0
10007814,2021/22,03,1615.0,90.0
10007814,2021/22,04,1205.0,60.0
10007814,2021/22,07,1250.0,75.0
10007814,2021/22,09,765.0,85.0
10007814,2021/22,10,1985.0,130.0
10007814,2021/22,11,1630.0,130.0
10007814,2021/22,13,1330.0,135.0
10007814,2021/22,15,2600.0,140.0
10007814,2021/22,16,1825.0,165.0
10007814,2021/22,17,2810.0,215.0
10007814,2021/22,19,1660.0,310.0
10007814,2021/22,20,1340.0,120.0
10007814,2021/22,22,165.0,235.0
10007814,2021/22,23,0.0,1335.0
10007814,2021/22,24,1075.0,20.0
10007814,2021/22,25,245.0,15.0
10007814,2021/22,26,1005.0,30.0
10007814,2022/23,01,2240.0,495.0
10007814,2022/23,02,3435.0,1675.0
10007814,2022/23,03,1595.0,95.0
10007814,2022/23,04,1265.0,65.0
10007814,2022/23,07,1200.0,115.0
10007814,2022/23,09,720.0,60.0
10007814,2022/23,10,1800.0,165.0
10007814,2022/23,11,1515.0,105.0
10007814,2022/23,13,1210.0,125.0
10007814,2022/23,15,2530.0,135.0
10007814,2022/23,16,1700.0,160.0
10007814,2022/23,17,2560.0,195.0
10007814,2022/23,19,1705.0,315.0
10007814,2022/23,20,1360.0,95.0
10007814,2022/23,22,155.0,175.0
10007814,2022/23,23,0.0,1445.0
10007814,2022/23,24,965.0,15.0
10007814,2022/23,25,240.0,10.0
10007814,2022/23,26,1055.0,25.0
10007814,2023/24,01,2195.0,415.0
10007814,2023/24,02,3355.0,1505.0
10007814,2023/24,03,1675.0,135.0
10007814,2023/24,04,1275.0,75.0
10007814,2023/24,07,1250.0,75.0
10007814,2023/24,09,790.0,65.0
10007814,2023/24,10,1845.0,140.0
10007814,2023/24,11,1590.0,90.0
10007814,2023/24,13,1270.0,135.0
10007814,2023/24,15,2705.0,125.0
10007814,2023/24,16,1885.0,110.0
10007814,2023/24,17,2480.0,140.0
10007814,2023/24,19,1640.0,255.0
10007814,2023/24,20,1430.0,85.0
10007814,2023/24,22,160.0,195.0
10007814,2023/24,23,0.0,1475.0
10007814,2023/24,24,1120.0,10.0
10007814,2023/24,25,215.0,15.0
10007814,2023/24,26,1090.0,20.0
10007814,2024/25,01,2205.0,420.0
10007814,2024/25,02,3190.0,1430.0
10007814,2024/25,03,1585.0,110.0
10007814,2024/25,04,1245.0,90.0
10007814,2024/25,07,1185.0,85.0
10007814,2024/25,09,780.0,50.0
10007814,2024/25,10,1775.0,120.0
10007814,2024/25,11,1420.0,85.0
10007814,2024/25,13,1190.0,120.0
10007814,2024/25,15,2815.0,95.0
10007814,2024/25,16,2045.0,75.0
10007814,2024/25,17,2120.0,105.0
10007814,2024/25,19,1575.0,145.0
10007814,2024/25,20,1365.0,70.0
10007814,2024/25,22,120.0,125.0
10007814,2024/25,23,0.0,1555.0
10007814,2024/25,24,890.0,10.0
10007814,2024/25,25,195.0,15.0
10007814,2024/25,26,1100.0,20.0
10007816,2014/15,19,25.0,0.0
10007816,2014/15,25,895.0,75.0
10007816,2015/16,19,25.0,5.0
10007816,2015/16,22,0.0,15.0
10007816,2015/16,25,930.0,75.0
10007816,2016/17,19,20.0,5.0
10007816,2016/17,22,0.0,5.0
10007816,2016/17,25,1010.0,60.0
10007816,2017/18,19,25.0,5.0
10007816,2017/18,22,0.0,5.0
10007816,2017/18,25,1000.0,55.0
10007816,2018/19,19,20.0,5.0
10007816,2018/19,22,0.0,5.0
10007816,2018/19,25,975.0,50.0
10007816,2019/20,02,15.0,0.0
10007816,2019/20,25,1030.0,55.0
10007816,2020/21,02,10.0,0.0
10007816,2020/21,25,1010.0,65.0
10007816,2021/22,02,15.0,0.0
10007816,2021/22,25,1005.0,65.0
10007816,2022/23,02,15.0,0.0
10007816,2022/23,25,940.0,60.0
10007816,2023/24,02,10.0,0.0
10007816,2023/24,25,870.0,50.0
10007816,2024/25,02,10.0,0.0
10007816,2024/25,25,955.0,45.0
10007820,2016/17,03,20.0,5.0
10007820,2016/17,06,25.0,0.0
10007820,2016/17,10,0.0,55.0
10007820,2016/17,11,20.0,35.0
10007820,2016/17,13,5.0,25.0
10007820,2016/17,15,130.0,60.0
10007820,2016/17,17,125.0,115.0
10007820,2016/17,19,0.0,20.0
10007820,2016/17,22,0.0,40.0
10007820,2016/17,23,0.0,340.0
10007820,2016/17,24,30.0,20.0
10007820,2016/17,25,90.0,15.0
10007820,2017/18,02,55.0,60.0
10007820,2017/18,03,20.0,0.0
10007820,2017/18,06,20.0,0.0
10007820,2017/18,10,0.0,65.0
10007820,2017/18,11,55.0,30.0
10007820,2017/18,13,5.0,35.0
10007820,2017/18,15,10.0,0.0
10007820,2017/18,16,45.0,0.0
10007820,2017/18,17,120.0,85.0
10007820,2017/18,19,0.0,15.0
10007820,2017/18,22,45.0,640.0
10007820,2017/18,24,25.0,10.0
10007820,2017/18,25,60.0,5.0
10007820,2018/19,02,65.0,90.0
10007820,2018/19,03,40.0,0.0
10007820,2018/19,06,20.0,0.0
10007820,2018/19,10,0.0,65.0
10007820,2018/19,11,55.0,25.0
10007820,2018/19,13,5.0,20.0
10007820,2018/19,15,45.0,0.0
10007820,2018/19,16,40.0,0.0
10007820,2018/19,17,115.0,95.0
10007820,2018/19,19,0.0,10.0
10007820,2018/19,22,60.0,545.0
10007820,2018/19,24,20.0,10.0
10007820,2018/19,25,75.0,10.0
10007820,2019/20,02,0.0,100.0
10007820,2019/20,03,35.0,0.0
10007820,2019/20,06,15.0,0.0
10007820,2019/20,10,0.0,65.0
10007820,2019/20,11,65.0,20.0
10007820,2019/20,13,5.0,25.0
10007820,2019/20,15,150.0,5.0
10007820,2019/20,16,45.0,0.0
10007820,2019/20,17,110.0,55.0
10007820,2019/20,19,0.0,15.0
10007820,2019/20,22,0.0,130.0
10007820,2019/20,23,0.0,340.0
10007820,2019/20,24,30.0,5.0
10007820,2019/20,25,75.0,15.0
10007820,2020/21,02,0.0,95.0
10007820,2020/21,03,35.0,0.0
10007820,2020/21,06,15.0,0.0
10007820,2020/21,10,5.0,65.0
10007820,2020/21,11,50.0,15.0
10007820,2020/21,13,10.0,30.0
10007820,2020/21,15,155.0,10.0
10007820,2020/21,16,25.0,0.0
10007820,2020/21,17,95.0,20.0
10007820,2020/21,19,0.0,15.0
10007820,2020/21,22,0.0,75.0
10007820,2020/21,23,0.0,245.0
10007820,2020/21,24,20.0,5.0
10007820,2020/21,25,65.0,10.0
10007820,2021/22,02,0.0,150.0
10007820,2021/22,03,30.0,0.0
10007820,2021/22,06,20.0,0.0
10007820,2021/22,10,5.0,80.0
10007820,2021/22,11,50.0,10.0
10007820,2021/22,13,10.0,15.0
10007820,2021/22,15,95.0,10.0
10007820,2021/22,17,70.0,0.0
10007820,2021/22,22,0.0,60.0
10007820,2021/22,23,0.0,205.0
10007820,2021/22,24,20.0,0.0
10007820,2021/22,25,65.0,5.0
10007820,2022/23,02,0.0,205.0
10007820,2022/23,03,20.0,5.0
10007820,2022/23,06,15.0,5.0
10007820,2022/23,10,0.0,55.0
10007820,2022/23,11,25.0,15.0
10007820,2022/23,13,10.0,20.0
10007820,2022/23,15,70.0,10.0
10007820,2022/23,17,40.0,5.0
10007820,2022/23,22,0.0,70.0
10007820,2022/23,23,10.0,200.0
10007820,2022/23,24,20.0,10.0
10007820,2022/23,25,50.0,5.0
10007820,2023/24,02,0.0,165.0
10007820,2023/24,03,20.0,0.0
10007820,2023/24,06,15.0,5.0
10007820,2023/24,10,0.0,115.0
10007820,2023/24,11,25.0,20.0
10007820,2023/24,13,15.0,20.0
10007820,2023/24,15,75.0,30.0
10007820,2023/24,17,35.0,0.0
10007820,2023/24,22,0.0,100.0
10007820,2023/24,23,0.0,100.0
10007820,2023/24,24,10.0,10.0
10007820,2023/24,25,55.0,10.0
10007820,2024/25,02,5.0,180.0
10007820,2024/25,03,15.0,5.0
10007820,2024/25,06,5.0,5.0
10007820,2024/25,10,0.0,160.0
10007820,2024/25,11,30.0,20.0
10007820,2024/25,13,10.0,15.0
10007820,2024/25,15,75.0,25.0
10007820,2024/25,17,30.0,0.0
10007820,2024/25,22,0.0,80.0
10007820,2024/25,23,0.0,90.0
10007820,2024/25,24,10.0,5.0
10007820,2024/25,25,50.0,10.0
10007822,2014/15,02,30.0,25.0
10007822,2014/15,03,20.0,5.0
10007822,2014/15,04,0.0,15.0
10007822,2014/15,06,55.0,15.0
10007822,2014/15,07,35.0,55.0
10007822,2014/15,09,5.0,10.0
10007822,2014/15,10,1605.0,805.0
10007822,2014/15,11,10.0,180.0
10007822,2014/15,15,15.0,15.0
10007822,2014/15,17,540.0,570.0
10007822,2014/15,26,120.0,30.0
10007822,2015/16,02,0.0,20.0
10007822,2015/16,03,10.0,5.0
10007822,2015/16,04,0.0,15.0
10007822,2015/16,06,60.0,15.0
10007822,2015/16,07,15.0,40.0
10007822,2015/16,09,0.0,20.0
10007822,2015/16,10,1570.0,860.0
10007822,2015/16,11,25.0,175.0
10007822,2015/16,15,5.0,5.0
10007822,2015/16,17,415.0,605.0
10007822,2015/16,26,110.0,15.0
10007822,2016/17,02,0.0,15.0
10007822,2016/17,03,10.0,10.0
10007822,2016/17,06,60.0,10.0
10007822,2016/17,07,45.0,40.0
10007822,2016/17,09,0.0,20.0
10007822,2016/17,10,1465.0,905.0
10007822,2016/17,11,5.0,220.0
10007822,2016/17,15,5.0,0.0
10007822,2016/17,17,400.0,605.0
10007822,2016/17,26,105.0,15.0
10007822,2017/18,02,0.0,5.0
10007822,2017/18,03,0.0,10.0
10007822,2017/18,06,75.0,10.0
10007822,2017/18,07,55.0,50.0
10007822,2017/18,09,5.0,20.0
10007822,2017/18,10,1520.0,835.0
10007822,2017/18,11,30.0,255.0
10007822,2017/18,15,10.0,0.0
10007822,2017/18,17,505.0,780.0
10007822,2017/18,26,110.0,15.0
10007822,2018/19,02,0.0,5.0
10007822,2018/19,03,0.0,5.0
10007822,2018/19,06,75.0,5.0
10007822,2018/19,07,40.0,45.0
10007822,2018/19,09,5.0,15.0
10007822,2018/19,10,1445.0,765.0
10007822,2018/19,11,20.0,215.0
10007822,2018/19,15,5.0,0.0
10007822,2018/19,17,605.0,1120.0
10007822,2018/19,26,75.0,10.0
10007822,2019/20,06,15.0,0.0
10007822,2019/20,07,25.0,30.0
10007822,2019/20,09,0.0,20.0
10007822,2019/20,10,1615.0,880.0
10007822,2019/20,11,60.0,215.0
10007822,2019/20,17,490.0,1385.0
10007822,2019/20,26,70.0,15.0
10007822,2020/21,06,25.0,0.0
10007822,2020/21,07,50.0,30.0
10007822,2020/21,09,0.0,20.0
10007822,2020/21,10,1690.0,1025.0
10007822,2020/21,11,60.0,240.0
10007822,2020/21,15,5.0,5.0
10007822,2020/21,17,495.0,1310.0
10007822,2020/21,26,90.0,10.0
10007822,2021/22,06,30.0,5.0
10007822,2021/22,07,60.0,30.0
10007822,2021/22,09,5.0,20.0
10007822,2021/22,10,2075.0,1050.0
10007822,2021/22,11,80.0,270.0
10007822,2021/22,15,10.0,10.0
10007822,2021/22,17,515.0,1085.0
10007822,2021/22,20,0.0,5.0
10007822,2021/22,23,20.0,0.0
10007822,2021/22,26,115.0,20.0
10007822,2022/23,06,30.0,0.0
10007822,2022/23,07,65.0,25.0
10007822,2022/23,09,0.0,25.0
10007822,2022/23,10,2045.0,930.0
10007822,2022/23,11,110.0,375.0
10007822,2022/23,15,10.0,15.0
10007822,2022/23,17,605.0,980.0
10007822,2022/23,20,5.0,5.0
10007822,2022/23,23,35.0,0.0
10007822,2022/23,26,105.0,65.0
10007822,2023/24,06,20.0,0.0
10007822,2023/24,07,70.0,35.0
10007822,2023/24,09,5.0,30.0
10007822,2023/24,10,1665.0,980.0
10007822,2023/24,11,70.0,610.0
10007822,2023/24,15,10.0,15.0
10007822,2023/24,17,430.0,900.0
10007822,2023/24,20,5.0,5.0
10007822,2023/24,23,15.0,0.0
10007822,2023/24,26,85.0,80.0
10007822,2024/25,06,15.0,0.0
10007822,2024/25,07,55.0,40.0
10007822,2024/25,09,0.0,35.0
10007822,2024/25,10,1400.0,1135.0
10007822,2024/25,11,65.0,655.0
10007822,2024/25,15,10.0,25.0
10007822,2024/25,17,325.0,1065.0
10007822,2024/25,20,5.0,5.0
10007822,2024/25,22,0.0,20.0
10007822,2024/25,26,60.0,100.0
10007823,2014/15,01,0.0,30.0
10007823,2014/15,02,1815.0,1915.0
10007823,2014/15,03,1285.0,30.0
10007823,2014/15,04,440.0,20.0
10007823,2014/15,07,20.0,0.0
10007823,2014/15,09,175.0,30.0
10007823,2014/15,11,480.0,20.0
10007823,2014/15,15,540.0,20.0
10007823,2014/15,16,465.0,20.0
10007823,2014/15,17,630.0,150.0
10007823,2014/15,19,815.0,50.0
10007823,2014/15,20,185.0,5.0
10007823,2014/15,22,2505.0,3005.0
10007823,2014/15,23,5.0,5.0
10007823,2014/15,24,530.0,5.0
10007823,2014/15,25,730.0,15.0
10007823,2014/15,26,240.0,0.0
10007823,2015/16,01,0.0,50.0
10007823,2015/16,02,1930.0,2075.0
10007823,2015/16,03,1235.0,65.0
10007823,2015/16,04,435.0,25.0
10007823,2015/16,07,15.0,0.0
10007823,2015/16,09,185.0,30.0
10007823,2015/16,11,535.0,30.0
10007823,2015/16,15,820.0,25.0
10007823,2015/16,16,210.0,5.0
10007823,2015/16,17,750.0,110.0
10007823,2015/16,19,760.0,60.0
10007823,2015/16,20,190.0,5.0
10007823,2015/16,22,2480.0,1895.0
10007823,2015/16,23,5.0,10.0
10007823,2015/16,24,585.0,5.0
10007823,2015/16,25,780.0,10.0
10007823,2015/16,26,230.0,0.0
10007823,2016/17,01,0.0,50.0
10007823,2016/17,02,2145.0,1940.0
10007823,2016/17,03,1240.0,55.0
10007823,2016/17,04,470.0,25.0
10007823,2016/17,07,15.0,0.0
10007823,2016/17,09,185.0,25.0
10007823,2016/17,11,595.0,35.0
10007823,2016/17,15,925.0,15.0
10007823,2016/17,16,275.0,5.0
10007823,2016/17,17,890.0,65.0
10007823,2016/17,19,745.0,60.0
10007823,2016/17,20,170.0,5.0
10007823,2016/17,22,2300.0,1425.0
10007823,2016/17,23,5.0,10.0
10007823,2016/17,24,550.0,15.0
10007823,2016/17,25,730.0,10.0
10007823,2016/17,26,240.0,5.0
10007823,2017/18,01,0.0,110.0
10007823,2017/18,02,2095.0,1890.0
10007823,2017/18,03,1125.0,50.0
10007823,2017/18,04,495.0,25.0
10007823,2017/18,07,10.0,0.0
10007823,2017/18,09,190.0,30.0
10007823,2017/18,10,10.0,0.0
10007823,2017/18,11,605.0,35.0
10007823,2017/18,15,1000.0,15.0
10007823,2017/18,16,295.0,10.0
10007823,2017/18,17,905.0,65.0
10007823,2017/18,19,655.0,40.0
10007823,2017/18,20,155.0,5.0
10007823,2017/18,22,2140.0,900.0
10007823,2017/18,23,10.0,10.0
10007823,2017/18,24,430.0,10.0
10007823,2017/18,25,710.0,10.0
10007823,2017/18,26,240.0,0.0
10007823,2018/19,01,0.0,140.0
10007823,2018/19,02,2265.0,1790.0
10007823,2018/19,03,1020.0,50.0
10007823,2018/19,04,550.0,20.0
10007823,2018/19,07,5.0,0.0
10007823,2018/19,09,180.0,30.0
10007823,2018/19,10,20.0,0.0
10007823,2018/19,11,565.0,25.0
10007823,2018/19,15,1005.0,25.0
10007823,2018/19,16,315.0,5.0
10007823,2018/19,17,930.0,65.0
10007823,2018/19,19,580.0,40.0
10007823,2018/19,20,155.0,5.0
10007823,2018/19,22,2030.0,825.0
10007823,2018/19,23,10.0,5.0
10007823,2018/19,24,350.0,5.0
10007823,2018/19,25,620.0,10.0
10007823,2018/19,26,205.0,0.0
10007823,2019/20,01,15.0,10.0
10007823,2019/20,02,2350.0,1705.0
10007823,2019/20,03,985.0,50.0
10007823,2019/20,04,635.0,30.0
10007823,2019/20,06,5.0,0.0
10007823,2019/20,09,170.0,25.0
10007823,2019/20,10,35.0,0.0
10007823,2019/20,11,520.0,30.0
10007823,2019/20,15,1135.0,40.0
10007823,2019/20,16,350.0,5.0
10007823,2019/20,17,815.0,95.0
10007823,2019/20,19,565.0,45.0
10007823,2019/20,20,160.0,5.0
10007823,2019/20,22,1840.0,895.0
10007823,2019/20,23,30.0,10.0
10007823,2019/20,24,250.0,5.0
10007823,2019/20,25,595.0,10.0
10007823,2019/20,26,170.0,0.0
10007823,2020/21,01,55.0,25.0
10007823,2020/21,02,2990.0,1460.0
10007823,2020/21,03,1130.0,60.0
10007823,2020/21,04,685.0,30.0
10007823,2020/21,06,5.0,0.0
10007823,2020/21,09,180.0,20.0
10007823,2020/21,10,50.0,0.0
10007823,2020/21,11,480.0,20.0
10007823,2020/21,15,1215.0,50.0
10007823,2020/21,16,440.0,5.0
10007823,2020/21,17,865.0,105.0
10007823,2020/21,19,595.0,40.0
10007823,2020/21,20,160.0,5.0
10007823,2020/21,22,1925.0,975.0
10007823,2020/21,23,25.0,10.0
10007823,2020/21,24,265.0,5.0
10007823,2020/21,25,585.0,10.0
10007823,2020/21,26,150.0,0.0
10007823,2021/22,01,90.0,30.0
10007823,2021/22,02,3345.0,1505.0
10007823,2021/22,03,1060.0,70.0
10007823,2021/22,04,690.0,25.0
10007823,2021/22,09,125.0,10.0
10007823,2021/22,10,70.0,0.0
10007823,2021/22,11,475.0,20.0
10007823,2021/22,15,1155.0,85.0
10007823,2021/22,16,455.0,5.0
10007823,2021/22,17,800.0,110.0
10007823,2021/22,19,450.0,30.0
10007823,2021/22,20,175.0,15.0
10007823,2021/22,22,1925.0,1065.0
10007823,2021/22,23,15.0,5.0
10007823,2021/22,24,245.0,10.0
10007823,2021/22,25,500.0,10.0
10007823,2021/22,26,140.0,0.0
10007823,2022/23,01,110.0,15.0
10007823,2022/23,02,3475.0,1590.0
10007823,2022/23,03,1035.0,50.0
10007823,2022/23,04,715.0,25.0
10007823,2022/23,09,85.0,10.0
10007823,2022/23,10,80.0,0.0
10007823,2022/23,11,505.0,20.0
10007823,2022/23,15,1140.0,65.0
10007823,2022/23,16,490.0,10.0
10007823,2022/23,17,830.0,90.0
10007823,2022/23,19,370.0,20.0
10007823,2022/23,20,165.0,10.0
10007823,2022/23,22,1900.0,865.0
10007823,2022/23,23,25.0,10.0
10007823,2022/23,24,255.0,5.0
10007823,2022/23,25,430.0,5.0
10007823,2022/23,26,120.0,0.0
10007823,2023/24,01,140.0,75.0
10007823,2023/24,02,3305.0,1580.0
10007823,2023/24,03,960.0,40.0
10007823,2023/24,04,745.0,30.0
10007823,2023/24,09,35.0,5.0
10007823,2023/24,10,100.0,0.0
10007823,2023/24,11,615.0,25.0
10007823,2023/24,15,1090.0,70.0
10007823,2023/24,16,465.0,10.0
10007823,2023/24,17,835.0,55.0
10007823,2023/24,19,265.0,15.0
10007823,2023/24,20,175.0,5.0
10007823,2023/24,22,1935.0,725.0
10007823,2023/24,23,15.0,25.0
10007823,2023/24,24,215.0,5.0
10007823,2023/24,25,320.0,5.0
10007823,2023/24,26,125.0,0.0
10007823,2024/25,01,180.0,10.0
10007823,2024/25,02,3020.0,1685.0
10007823,2024/25,03,855.0,30.0
10007823,2024/25,04,715.0,30.0
10007823,2024/25,09,30.0,0.0
10007823,2024/25,10,135.0,0.0
10007823,2024/25,11,585.0,10.0
10007823,2024/25,15,1065.0,60.0
10007823,2024/25,16,505.0,10.0
10007823,2024/25,17,690.0,60.0
10007823,2024/25,19,250.0,5.0
10007823,2024/25,20,185.0,0.0
10007823,2024/25,22,1820.0,700.0
10007823,2024/25,23,15.0,15.0
10007823,2024/25,24,220.0,5.0
10007823,2024/25,25,320.0,5.0
10007823,2024/25,26,120.0,0.0
10007825,2014/15,25,840.0,70.0
10007825,2015/16,25,865.0,70.0
10007825,2016/17,25,955.0,80.0
10007825,2017/18,25,980.0,95.0
10007825,2018/19,25,1005.0,80.0
10007825,2019/20,25,980.0,75.0
10007825,2020/21,25,985.0,80.0
10007825,2021/22,25,1010.0,90.0
10007825,2022/23,25,990.0,90.0
10007825,2023/24,25,970.0,85.0
10007825,2024/25,25,970.0,85.0
10007832,2014/15,02,55.0,100.0
10007832,2014/15,03,180.0,25.0
10007832,2014/15,04,115.0,65.0
10007832,2014/15,07,5.0,0.0
10007832,2014/15,11,10.0,5.0
10007832,2014/15,15,265.0,90.0
10007832,2014/15,17,75.0,5.0
10007832,2014/15,19,120.0,5.0
10007832,2014/15,20,200.0,150.0
10007832,2014/15,22,895.0,300.0
10007832,2014/15,25,55.0,5.0
10007832,2014/15,26,10.0,0.0
10007832,2015/16,02,65.0,95.0
10007832,2015/16,03,160.0,20.0
10007832,2015/16,04,115.0,80.0
10007832,2015/16,15,310.0,65.0
10007832,2015/16,17,75.0,25.0
10007832,2015/16,19,125.0,5.0
10007832,2015/16,20,200.0,115.0
10007832,2015/16,22,980.0,310.0
10007832,2015/16,25,60.0,5.0
10007832,2016/17,02,75.0,130.0
10007832,2016/17,03,140.0,15.0
10007832,2016/17,04,120.0,90.0
10007832,2016/17,09,10.0,0.0
10007832,2016/17,15,365.0,40.0
10007832,2016/17,17,105.0,10.0
10007832,2016/17,19,100.0,5.0
10007832,2016/17,20,175.0,110.0
10007832,2016/17,22,940.0,340.0
10007832,2016/17,25,60.0,0.0
10007832,2017/18,02,75.0,140.0
10007832,2017/18,03,140.0,10.0
10007832,2017/18,04,135.0,105.0
10007832,2017/18,09,20.0,0.0
10007832,2017/18,15,450.0,40.0
10007832,2017/18,17,80.0,10.0
10007832,2017/18,19,85.0,10.0
10007832,2017/18,20,155.0,95.0
10007832,2017/18,22,870.0,280.0
10007832,2017/18,23,10.0,5.0
10007832,2017/18,25,50.0,0.0
10007832,2018/19,02,85.0,155.0
10007832,2018/19,03,110.0,10.0
10007832,2018/19,04,165.0,100.0
10007832,2018/19,09,30.0,0.0
10007832,2018/19,15,475.0,65.0
10007832,2018/19,17,80.0,10.0
10007832,2018/19,19,85.0,5.0
10007832,2018/19,20,135.0,50.0
10007832,2018/19,22,945.0,235.0
10007832,2018/19,23,5.0,5.0
10007832,2018/19,25,50.0,0.0
10007832,2019/20,02,75.0,170.0
10007832,2019/20,03,115.0,5.0
10007832,2019/20,04,205.0,110.0
10007832,2019/20,09,25.0,0.0
10007832,2019/20,11,15.0,0.0
10007832,2019/20,15,450.0,35.0
10007832,2019/20,16,15.0,0.0
10007832,2019/20,17,100.0,5.0
10007832,2019/20,19,80.0,0.0
10007832,2019/20,20,165.0,35.0
10007832,2019/20,22,855.0,250.0
10007832,2019/20,23,5.0,35.0
10007832,2019/20,25,40.0,0.0
10007832,2020/21,02,75.0,235.0
10007832,2020/21,03,100.0,5.0
10007832,2020/21,04,210.0,45.0
10007832,2020/21,09,20.0,0.0
10007832,2020/21,11,20.0,0.0
10007832,2020/21,15,355.0,30.0
10007832,2020/21,16,35.0,0.0
10007832,2020/21,17,80.0,5.0
10007832,2020/21,19,80.0,0.0
10007832,2020/21,20,285.0,40.0
10007832,2020/21,22,930.0,240.0
10007832,2020/21,23,5.0,15.0
10007832,2020/21,25,30.0,0.0
10007832,2021/22,02,90.0,225.0
10007832,2021/22,03,90.0,10.0
10007832,2021/22,04,185.0,40.0
10007832,2021/22,09,20.0,0.0
10007832,2021/22,11,30.0,0.0
10007832,2021/22,15,395.0,30.0
10007832,2021/22,16,55.0,0.0
10007832,2021/22,17,95.0,5.0
10007832,2021/22,19,85.0,5.0
10007832,2021/22,20,245.0,60.0
10007832,2021/22,22,870.0,195.0
10007832,2021/22,23,5.0,5.0
10007832,2021/22,25,30.0,0.0
10007832,2022/23,02,115.0,220.0
10007832,2022/23,03,100.0,5.0
10007832,2022/23,04,175.0,25.0
10007832,2022/23,09,15.0,0.0
10007832,2022/23,11,30.0,0.0
10007832,2022/23,15,430.0,10.0
10007832,2022/23,16,100.0,0.0
10007832,2022/23,17,150.0,5.0
10007832,2022/23,19,70.0,5.0
10007832,2022/23,20,240.0,65.0
10007832,2022/23,22,820.0,170.0
10007832,2022/23,23,5.0,0.0
10007832,2022/23,25,30.0,0.0
10007832,2023/24,02,290.0,250.0
10007832,2023/24,03,105.0,0.0
10007832,2023/24,04,225.0,20.0
10007832,2023/24,09,10.0,0.0
10007832,2023/24,11,40.0,0.0
10007832,2023/24,15,560.0,20.0
10007832,2023/24,16,120.0,5.0
10007832,2023/24,17,1010.0,5.0
10007832,2023/24,19,75.0,0.0
10007832,2023/24,20,255.0,85.0
10007832,2023/24,22,825.0,140.0
10007832,2023/24,23,10.0,0.0
10007832,2023/24,25,20.0,0.0
10007832,2024/25,02,625.0,260.0
10007832,2024/25,03,120.0,5.0
10007832,2024/25,04,220.0,35.0
10007832,2024/25,09,10.0,0.0
10007832,2024/25,11,70.0,0.0
10007832,2024/25,15,685.0,20.0
10007832,2024/25,16,150.0,5.0
10007832,2024/25,17,1780.0,5.0
10007832,2024/25,19,75.0,0.0
10007832,2024/25,20,250.0,70.0
10007832,2024/25,22,890.0,195.0
10007832,2024/25,23,5.0,0.0
10007832,2024/25,25,15.0,0.0
10007833,2014/15,02,215.0,490.0
10007833,2014/15,03,155.0,10.0
10007833,2014/15,04,150.0,40.0
10007833,2014/15,06,90.0,5.0
10007833,2014/15,07,60.0,5.0
10007833,2014/15,10,335.0,445.0
10007833,2014/15,11,405.0,175.0
10007833,2014/15,13,60.0,65.0
10007833,2014/15,15,405.0,85.0
10007833,2014/15,17,1035.0,190.0
10007833,2014/15,19,55.0,345.0
10007833,2014/15,20,55.0,130.0
10007833,2014/15,22,280.0,855.0
10007833,2014/15,23,0.0,20.0
10007833,2014/15,24,120.0,15.0
10007833,2014/15,25,425.0,40.0
10007833,2015/16,02,220.0,540.0
10007833,2015/16,03,145.0,10.0
10007833,2015/16,04,155.0,40.0
10007833,2015/16,06,105.0,10.0
10007833,2015/16,07,75.0,0.0
10007833,2015/16,10,350.0,340.0
10007833,2015/16,11,300.0,165.0
10007833,2015/16,13,65.0,75.0
10007833,2015/16,15,395.0,160.0
10007833,2015/16,17,585.0,115.0
10007833,2015/16,19,45.0,245.0
10007833,2015/16,20,45.0,155.0
10007833,2015/16,22,310.0,1400.0
10007833,2015/16,23,0.0,10.0
10007833,2015/16,24,110.0,25.0
10007833,2015/16,25,410.0,40.0
10007833,2015/16,26,20.0,0.0
10007833,2016/17,02,225.0,575.0
10007833,2016/17,03,160.0,10.0
10007833,2016/17,04,150.0,20.0
10007833,2016/17,06,95.0,0.0
10007833,2016/17,07,75.0,45.0
10007833,2016/17,10,310.0,550.0
10007833,2016/17,11,260.0,140.0
10007833,2016/17,13,80.0,85.0
10007833,2016/17,15,380.0,130.0
10007833,2016/17,17,380.0,160.0
10007833,2016/17,19,45.0,395.0
10007833,2016/17,20,35.0,95.0
10007833,2016/17,22,360.0,1050.0
10007833,2016/17,23,0.0,10.0
10007833,2016/17,24,95.0,10.0
10007833,2016/17,25,360.0,110.0
10007833,2016/17,26,20.0,0.0
10007833,2017/18,02,275.0,610.0
10007833,2017/18,03,150.0,5.0
10007833,2017/18,04,130.0,25.0
10007833,2017/18,06,85.0,5.0
10007833,2017/18,07,75.0,25.0
10007833,2017/18,10,285.0,490.0
10007833,2017/18,11,255.0,215.0
10007833,2017/18,13,75.0,90.0
10007833,2017/18,15,340.0,105.0
10007833,2017/18,17,290.0,140.0
10007833,2017/18,19,40.0,585.0
10007833,2017/18,20,35.0,5.0
10007833,2017/18,22,335.0,375.0
10007833,2017/18,23,0.0,45.0
10007833,2017/18,24,85.0,30.0
10007833,2017/18,25,335.0,180.0
10007833,2017/18,26,15.0,0.0
10007833,2018/19,02,360.0,600.0
10007833,2018/19,03,130.0,55.0
10007833,2018/19,04,120.0,10.0
10007833,2018/19,06,70.0,20.0
10007833,2018/19,07,75.0,50.0
10007833,2018/19,10,320.0,415.0
10007833,2018/19,11,225.0,135.0
10007833,2018/19,13,85.0,50.0
10007833,2018/19,15,360.0,130.0
10007833,2018/19,17,250.0,325.0
10007833,2018/19,19,25.0,485.0
10007833,2018/19,20,35.0,5.0
10007833,2018/19,22,350.0,405.0
10007833,2018/19,23,0.0,35.0
10007833,2018/19,24,70.0,25.0
10007833,2018/19,25,345.0,310.0
10007833,2018/19,26,5.0,0.0
10007833,2019/20,02,330.0,865.0
10007833,2019/20,03,105.0,45.0
10007833,2019/20,04,125.0,40.0
10007833,2019/20,06,60.0,0.0
10007833,2019/20,07,85.0,25.0
10007833,2019/20,09,0.0,10.0
10007833,2019/20,10,250.0,335.0
10007833,2019/20,11,230.0,260.0
10007833,2019/20,13,80.0,20.0
10007833,2019/20,15,455.0,160.0
10007833,2019/20,16,45.0,0.0
10007833,2019/20,17,235.0,390.0
10007833,2019/20,19,25.0,360.0
10007833,2019/20,20,40.0,5.0
10007833,2019/20,22,300.0,570.0
10007833,2019/20,23,0.0,60.0
10007833,2019/20,24,30.0,10.0
10007833,2019/20,25,365.0,135.0
10007833,2019/20,26,5.0,0.0
10007833,2020/21,02,375.0,935.0
10007833,2020/21,03,75.0,85.0
10007833,2020/21,04,120.0,170.0
10007833,2020/21,05,15.0,0.0
10007833,2020/21,06,75.0,5.0
10007833,2020/21,07,85.0,55.0
10007833,2020/21,09,0.0,25.0
10007833,2020/21,10,265.0,330.0
10007833,2020/21,11,390.0,400.0
10007833,2020/21,13,80.0,15.0
10007833,2020/21,15,515.0,440.0
10007833,2020/21,16,60.0,0.0
10007833,2020/21,17,565.0,895.0
10007833,2020/21,19,20.0,105.0
10007833,2020/21,20,35.0,5.0
10007833,2020/21,22,290.0,480.0
10007833,2020/21,23,0.0,100.0
10007833,2020/21,24,25.0,10.0
10007833,2020/21,25,355.0,90.0
10007833,2020/21,26,5.0,0.0
10007833,2021/22,02,340.0,640.0
10007833,2021/22,03,70.0,40.0
10007833,2021/22,04,100.0,220.0
10007833,2021/22,05,35.0,0.0
10007833,2021/22,06,70.0,10.0
10007833,2021/22,07,70.0,25.0
10007833,2021/22,09,0.0,70.0
10007833,2021/22,10,265.0,325.0
10007833,2021/22,11,405.0,525.0
10007833,2021/22,13,65.0,20.0
10007833,2021/22,15,455.0,660.0
10007833,2021/22,16,85.0,0.0
10007833,2021/22,17,755.0,745.0
10007833,2021/22,19,15.0,105.0
10007833,2021/22,20,25.0,0.0
10007833,2021/22,22,145.0,425.0
10007833,2021/22,23,0.0,105.0
10007833,2021/22,24,10.0,50.0
10007833,2021/22,25,295.0,320.0
10007833,2021/22,26,5.0,0.0
10007833,2022/23,02,510.0,725.0
10007833,2022/23,03,85.0,20.0
10007833,2022/23,04,90.0,190.0
10007833,2022/23,05,55.0,0.0
10007833,2022/23,06,75.0,30.0
10007833,2022/23,07,55.0,55.0
10007833,2022/23,09,0.0,50.0
10007833,2022/23,10,225.0,345.0
10007833,2022/23,11,430.0,470.0
10007833,2022/23,13,50.0,25.0
10007833,2022/23,15,395.0,405.0
10007833,2022/23,16,70.0,0.0
10007833,2022/23,17,1515.0,740.0
10007833,2022/23,19,10.0,135.0
10007833,2022/23,20,30.0,10.0
10007833,2022/23,22,145.0,985.0
10007833,2022/23,23,5.0,55.0
10007833,2022/23,24,30.0,50.0
10007833,2022/23,25,210.0,270.0
10007833,2023/24,02,750.0,830.0
10007833,2023/24,03,120.0,25.0
10007833,2023/24,04,85.0,200.0
10007833,2023/24,05,60.0,0.0
10007833,2023/24,06,55.0,35.0
10007833,2023/24,07,45.0,80.0
10007833,2023/24,09,0.0,50.0
10007833,2023/24,10,270.0,340.0
10007833,2023/24,11,335.0,325.0
10007833,2023/24,13,35.0,20.0
10007833,2023/24,15,340.0,465.0
10007833,2023/24,16,85.0,0.0
10007833,2023/24,17,2025.0,700.0
10007833,2023/24,19,5.0,60.0
10007833,2023/24,20,15.0,30.0
10007833,2023/24,22,135.0,1060.0
10007833,2023/24,23,10.0,25.0
10007833,2023/24,24,90.0,50.0
10007833,2023/24,25,175.0,60.0
10007833,2023/24,26,0.0,10.0
10007833,2024/25,01,0.0,15.0
10007833,2024/25,02,915.0,745.0
10007833,2024/25,03,145.0,30.0
10007833,2024/25,04,90.0,230.0
10007833,2024/25,05,75.0,0.0
10007833,2024/25,06,45.0,35.0
10007833,2024/25,07,45.0,75.0
10007833,2024/25,09,0.0,15.0
10007833,2024/25,10,275.0,385.0
10007833,2024/25,11,340.0,245.0
10007833,2024/25,13,20.0,60.0
10007833,2024/25,15,350.0,475.0
10007833,2024/25,16,80.0,0.0
10007833,2024/25,17,1415.0,665.0
10007833,2024/25,19,5.0,105.0
10007833,2024/25,20,5.0,5.0
10007833,2024/25,22,110.0,930.0
10007833,2024/25,23,10.0,30.0
10007833,2024/25,24,115.0,110.0
10007833,2024/25,25,165.0,205.0
10007835,2014/15,25,775.0,0.0
10007835,2015/16,25,760.0,0.0
10007835,2016/17,25,820.0,0.0
10007835,2017/18,25,845.0,0.0
10007835,2018/19,25,880.0,0.0
10007835,2019/20,25,855.0,0.0
10007835,2020/21,25,800.0,10.0
10007835,2021/22,25,790.0,0.0
10007835,2022/23,25,785.0,0.0
10007835,2023/24,25,795.0,0.0
10007835,2024/25,25,775.0,0.0
10007837,2014/15,25,795.0,10.0
10007837,2015/16,25,895.0,10.0
10007837,2016/17,25,945.0,10.0
10007837,2017/18,25,930.0,10.0
10007837,2018/19,25,870.0,10.0
10007837,2019/20,25,875.0,10.0
10007837,2020/21,25,880.0,20.0
10007837,2021/22,25,850.0,20.0
10007837,2022/23,25,870.0,20.0
10007837,2023/24,25,840.0,20.0
10007837,2024/25,25,905.0,30.0
10007839,2014/15,10,665.0,0.0
10007839,2014/15,11,30.0,0.0
10007839,2014/15,24,185.0,0.0
10007839,2014/15,25,35.0,0.0
10007839,2015/16,10,550.0,0.0
10007839,2015/16,11,30.0,0.0
10007839,2015/16,24,170.0,0.0
10007839,2015/16,25,65.0,0.0
10007839,2016/17,10,425.0,0.0
10007839,2016/17,11,15.0,0.0
10007839,2016/17,24,195.0,0.0
10007839,2016/17,25,95.0,0.0
10007839,2017/18,10,360.0,0.0
10007839,2017/18,11,15.0,0.0
10007839,2017/18,24,220.0,0.0
10007839,2017/18,25,130.0,0.0
10007839,2018/19,10,320.0,0.0
10007839,2018/19,11,25.0,0.0
10007839,2018/19,24,185.0,0.0
10007839,2018/19,25,145.0,0.0
10007839,2019/20,10,320.0,0.0
10007839,2019/20,11,25.0,0.0
10007839,2019/20,24,40.0,0.0
10007839,2019/20,25,310.0,0.0
10007839,2020/21,10,300.0,0.0
10007839,2020/21,11,30.0,0.0
10007839,2020/21,24,50.0,10.0
10007839,2020/21,25,355.0,0.0
10007839,2021/22,10,310.0,0.0
10007839,2021/22,11,40.0,0.0
10007839,2021/22,24,35.0,10.0
10007839,2021/22,25,355.0,0.0
10007839,2022/23,10,265.0,0.0
10007839,2022/23,11,165.0,0.0
10007839,2022/23,17,10.0,0.0
10007839,2022/23,24,25.0,5.0
10007839,2022/23,25,260.0,0.0
10007839,2023/24,10,240.0,0.0
10007839,2023/24,11,215.0,0.0
10007839,2023/24,17,15.0,0.0
10007839,2023/24,23,5.0,0.0
10007839,2023/24,24,55.0,0.0
10007839,2023/24,25,245.0,0.0
10007842,2014/15,01,0.0,30.0
10007842,2014/15,02,1185.0,1440.0
10007842,2014/15,03,290.0,25.0
10007842,2014/15,04,140.0,95.0
10007842,2014/15,06,170.0,55.0
10007842,2014/15,07,50.0,65.0
10007842,2014/15,10,0.0,105.0
10007842,2014/15,11,5.0,15.0
10007842,2014/15,13,0.0,5.0
10007842,2014/15,15,820.0,175.0
10007842,2014/15,16,70.0,0.0
10007842,2014/15,17,195.0,215.0
10007842,2014/15,19,85.0,30.0
10007842,2014/15,20,25.0,115.0
10007842,2014/15,22,2160.0,320.0
10007842,2014/15,24,80.0,5.0
10007842,2014/15,25,835.0,15.0
10007842,2014/15,26,220.0,40.0
10007842,2015/16,01,0.0,15.0
10007842,2015/16,02,1220.0,1740.0
10007842,2015/16,03,260.0,10.0
10007842,2015/16,04,120.0,110.0
10007842,2015/16,06,185.0,15.0
10007842,2015/16,07,45.0,85.0
10007842,2015/16,10,0.0,215.0
10007842,2015/16,11,10.0,10.0
10007842,2015/16,15,775.0,200.0
10007842,2015/16,16,70.0,0.0
10007842,2015/16,17,185.0,100.0
10007842,2015/16,19,90.0,0.0
10007842,2015/16,20,110.0,75.0
10007842,2015/16,22,1705.0,295.0
10007842,2015/16,23,0.0,5.0
10007842,2015/16,24,65.0,5.0
10007842,2015/16,25,800.0,15.0
10007842,2015/16,26,235.0,20.0
10007842,2016/17,01,0.0,5.0
10007842,2016/17,02,1280.0,2070.0
10007842,2016/17,03,305.0,5.0
10007842,2016/17,04,110.0,130.0
10007842,2016/17,06,175.0,15.0
10007842,2016/17,07,40.0,30.0
10007842,2016/17,10,0.0,220.0
10007842,2016/17,11,15.0,10.0
10007842,2016/17,15,625.0,155.0
10007842,2016/17,16,65.0,0.0
10007842,2016/17,17,200.0,175.0
10007842,2016/17,19,90.0,0.0
10007842,2016/17,20,110.0,65.0
10007842,2016/17,22,1475.0,255.0
10007842,2016/17,23,0.0,10.0
10007842,2016/17,24,80.0,5.0
10007842,2016/17,25,690.0,25.0
10007842,2016/17,26,200.0,15.0
10007842,2017/18,02,1345.0,1540.0
10007842,2017/18,03,340.0,5.0
10007842,2017/18,04,115.0,90.0
10007842,2017/18,06,165.0,10.0
10007842,2017/18,07,40.0,30.0
10007842,2017/18,10,0.0,150.0
10007842,2017/18,11,5.0,0.0
10007842,2017/18,15,485.0,70.0
10007842,2017/18,16,60.0,0.0
10007842,2017/18,17,280.0,140.0
10007842,2017/18,19,50.0,0.0
10007842,2017/18,20,125.0,30.0
10007842,2017/18,22,1350.0,250.0
10007842,2017/18,23,0.0,5.0
10007842,2017/18,24,75.0,0.0
10007842,2017/18,25,595.0,30.0
10007842,2017/18,26,185.0,20.0
10007842,2018/19,02,1320.0,1545.0
10007842,2018/19,03,360.0,5.0
10007842,2018/19,04,120.0,65.0
10007842,2018/19,06,145.0,5.0
10007842,2018/19,07,40.0,30.0
10007842,2018/19,10,0.0,145.0
10007842,2018/19,15,415.0,55.0
10007842,2018/19,16,55.0,0.0
10007842,2018/19,17,560.0,325.0
10007842,2018/19,19,55.0,0.0
10007842,2018/19,20,120.0,35.0
10007842,2018/19,22,1195.0,190.0
10007842,2018/19,24,80.0,0.0
10007842,2018/19,25,520.0,30.0
10007842,2018/19,26,155.0,15.0
10007842,2019/20,02,1340.0,1500.0
10007842,2019/20,03,350.0,25.0
10007842,2019/20,04,120.0,65.0
10007842,2019/20,06,80.0,5.0
10007842,2019/20,07,50.0,25.0
10007842,2019/20,10,0.0,145.0
10007842,2019/20,15,330.0,405.0
10007842,2019/20,16,160.0,20.0
10007842,2019/20,17,765.0,265.0
10007842,2019/20,19,55.0,5.0
10007842,2019/20,20,100.0,40.0
10007842,2019/20,22,1125.0,350.0
10007842,2019/20,23,10.0,0.0
10007842,2019/20,25,520.0,35.0
10007842,2019/20,26,45.0,0.0
10007842,2020/21,02,1940.0,2055.0
10007842,2020/21,03,305.0,10.0
10007842,2020/21,04,125.0,85.0
10007842,2020/21,06,85.0,5.0
10007842,2020/21,07,45.0,25.0
10007842,2020/21,10,0.0,140.0
10007842,2020/21,15,360.0,305.0
10007842,2020/21,16,140.0,45.0
10007842,2020/21,17,855.0,265.0
10007842,2020/21,19,25.0,10.0
10007842,2020/21,20,100.0,50.0
10007842,2020/21,22,1260.0,525.0
10007842,2020/21,23,10.0,0.0
10007842,2020/21,25,430.0,25.0
10007842,2020/21,26,50.0,0.0
10007842,2021/22,02,2545.0,2195.0
10007842,2021/22,03,275.0,10.0
10007842,2021/22,04,95.0,105.0
10007842,2021/22,06,90.0,5.0
10007842,2021/22,07,45.0,25.0
10007842,2021/22,10,0.0,125.0
10007842,2021/22,15,345.0,245.0
10007842,2021/22,16,135.0,140.0
10007842,2021/22,17,780.0,450.0
10007842,2021/22,19,15.0,5.0
10007842,2021/22,20,65.0,45.0
10007842,2021/22,22,1120.0,410.0
10007842,2021/22,23,10.0,10.0
10007842,2021/22,25,350.0,10.0
10007842,2021/22,26,50.0,0.0
10007842,2022/23,02,2665.0,2335.0
10007842,2022/23,03,265.0,20.0
10007842,2022/23,04,105.0,110.0
10007842,2022/23,06,115.0,5.0
10007842,2022/23,07,40.0,25.0
10007842,2022/23,10,0.0,120.0
10007842,2022/23,15,320.0,300.0
10007842,2022/23,16,105.0,260.0
10007842,2022/23,17,810.0,555.0
10007842,2022/23,19,10.0,5.0
10007842,2022/23,20,60.0,35.0
10007842,2022/23,22,905.0,520.0
10007842,2022/23,23,5.0,10.0
10007842,2022/23,25,290.0,10.0
10007842,2022/23,26,55.0,5.0
10007842,2023/24,02,2520.0,2225.0
10007842,2023/24,03,260.0,10.0
10007842,2023/24,04,100.0,70.0
10007842,2023/24,06,155.0,0.0
10007842,2023/24,07,35.0,15.0
10007842,2023/24,10,0.0,150.0
10007842,2023/24,15,230.0,270.0
10007842,2023/24,16,120.0,100.0
10007842,2023/24,17,655.0,930.0
10007842,2023/24,19,10.0,5.0
10007842,2023/24,20,35.0,25.0
10007842,2023/24,22,755.0,490.0
10007842,2023/24,23,0.0,5.0
10007842,2023/24,25,230.0,5.0
10007842,2023/24,26,50.0,0.0
10007842,2024/25,02,2595.0,1985.0
10007842,2024/25,03,240.0,10.0
10007842,2024/25,04,85.0,85.0
10007842,2024/25,06,180.0,5.0
10007842,2024/25,07,35.0,15.0
10007842,2024/25,10,0.0,115.0
10007842,2024/25,11,5.0,0.0
10007842,2024/25,15,180.0,325.0
10007842,2024/25,16,95.0,30.0
10007842,2024/25,17,920.0,800.0
10007842,2024/25,19,5.0,0.0
10007842,2024/25,20,35.0,20.0
10007842,2024/25,22,660.0,355.0
10007842,2024/25,23,0.0,15.0
10007842,2024/25,25,220.0,5.0
10007842,2024/25,26,45.0,0.0
10007843,2014/15,02,295.0,60.0
10007843,2014/15,03,1095.0,305.0
10007843,2014/15,04,195.0,15.0
10007843,2014/15,07,10.0,0.0
10007843,2014/15,15,60.0,5.0
10007843,2014/15,16,150.0,10.0
10007843,2014/15,17,220.0,45.0
10007843,2014/15,19,200.0,85.0
10007843,2014/15,20,255.0,180.0
10007843,2014/15,22,1105.0,610.0
10007843,2014/15,24,115.0,10.0
10007843,2014/15,25,240.0,10.0
10007843,2014/15,26,60.0,5.0
10007843,2015/16,02,305.0,80.0
10007843,2015/16,03,1180.0,300.0
10007843,2015/16,04,215.0,10.0
10007843,2015/16,07,25.0,0.0
10007843,2015/16,15,75.0,5.0
10007843,2015/16,16,160.0,10.0
10007843,2015/16,17,220.0,35.0
10007843,2015/16,19,190.0,90.0
10007843,2015/16,20,270.0,185.0
10007843,2015/16,22,1090.0,630.0
10007843,2015/16,24,125.0,5.0
10007843,2015/16,25,245.0,0.0
10007843,2015/16,26,70.0,0.0
10007843,2016/17,02,380.0,70.0
10007843,2016/17,03,1160.0,340.0
10007843,2016/17,04,205.0,10.0
10007843,2016/17,07,25.0,0.0
10007843,2016/17,15,80.0,5.0
10007843,2016/17,16,170.0,5.0
10007843,2016/17,17,285.0,35.0
10007843,2016/17,19,195.0,35.0
10007843,2016/17,20,280.0,160.0
10007843,2016/17,22,1120.0,520.0
10007843,2016/17,24,130.0,0.0
10007843,2016/17,25,255.0,5.0
10007843,2016/17,26,55.0,0.0
10007843,2017/18,02,395.0,55.0
10007843,2017/18,03,1095.0,325.0
10007843,2017/18,04,205.0,5.0
10007843,2017/18,07,30.0,0.0
10007843,2017/18,15,110.0,5.0
10007843,2017/18,16,175.0,5.0
10007843,2017/18,17,330.0,25.0
10007843,2017/18,19,180.0,15.0
10007843,2017/18,20,260.0,130.0
10007843,2017/18,22,1125.0,450.0
10007843,2017/18,24,120.0,5.0
10007843,2017/18,25,230.0,5.0
10007843,2017/18,26,30.0,0.0
10007843,2018/19,02,405.0,55.0
10007843,2018/19,03,1015.0,335.0
10007843,2018/19,04,195.0,10.0
10007843,2018/19,07,25.0,0.0
10007843,2018/19,15,80.0,5.0
10007843,2018/19,16,190.0,10.0
10007843,2018/19,17,375.0,35.0
10007843,2018/19,19,145.0,10.0
10007843,2018/19,20,220.0,115.0
10007843,2018/19,22,1005.0,465.0
10007843,2018/19,24,130.0,5.0
10007843,2018/19,25,225.0,0.0
10007843,2018/19,26,15.0,0.0
10007843,2019/20,02,480.0,70.0
10007843,2019/20,03,935.0,375.0
10007843,2019/20,04,210.0,15.0
10007843,2019/20,07,30.0,0.0
10007843,2019/20,15,125.0,15.0
10007843,2019/20,16,235.0,5.0
10007843,2019/20,17,725.0,30.0
10007843,2019/20,19,115.0,15.0
10007843,2019/20,20,165.0,125.0
10007843,2019/20,22,980.0,455.0
10007843,2019/20,24,130.0,10.0
10007843,2019/20,25,230.0,0.0
10007843,2020/21,02,525.0,70.0
10007843,2020/21,03,880.0,315.0
10007843,2020/21,04,200.0,0.0
10007843,2020/21,07,15.0,0.0
10007843,2020/21,10,10.0,0.0
10007843,2020/21,15,155.0,10.0
10007843,2020/21,16,210.0,5.0
10007843,2020/21,17,815.0,15.0
10007843,2020/21,19,95.0,5.0
10007843,2020/21,20,140.0,125.0
10007843,2020/21,22,1160.0,425.0
10007843,2020/21,23,15.0,0.0
10007843,2020/21,24,165.0,5.0
10007843,2020/21,25,225.0,0.0
10007843,2021/22,02,615.0,105.0
10007843,2021/22,03,920.0,375.0
10007843,2021/22,04,215.0,5.0
10007843,2021/22,07,10.0,0.0
10007843,2021/22,10,10.0,0.0
10007843,2021/22,15,160.0,35.0
10007843,2021/22,16,225.0,10.0
10007843,2021/22,17,780.0,25.0
10007843,2021/22,19,75.0,5.0
10007843,2021/22,20,150.0,130.0
10007843,2021/22,22,1165.0,485.0
10007843,2021/22,23,20.0,0.0
10007843,2021/22,24,165.0,5.0
10007843,2021/22,25,210.0,0.0
10007843,2022/23,02,590.0,105.0
10007843,2022/23,03,885.0,365.0
10007843,2022/23,04,235.0,20.0
10007843,2022/23,10,10.0,0.0
10007843,2022/23,15,140.0,35.0
10007843,2022/23,16,380.0,5.0
10007843,2022/23,17,1600.0,35.0
10007843,2022/23,19,75.0,5.0
10007843,2022/23,20,125.0,120.0
10007843,2022/23,22,1060.0,420.0
10007843,2022/23,23,20.0,0.0
10007843,2022/23,24,125.0,0.0
10007843,2022/23,25,195.0,0.0
10007843,2023/24,02,675.0,45.0
10007843,2023/24,03,860.0,350.0
10007843,2023/24,04,245.0,60.0
10007843,2023/24,10,10.0,5.0
10007843,2023/24,11,60.0,0.0
10007843,2023/24,15,140.0,45.0
10007843,2023/24,16,370.0,10.0
10007843,2023/24,17,2355.0,70.0
10007843,2023/24,19,55.0,5.0
10007843,2023/24,20,115.0,120.0
10007843,2023/24,22,915.0,375.0
10007843,2023/24,23,20.0,10.0
10007843,2023/24,24,140.0,5.0
10007843,2023/24,25,130.0,0.0
10007843,2024/25,02,715.0,55.0
10007843,2024/25,03,735.0,280.0
10007843,2024/25,04,235.0,75.0
10007843,2024/25,11,135.0,95.0
10007843,2024/25,15,110.0,15.0
10007843,2024/25,16,275.0,5.0
10007843,2024/25,17,1040.0,255.0
10007843,2024/25,19,50.0,5.0
10007843,2024/25,20,115.0,165.0
10007843,2024/25,22,1000.0,325.0
10007843,2024/25,23,20.0,15.0
10007843,2024/25,24,115.0,5.0
10007843,2024/25,25,110.0,0.0
10007848,2014/15,01,5.0,0.0
10007848,2014/15,02,1865.0,1745.0
10007848,2014/15,03,600.0,70.0
10007848,2014/15,04,600.0,75.0
10007848,2014/15,06,505.0,65.0
10007848,2014/15,07,5.0,0.0
10007848,2014/15,09,135.0,10.0
10007848,2014/15,10,70.0,215.0
10007848,2014/15,11,245.0,40.0
10007848,2014/15,15,750.0,300.0
10007848,2014/15,16,365.0,30.0
10007848,2014/15,17,1785.0,525.0
10007848,2014/15,19,750.0,25.0
10007848,2014/15,20,540.0,435.0
10007848,2014/15,22,970.0,530.0
10007848,2014/15,23,0.0,540.0
10007848,2014/15,24,300.0,10.0
10007848,2014/15,25,620.0,55.0
10007848,2014/15,26,335.0,5.0
10007848,2015/16,01,5.0,0.0
10007848,2015/16,02,1885.0,1790.0
10007848,2015/16,03,620.0,70.0
10007848,2015/16,04,560.0,70.0
10007848,2015/16,06,575.0,65.0
10007848,2015/16,07,5.0,0.0
10007848,2015/16,09,140.0,10.0
10007848,2015/16,10,105.0,200.0
10007848,2015/16,11,250.0,40.0
10007848,2015/16,15,740.0,260.0
10007848,2015/16,16,365.0,30.0
10007848,2015/16,17,1435.0,590.0
10007848,2015/16,19,730.0,25.0
10007848,2015/16,20,550.0,365.0
10007848,2015/16,22,855.0,625.0
10007848,2015/16,23,0.0,605.0
10007848,2015/16,24,295.0,5.0
10007848,2015/16,25,645.0,55.0
10007848,2015/16,26,330.0,5.0
10007848,2016/17,02,2060.0,1660.0
10007848,2016/17,03,705.0,60.0
10007848,2016/17,04,660.0,90.0
10007848,2016/17,06,600.0,70.0
10007848,2016/17,07,20.0,0.0
10007848,2016/17,09,150.0,5.0
10007848,2016/17,10,195.0,225.0
10007848,2016/17,11,250.0,40.0
10007848,2016/17,15,840.0,195.0
10007848,2016/17,16,395.0,30.0
10007848,2016/17,17,1445.0,735.0
10007848,2016/17,19,705.0,40.0
10007848,2016/17,20,515.0,320.0
10007848,2016/17,22,875.0,580.0
10007848,2016/17,23,0.0,485.0
10007848,2016/17,24,305.0,10.0
10007848,2016/17,25,705.0,55.0
10007848,2016/17,26,285.0,5.0
10007848,2017/18,02,2070.0,1480.0
10007848,2017/18,03,705.0,70.0
10007848,2017/18,04,730.0,110.0
10007848,2017/18,06,645.0,95.0
10007848,2017/18,07,20.0,5.0
10007848,2017/18,09,135.0,10.0
10007848,2017/18,10,225.0,265.0
10007848,2017/18,11,265.0,40.0
10007848,2017/18,15,910.0,190.0
10007848,2017/18,16,440.0,30.0
10007848,2017/18,17,1415.0,625.0
10007848,2017/18,19,625.0,30.0
10007848,2017/18,20,500.0,300.0
10007848,2017/18,22,915.0,635.0
10007848,2017/18,23,0.0,520.0
10007848,2017/18,24,295.0,35.0
10007848,2017/18,25,765.0,50.0
10007848,2017/18,26,255.0,10.0
10007848,2018/19,02,2000.0,1290.0
10007848,2018/19,03,655.0,65.0
10007848,2018/19,04,775.0,110.0
10007848,2018/19,06,460.0,90.0
10007848,2018/19,07,50.0,0.0
10007848,2018/19,09,125.0,15.0
10007848,2018/19,10,205.0,265.0
10007848,2018/19,11,245.0,45.0
10007848,2018/19,15,930.0,335.0
10007848,2018/19,16,410.0,45.0
10007848,2018/19,17,1320.0,765.0
10007848,2018/19,19,560.0,50.0
10007848,2018/19,20,440.0,275.0
10007848,2018/19,22,935.0,595.0
10007848,2018/19,23,0.0,195.0
10007848,2018/19,24,240.0,30.0
10007848,2018/19,25,780.0,45.0
10007848,2018/19,26,215.0,10.0
10007848,2019/20,01,150.0,240.0
10007848,2019/20,02,1900.0,945.0
10007848,2019/20,03,560.0,55.0
10007848,2019/20,04,705.0,85.0
10007848,2019/20,06,405.0,105.0
10007848,2019/20,07,125.0,5.0
10007848,2019/20,09,95.0,15.0
10007848,2019/20,10,205.0,50.0
10007848,2019/20,11,210.0,40.0
10007848,2019/20,15,805.0,260.0
10007848,2019/20,16,605.0,50.0
10007848,2019/20,17,1270.0,780.0
10007848,2019/20,19,485.0,35.0
10007848,2019/20,20,405.0,210.0
10007848,2019/20,22,915.0,450.0
10007848,2019/20,23,20.0,195.0
10007848,2019/20,24,200.0,10.0
10007848,2019/20,25,755.0,40.0
10007848,2019/20,26,160.0,5.0
10007848,2020/21,01,180.0,245.0
10007848,2020/21,02,2340.0,710.0
10007848,2020/21,03,540.0,45.0
10007848,2020/21,04,725.0,95.0
10007848,2020/21,06,460.0,95.0
10007848,2020/21,07,120.0,10.0
10007848,2020/21,09,65.0,5.0
10007848,2020/21,10,200.0,40.0
10007848,2020/21,11,270.0,25.0
10007848,2020/21,15,765.0,270.0
10007848,2020/21,16,665.0,25.0
10007848,2020/21,17,1685.0,735.0
10007848,2020/21,19,395.0,40.0
10007848,2020/21,20,365.0,215.0
10007848,2020/21,22,1075.0,490.0
10007848,2020/21,23,5.0,215.0
10007848,2020/21,24,140.0,5.0
10007848,2020/21,25,785.0,40.0
10007848,2020/21,26,135.0,10.0
10007848,2021/22,01,255.0,285.0
10007848,2021/22,02,2580.0,675.0
10007848,2021/22,03,470.0,55.0
10007848,2021/22,04,645.0,80.0
10007848,2021/22,06,525.0,100.0
10007848,2021/22,07,115.0,10.0
10007848,2021/22,09,40.0,10.0
10007848,2021/22,10,235.0,45.0
10007848,2021/22,11,295.0,30.0
10007848,2021/22,15,705.0,195.0
10007848,2021/22,16,630.0,40.0
10007848,2021/22,17,2075.0,585.0
10007848,2021/22,19,330.0,30.0
10007848,2021/22,20,300.0,205.0
10007848,2021/22,22,1010.0,575.0
10007848,2021/22,23,15.0,175.0
10007848,2021/22,24,130.0,5.0
10007848,2021/22,25,740.0,35.0
10007848,2021/22,26,90.0,15.0
10007848,2022/23,01,240.0,275.0
10007848,2022/23,02,2565.0,615.0
10007848,2022/23,03,470.0,55.0
10007848,2022/23,04,610.0,95.0
10007848,2022/23,06,570.0,150.0
10007848,2022/23,07,110.0,10.0
10007848,2022/23,09,40.0,10.0
10007848,2022/23,10,250.0,30.0
10007848,2022/23,11,395.0,35.0
10007848,2022/23,15,615.0,215.0
10007848,2022/23,16,525.0,70.0
10007848,2022/23,17,2050.0,485.0
10007848,2022/23,19,305.0,30.0
10007848,2022/23,20,250.0,170.0
10007848,2022/23,22,925.0,465.0
10007848,2022/23,23,0.0,305.0
10007848,2022/23,24,125.0,5.0
10007848,2022/23,25,720.0,40.0
10007848,2022/23,26,100.0,15.0
10007848,2023/24,01,270.0,250.0
10007848,2023/24,02,2720.0,670.0
10007848,2023/24,03,485.0,40.0
10007848,2023/24,04,660.0,55.0
10007848,2023/24,06,510.0,130.0
10007848,2023/24,07,105.0,20.0
10007848,2023/24,09,40.0,5.0
10007848,2023/24,10,270.0,25.0
10007848,2023/24,11,505.0,55.0
10007848,2023/24,15,610.0,175.0
10007848,2023/24,16,490.0,50.0
10007848,2023/24,17,2450.0,355.0
10007848,2023/24,19,290.0,40.0
10007848,2023/24,20,300.0,130.0
10007848,2023/24,22,820.0,370.0
10007848,2023/24,23,0.0,295.0
10007848,2023/24,24,165.0,5.0
10007848,2023/24,25,690.0,30.0
10007848,2023/24,26,120.0,15.0
10007848,2024/25,01,340.0,125.0
10007848,2024/25,02,2505.0,615.0
10007848,2024/25,03,425.0,20.0
10007848,2024/25,04,660.0,50.0
10007848,2024/25,06,490.0,85.0
10007848,2024/25,07,120.0,10.0
10007848,2024/25,09,55.0,5.0
10007848,2024/25,10,320.0,15.0
10007848,2024/25,11,680.0,40.0
10007848,2024/25,15,580.0,175.0
10007848,2024/25,16,505.0,25.0
10007848,2024/25,17,2335.0,210.0
10007848,2024/25,19,295.0,25.0
10007848,2024/25,20,325.0,105.0
10007848,2024/25,22,820.0,315.0
10007848,2024/25,23,0.0,220.0
10007848,2024/25,24,170.0,5.0
10007848,2024/25,25,700.0,20.0
10007848,2024/25,26,125.0,5.0
10007849,2014/15,02,310.0,55.0
10007849,2014/15,03,585.0,20.0
10007849,2014/15,04,385.0,75.0
10007849,2014/15,06,5.0,10.0
10007849,2014/15,10,425.0,40.0
10007849,2014/15,11,720.0,40.0
10007849,2014/15,15,370.0,15.0
10007849,2014/15,16,80.0,5.0
10007849,2014/15,17,530.0,80.0
10007849,2014/15,22,0.0,40.0
10007849,2014/15,25,400.0,30.0
10007849,2015/16,02,140.0,65.0
10007849,2015/16,03,580.0,20.0
10007849,2015/16,04,380.0,65.0
10007849,2015/16,06,185.0,10.0
10007849,2015/16,07,140.0,10.0
10007849,2015/16,10,140.0,30.0
10007849,2015/16,11,405.0,20.0
10007849,2015/16,15,330.0,15.0
10007849,2015/16,16,80.0,5.0
10007849,2015/16,17,510.0,20.0
10007849,2015/16,22,0.0,20.0
10007849,2015/16,25,755.0,25.0
10007849,2015/16,26,0.0,45.0
10007849,2016/17,02,110.0,115.0
10007849,2016/17,03,520.0,55.0
10007849,2016/17,04,340.0,25.0
10007849,2016/17,06,195.0,10.0
10007849,2016/17,07,95.0,5.0
10007849,2016/17,10,130.0,30.0
10007849,2016/17,11,660.0,40.0
10007849,2016/17,15,320.0,15.0
10007849,2016/17,16,100.0,5.0
10007849,2016/17,17,505.0,75.0
10007849,2016/17,22,0.0,35.0
10007849,2016/17,25,440.0,5.0
10007849,2016/17,26,15.0,5.0
10007849,2017/18,02,120.0,140.0
10007849,2017/18,03,535.0,45.0
10007849,2017/18,04,400.0,20.0
10007849,2017/18,06,190.0,5.0
10007849,2017/18,07,65.0,10.0
10007849,2017/18,10,160.0,0.0
10007849,2017/18,11,670.0,40.0
10007849,2017/18,15,375.0,15.0
10007849,2017/18,16,145.0,5.0
10007849,2017/18,17,445.0,65.0
10007849,2017/18,22,0.0,45.0
10007849,2017/18,25,505.0,20.0
10007849,2017/18,26,20.0,0.0
10007849,2018/19,02,150.0,155.0
10007849,2018/19,03,520.0,65.0
10007849,2018/19,04,430.0,20.0
10007849,2018/19,06,170.0,5.0
10007849,2018/19,07,65.0,5.0
10007849,2018/19,10,105.0,10.0
10007849,2018/19,11,880.0,70.0
10007849,2018/19,15,390.0,25.0
10007849,2018/19,16,185.0,10.0
10007849,2018/19,17,480.0,65.0
10007849,2018/19,22,0.0,25.0
10007849,2018/19,25,485.0,10.0
10007849,2018/19,26,35.0,0.0
10007849,2019/20,02,265.0,180.0
10007849,2019/20,03,315.0,5.0
10007849,2019/20,04,405.0,20.0
10007849,2019/20,06,165.0,5.0
10007849,2019/20,07,80.0,5.0
10007849,2019/20,10,145.0,5.0
10007849,2019/20,11,1415.0,70.0
10007849,2019/20,13,30.0,0.0
10007849,2019/20,15,390.0,50.0
10007849,2019/20,16,205.0,10.0
10007849,2019/20,17,470.0,15.0
10007849,2019/20,22,0.0,25.0
10007849,2020/21,02,315.0,170.0
10007849,2020/21,03,355.0,5.0
10007849,2020/21,04,415.0,25.0
10007849,2020/21,06,175.0,5.0
10007849,2020/21,07,95.0,0.0
10007849,2020/21,10,125.0,5.0
10007849,2020/21,11,1240.0,70.0
10007849,2020/21,13,45.0,0.0
10007849,2020/21,15,380.0,45.0
10007849,2020/21,16,235.0,5.0
10007849,2020/21,17,490.0,15.0
10007849,2020/21,22,0.0,20.0
10007849,2020/21,25,330.0,5.0
10007849,2021/22,02,300.0,190.0
10007849,2021/22,03,355.0,5.0
10007849,2021/22,04,375.0,25.0
10007849,2021/22,06,160.0,5.0
10007849,2021/22,07,80.0,5.0
10007849,2021/22,10,110.0,10.0
10007849,2021/22,11,895.0,75.0
10007849,2021/22,13,55.0,0.0
10007849,2021/22,15,375.0,40.0
10007849,2021/22,16,200.0,5.0
10007849,2021/22,17,490.0,260.0
10007849,2021/22,22,0.0,35.0
10007849,2021/22,25,700.0,30.0
10007849,2022/23,02,290.0,190.0
10007849,2022/23,03,345.0,5.0
10007849,2022/23,04,355.0,35.0
10007849,2022/23,06,130.0,5.0
10007849,2022/23,07,80.0,5.0
10007849,2022/23,10,135.0,15.0
10007849,2022/23,11,775.0,240.0
10007849,2022/23,13,40.0,0.0
10007849,2022/23,15,330.0,45.0
10007849,2022/23,16,165.0,5.0
10007849,2022/23,17,445.0,485.0
10007849,2022/23,22,0.0,15.0
10007849,2022/23,25,690.0,25.0
10007849,2023/24,02,255.0,215.0
10007849,2023/24,03,265.0,15.0
10007849,2023/24,04,375.0,70.0
10007849,2023/24,06,140.0,10.0
10007849,2023/24,07,95.0,5.0
10007849,2023/24,10,125.0,15.0
10007849,2023/24,11,760.0,320.0
10007849,2023/24,13,50.0,15.0
10007849,2023/24,15,320.0,55.0
10007849,2023/24,16,105.0,10.0
10007849,2023/24,17,445.0,570.0
10007849,2023/24,22,0.0,20.0
10007849,2023/24,25,675.0,25.0
10007849,2024/25,02,240.0,305.0
10007849,2024/25,03,265.0,5.0
10007849,2024/25,04,390.0,105.0
10007849,2024/25,06,145.0,0.0
10007849,2024/25,07,75.0,5.0
10007849,2024/25,10,100.0,85.0
10007849,2024/25,11,840.0,530.0
10007849,2024/25,13,75.0,0.0
10007849,2024/25,15,250.0,60.0
10007849,2024/25,16,110.0,10.0
10007849,2024/25,17,400.0,250.0
10007849,2024/25,22,0.0,20.0
10007849,2024/25,25,685.0,30.0
10007850,2014/15,01,0.0,160.0
10007850,2014/15,02,685.0,440.0
10007850,2014/15,03,1525.0,15.0
10007850,2014/15,04,555.0,15.0
10007850,2014/15,07,950.0,5.0
10007850,2014/15,09,1125.0,5.0
10007850,2014/15,10,2585.0,315.0
10007850,2014/15,11,405.0,10.0
10007850,2014/15,13,510.0,190.0
10007850,2014/15,15,2010.0,60.0
10007850,2014/15,17,1945.0,225.0
10007850,2014/15,19,750.0,5.0
10007850,2014/15,22,50.0,675.0
10007850,2014/15,23,220.0,135.0
10007850,2015/16,01,0.0,120.0
10007850,2015/16,02,665.0,470.0
10007850,2015/16,03,1675.0,10.0
10007850,2015/16,04,625.0,15.0
10007850,2015/16,07,1055.0,5.0
10007850,2015/16,09,1240.0,5.0
10007850,2015/16,10,2730.0,210.0
10007850,2015/16,11,420.0,5.0
10007850,2015/16,13,505.0,145.0
10007850,2015/16,15,2185.0,45.0
10007850,2015/16,17,2105.0,210.0
10007850,2015/16,19,740.0,5.0
10007850,2015/16,22,105.0,555.0
10007850,2015/16,23,190.0,120.0
10007850,2016/17,01,0.0,110.0
10007850,2016/17,02,645.0,445.0
10007850,2016/17,03,1795.0,20.0
10007850,2016/17,04,710.0,30.0
10007850,2016/17,07,1130.0,5.0
10007850,2016/17,09,1300.0,10.0
10007850,2016/17,10,2890.0,120.0
10007850,2016/17,11,475.0,5.0
10007850,2016/17,13,590.0,155.0
10007850,2016/17,15,2310.0,70.0
10007850,2016/17,17,2300.0,175.0
10007850,2016/17,19,675.0,0.0
10007850,2016/17,22,150.0,485.0
10007850,2016/17,23,225.0,85.0
10007850,2017/18,01,0.0,100.0
10007850,2017/18,02,615.0,540.0
10007850,2017/18,03,1800.0,30.0
10007850,2017/18,04,800.0,20.0
10007850,2017/18,07,1090.0,5.0
10007850,2017/18,09,1295.0,10.0
10007850,2017/18,10,3085.0,65.0
10007850,2017/18,11,520.0,5.0
10007850,2017/18,13,635.0,95.0
10007850,2017/18,15,2410.0,60.0
10007850,2017/18,17,2605.0,145.0
10007850,2017/18,19,640.0,0.0
10007850,2017/18,22,150.0,430.0
10007850,2017/18,23,335.0,75.0
10007850,2018/19,01,0.0,50.0
10007850,2018/19,02,550.0,690.0
10007850,2018/19,03,1755.0,55.0
10007850,2018/19,04,845.0,20.0
10007850,2018/19,07,1100.0,5.0
10007850,2018/19,09,1290.0,5.0
10007850,2018/19,10,3160.0,40.0
10007850,2018/19,11,580.0,35.0
10007850,2018/19,13,640.0,95.0
10007850,2018/19,15,2580.0,80.0
10007850,2018/19,17,2805.0,115.0
10007850,2018/19,19,590.0,0.0
10007850,2018/19,22,190.0,375.0
10007850,2018/19,23,305.0,110.0
10007850,2019/20,01,0.0,45.0
10007850,2019/20,02,705.0,780.0
10007850,2019/20,03,1545.0,35.0
10007850,2019/20,04,970.0,50.0
10007850,2019/20,07,1360.0,5.0
10007850,2019/20,09,1210.0,5.0
10007850,2019/20,10,3255.0,20.0
10007850,2019/20,11,675.0,190.0
10007850,2019/20,13,625.0,120.0
10007850,2019/20,15,2660.0,210.0
10007850,2019/20,17,2830.0,130.0
10007850,2019/20,19,500.0,0.0
10007850,2019/20,22,250.0,355.0
10007850,2019/20,23,20.0,10.0
10007850,2020/21,01,0.0,75.0
10007850,2020/21,02,690.0,665.0
10007850,2020/21,03,1560.0,15.0
10007850,2020/21,04,1020.0,25.0
10007850,2020/21,07,1275.0,5.0
10007850,2020/21,09,1140.0,5.0
10007850,2020/21,10,3190.0,20.0
10007850,2020/21,11,820.0,480.0
10007850,2020/21,13,590.0,105.0
10007850,2020/21,15,2705.0,270.0
10007850,2020/21,17,2725.0,165.0
10007850,2020/21,19,460.0,0.0
10007850,2020/21,22,190.0,320.0
10007850,2020/21,23,15.0,15.0
10007850,2021/22,01,0.0,60.0
10007850,2021/22,02,755.0,535.0
10007850,2021/22,03,1595.0,25.0
10007850,2021/22,04,1075.0,30.0
10007850,2021/22,07,1235.0,10.0
10007850,2021/22,09,1115.0,10.0
10007850,2021/22,10,3125.0,15.0
10007850,2021/22,11,940.0,615.0
10007850,2021/22,13,595.0,40.0
10007850,2021/22,15,2775.0,325.0
10007850,2021/22,17,2900.0,190.0
10007850,2021/22,19,420.0,0.0
10007850,2021/22,22,165.0,290.0
10007850,2021/22,23,20.0,20.0
10007850,2022/23,01,0.0,70.0
10007850,2022/23,02,855.0,385.0
10007850,2022/23,03,1745.0,15.0
10007850,2022/23,04,1145.0,40.0
10007850,2022/23,07,1330.0,10.0
10007850,2022/23,09,1065.0,5.0
10007850,2022/23,10,3125.0,35.0
10007850,2022/23,11,815.0,510.0
10007850,2022/23,13,575.0,55.0
10007850,2022/23,15,2975.0,265.0
10007850,2022/23,17,3120.0,200.0
10007850,2022/23,19,435.0,0.0
10007850,2022/23,22,175.0,265.0
10007850,2022/23,23,15.0,20.0
10007850,2023/24,01,0.0,90.0
10007850,2023/24,02,880.0,365.0
10007850,2023/24,03,1800.0,15.0
10007850,2023/24,04,1195.0,40.0
10007850,2023/24,07,1310.0,10.0
10007850,2023/24,09,1115.0,10.0
10007850,2023/24,10,3170.0,45.0
10007850,2023/24,11,945.0,440.0
10007850,2023/24,13,600.0,40.0
10007850,2023/24,15,3070.0,270.0
10007850,2023/24,17,3215.0,195.0
10007850,2023/24,19,435.0,0.0
10007850,2023/24,22,185.0,215.0
10007850,2023/24,23,35.0,15.0
10007850,2024/25,01,0.0,70.0
10007850,2024/25,02,1015.0,355.0
10007850,2024/25,03,1910.0,25.0
10007850,2024/25,04,1205.0,50.0
10007850,2024/25,07,1295.0,5.0
10007850,2024/25,09,1205.0,10.0
10007850,2024/25,10,3350.0,60.0
10007850,2024/25,11,925.0,485.0
10007850,2024/25,13,640.0,35.0
10007850,2024/25,15,3240.0,290.0
10007850,2024/25,17,3320.0,185.0
10007850,2024/25,19,435.0,0.0
10007850,2024/25,22,200.0,180.0
10007850,2024/25,23,35.0,10.0
10007851,2014/15,02,1265.0,1020.0
10007851,2014/15,03,660.0,60.0
10007851,2014/15,04,445.0,810.0
10007851,2014/15,06,10.0,5.0
10007851,2014/15,07,175.0,20.0
10007851,2014/15,09,135.0,15.0
10007851,2014/15,10,920.0,550.0
10007851,2014/15,11,630.0,110.0
10007851,2014/15,13,210.0,95.0
10007851,2014/15,15,810.0,120.0
10007851,2014/15,16,340.0,85.0
10007851,2014/15,17,1470.0,995.0
10007851,2014/15,19,230.0,25.0
10007851,2014/15,20,185.0,10.0
10007851,2014/15,22,1375.0,500.0
10007851,2014/15,23,205.0,460.0
10007851,2014/15,24,230.0,20.0
10007851,2014/15,25,1160.0,120.0
10007851,2014/15,26,305.0,140.0
10007851,2015/16,02,1370.0,1100.0
10007851,2015/16,03,645.0,75.0
10007851,2015/16,04,465.0,720.0
10007851,2015/16,06,5.0,5.0
10007851,2015/16,07,200.0,25.0
10007851,2015/16,09,145.0,10.0
10007851,2015/16,10,870.0,645.0
10007851,2015/16,11,665.0,155.0
10007851,2015/16,13,220.0,100.0
10007851,2015/16,15,865.0,245.0
10007851,2015/16,16,400.0,60.0
10007851,2015/16,17,1650.0,830.0
10007851,2015/16,19,230.0,10.0
10007851,2015/16,20,165.0,5.0
10007851,2015/16,22,1380.0,460.0
10007851,2015/16,23,205.0,435.0
10007851,2015/16,24,240.0,15.0
10007851,2015/16,25,1105.0,110.0
10007851,2015/16,26,345.0,130.0
10007851,2016/17,02,1765.0,1300.0
10007851,2016/17,03,730.0,75.0
10007851,2016/17,04,435.0,500.0
10007851,2016/17,06,15.0,5.0
10007851,2016/17,07,235.0,20.0
10007851,2016/17,09,155.0,10.0
10007851,2016/17,10,905.0,830.0
10007851,2016/17,11,725.0,165.0
10007851,2016/17,13,245.0,105.0
10007851,2016/17,15,1010.0,225.0
10007851,2016/17,16,410.0,65.0
10007851,2016/17,17,1790.0,895.0
10007851,2016/17,19,255.0,25.0
10007851,2016/17,20,175.0,15.0
10007851,2016/17,22,1340.0,540.0
10007851,2016/17,23,210.0,340.0
10007851,2016/17,24,295.0,10.0
10007851,2016/17,25,1160.0,145.0
10007851,2016/17,26,350.0,135.0
10007851,2017/18,02,2180.0,1320.0
10007851,2017/18,03,830.0,75.0
10007851,2017/18,04,395.0,720.0
10007851,2017/18,06,10.0,5.0
10007851,2017/18,07,250.0,20.0
10007851,2017/18,09,115.0,15.0
10007851,2017/18,10,895.0,945.0
10007851,2017/18,11,700.0,190.0
10007851,2017/18,13,230.0,95.0
10007851,2017/18,15,1140.0,150.0
10007851,2017/18,16,430.0,50.0
10007851,2017/18,17,1800.0,910.0
10007851,2017/18,19,260.0,20.0
10007851,2017/18,20,170.0,20.0
10007851,2017/18,22,1410.0,560.0
10007851,2017/18,23,230.0,230.0
10007851,2017/18,24,355.0,10.0
10007851,2017/18,25,1195.0,145.0
10007851,2017/18,26,305.0,115.0
10007851,2018/19,02,2505.0,1305.0
10007851,2018/19,03,975.0,70.0
10007851,2018/19,04,410.0,800.0
10007851,2018/19,06,15.0,5.0
10007851,2018/19,07,255.0,20.0
10007851,2018/19,09,95.0,10.0
10007851,2018/19,10,815.0,890.0
10007851,2018/19,11,700.0,175.0
10007851,2018/19,13,265.0,100.0
10007851,2018/19,15,1315.0,150.0
10007851,2018/19,16,450.0,35.0
10007851,2018/19,17,1805.0,910.0
10007851,2018/19,19,255.0,25.0
10007851,2018/19,20,170.0,25.0
10007851,2018/19,22,1315.0,685.0
10007851,2018/19,23,260.0,155.0
10007851,2018/19,24,450.0,5.0
10007851,2018/19,25,1210.0,165.0
10007851,2018/19,26,245.0,115.0
10007851,2019/20,02,2580.0,1220.0
10007851,2019/20,03,1210.0,75.0
10007851,2019/20,04,455.0,905.0
10007851,2019/20,07,285.0,55.0
10007851,2019/20,09,85.0,5.0
10007851,2019/20,10,700.0,850.0
10007851,2019/20,11,700.0,155.0
10007851,2019/20,13,255.0,95.0
10007851,2019/20,15,1860.0,425.0
10007851,2019/20,16,700.0,85.0
10007851,2019/20,17,1590.0,830.0
10007851,2019/20,19,225.0,25.0
10007851,2019/20,20,155.0,30.0
10007851,2019/20,22,935.0,595.0
10007851,2019/20,23,320.0,75.0
10007851,2019/20,24,540.0,10.0
10007851,2019/20,25,1145.0,110.0
10007851,2019/20,26,200.0,200.0
10007851,2020/21,02,2615.0,2110.0
10007851,2020/21,03,1250.0,65.0
10007851,2020/21,04,705.0,925.0
10007851,2020/21,07,320.0,50.0
10007851,2020/21,09,70.0,5.0
10007851,2020/21,10,695.0,750.0
10007851,2020/21,11,690.0,165.0
10007851,2020/21,13,255.0,110.0
10007851,2020/21,15,1615.0,605.0
10007851,2020/21,16,660.0,275.0
10007851,2020/21,17,1745.0,860.0
10007851,2020/21,19,200.0,20.0
10007851,2020/21,20,135.0,20.0
10007851,2020/21,22,1125.0,695.0
10007851,2020/21,23,360.0,70.0
10007851,2020/21,24,555.0,15.0
10007851,2020/21,25,1080.0,105.0
10007851,2020/21,26,180.0,185.0
10007851,2021/22,02,2760.0,2445.0
10007851,2021/22,03,1155.0,85.0
10007851,2021/22,04,655.0,805.0
10007851,2021/22,07,325.0,50.0
10007851,2021/22,09,45.0,10.0
10007851,2021/22,10,705.0,710.0
10007851,2021/22,11,765.0,160.0
10007851,2021/22,13,235.0,110.0
10007851,2021/22,15,1435.0,880.0
10007851,2021/22,16,610.0,405.0
10007851,2021/22,17,1845.0,700.0
10007851,2021/22,19,165.0,15.0
10007851,2021/22,20,115.0,25.0
10007851,2021/22,22,1070.0,560.0
10007851,2021/22,23,360.0,100.0
10007851,2021/22,24,385.0,20.0
10007851,2021/22,25,850.0,110.0
10007851,2021/22,26,120.0,165.0
10007851,2022/23,02,3180.0,3405.0
10007851,2022/23,03,1040.0,75.0
10007851,2022/23,04,605.0,695.0
10007851,2022/23,07,290.0,20.0
10007851,2022/23,09,40.0,10.0
10007851,2022/23,10,780.0,775.0
10007851,2022/23,11,955.0,140.0
10007851,2022/23,13,265.0,85.0
10007851,2022/23,15,1310.0,1030.0
10007851,2022/23,16,565.0,435.0
10007851,2022/23,17,1945.0,640.0
10007851,2022/23,19,150.0,5.0
10007851,2022/23,20,90.0,25.0
10007851,2022/23,22,1045.0,470.0
10007851,2022/23,23,380.0,120.0
10007851,2022/23,24,295.0,10.0
10007851,2022/23,25,805.0,110.0
10007851,2022/23,26,120.0,150.0
10007851,2023/24,02,3440.0,3500.0
10007851,2023/24,03,575.0,65.0
10007851,2023/24,04,515.0,590.0
10007851,2023/24,07,255.0,25.0
10007851,2023/24,09,40.0,10.0
10007851,2023/24,10,670.0,835.0
10007851,2023/24,11,1015.0,130.0
10007851,2023/24,13,220.0,100.0
10007851,2023/24,15,1090.0,975.0
10007851,2023/24,16,445.0,320.0
10007851,2023/24,17,1730.0,655.0
10007851,2023/24,19,145.0,10.0
10007851,2023/24,20,65.0,20.0
10007851,2023/24,22,825.0,400.0
10007851,2023/24,23,360.0,85.0
10007851,2023/24,24,225.0,10.0
10007851,2023/24,25,665.0,105.0
10007851,2023/24,26,85.0,145.0
10007851,2024/25,02,3885.0,2935.0
10007851,2024/25,03,540.0,40.0
10007851,2024/25,04,565.0,535.0
10007851,2024/25,07,235.0,30.0
10007851,2024/25,09,40.0,0.0
10007851,2024/25,10,960.0,575.0
10007851,2024/25,11,710.0,90.0
10007851,2024/25,13,180.0,95.0
10007851,2024/25,15,1025.0,870.0
10007851,2024/25,16,505.0,110.0
10007851,2024/25,17,1260.0,580.0
10007851,2024/25,19,125.0,10.0
10007851,2024/25,20,75.0,15.0
10007851,2024/25,22,745.0,585.0
10007851,2024/25,23,325.0,70.0
10007851,2024/25,24,200.0,10.0
10007851,2024/25,25,630.0,95.0
10007851,2024/25,26,80.0,160.0
10007852,2014/15,01,1285.0,25.0
10007852,2014/15,02,1790.0,2715.0
10007852,2014/15,03,635.0,15.0
10007852,2014/15,04,460.0,35.0
10007852,2014/15,06,15.0,0.0
10007852,2014/15,07,215.0,5.0
10007852,2014/15,09,110.0,0.0
10007852,2014/15,10,555.0,55.0
10007852,2014/15,11,290.0,75.0
10007852,2014/15,13,385.0,20.0
10007852,2014/15,15,580.0,145.0
10007852,2014/15,16,765.0,120.0
10007852,2014/15,17,690.0,10.0
10007852,2014/15,19,290.0,320.0
10007852,2014/15,20,320.0,135.0
10007852,2014/15,22,520.0,800.0
10007852,2014/15,23,0.0,10.0
10007852,2014/15,24,25.0,210.0
10007852,2014/15,25,1180.0,40.0
10007852,2014/15,26,320.0,0.0
10007852,2015/16,01,1265.0,30.0
10007852,2015/16,02,1790.0,2475.0
10007852,2015/16,03,590.0,10.0
10007852,2015/16,04,450.0,30.0
10007852,2015/16,06,15.0,0.0
10007852,2015/16,07,260.0,5.0
10007852,2015/16,09,140.0,0.0
10007852,2015/16,10,620.0,120.0
10007852,2015/16,11,330.0,75.0
10007852,2015/16,13,375.0,10.0
10007852,2015/16,15,580.0,130.0
10007852,2015/16,16,705.0,110.0
10007852,2015/16,17,680.0,10.0
10007852,2015/16,19,260.0,245.0
10007852,2015/16,20,300.0,120.0
10007852,2015/16,22,570.0,815.0
10007852,2015/16,23,0.0,5.0
10007852,2015/16,24,20.0,215.0
10007852,2015/16,25,1205.0,35.0
10007852,2015/16,26,325.0,5.0
10007852,2016/17,01,1295.0,35.0
10007852,2016/17,02,1960.0,2250.0
10007852,2016/17,03,495.0,5.0
10007852,2016/17,04,470.0,30.0
10007852,2016/17,06,5.0,0.0
10007852,2016/17,07,280.0,5.0
10007852,2016/17,09,175.0,0.0
10007852,2016/17,10,605.0,20.0
10007852,2016/17,11,355.0,75.0
10007852,2016/17,13,345.0,5.0
10007852,2016/17,15,645.0,115.0
10007852,2016/17,16,695.0,100.0
10007852,2016/17,17,800.0,20.0
10007852,2016/17,19,280.0,355.0
10007852,2016/17,20,360.0,135.0
10007852,2016/17,22,605.0,950.0
10007852,2016/17,23,5.0,0.0
10007852,2016/17,24,25.0,210.0
10007852,2016/17,25,1310.0,25.0
10007852,2016/17,26,335.0,0.0
10007852,2017/18,01,1275.0,25.0
10007852,2017/18,02,2070.0,1875.0
10007852,2017/18,03,480.0,10.0
10007852,2017/18,04,495.0,25.0
10007852,2017/18,06,10.0,0.0
10007852,2017/18,07,320.0,5.0
10007852,2017/18,09,200.0,0.0
10007852,2017/18,10,605.0,20.0
10007852,2017/18,11,375.0,55.0
10007852,2017/18,13,385.0,5.0
10007852,2017/18,15,650.0,105.0
10007852,2017/18,16,695.0,85.0
10007852,2017/18,17,935.0,10.0
10007852,2017/18,19,360.0,265.0
10007852,2017/18,20,380.0,95.0
10007852,2017/18,22,580.0,985.0
10007852,2017/18,23,10.0,5.0
10007852,2017/18,24,30.0,180.0
10007852,2017/18,25,1265.0,15.0
10007852,2017/18,26,330.0,10.0
10007852,2018/19,01,1275.0,15.0
10007852,2018/19,02,1960.0,1745.0
10007852,2018/19,03,775.0,10.0
10007852,2018/19,04,480.0,25.0
10007852,2018/19,06,15.0,0.0
10007852,2018/19,07,345.0,10.0
10007852,2018/19,09,240.0,0.0
10007852,2018/19,10,625.0,20.0
10007852,2018/19,11,400.0,50.0
10007852,2018/19,13,425.0,10.0
10007852,2018/19,15,655.0,105.0
10007852,2018/19,16,800.0,85.0
10007852,2018/19,17,1085.0,20.0
10007852,2018/19,19,350.0,385.0
10007852,2018/19,20,360.0,95.0
10007852,2018/19,22,670.0,990.0
10007852,2018/19,23,40.0,5.0
10007852,2018/19,24,35.0,190.0
10007852,2018/19,25,1290.0,20.0
10007852,2018/19,26,300.0,5.0
10007852,2019/20,01,1395.0,30.0
10007852,2019/20,02,2495.0,810.0
10007852,2019/20,03,450.0,10.0
10007852,2019/20,04,555.0,20.0
10007852,2019/20,07,150.0,10.0
10007852,2019/20,09,250.0,0.0
10007852,2019/20,10,640.0,35.0
10007852,2019/20,11,425.0,75.0
10007852,2019/20,13,420.0,5.0
10007852,2019/20,15,715.0,30.0
10007852,2019/20,16,880.0,75.0
10007852,2019/20,17,1280.0,20.0
10007852,2019/20,19,350.0,335.0
10007852,2019/20,20,365.0,140.0
10007852,2019/20,22,685.0,1610.0
10007852,2019/20,23,65.0,185.0
10007852,2019/20,24,40.0,135.0
10007852,2019/20,25,1235.0,60.0
10007852,2019/20,26,290.0,10.0
10007852,2020/21,01,1550.0,725.0
10007852,2020/21,02,2315.0,1080.0
10007852,2020/21,03,505.0,10.0
10007852,2020/21,04,620.0,20.0
10007852,2020/21,07,165.0,10.0
10007852,2020/21,09,230.0,0.0
10007852,2020/21,10,600.0,15.0
10007852,2020/21,11,410.0,90.0
10007852,2020/21,13,405.0,10.0
10007852,2020/21,15,635.0,75.0
10007852,2020/21,16,905.0,60.0
10007852,2020/21,17,1510.0,20.0
10007852,2020/21,19,365.0,195.0
10007852,2020/21,20,355.0,50.0
10007852,2020/21,22,680.0,520.0
10007852,2020/21,23,90.0,130.0
10007852,2020/21,24,0.0,155.0
10007852,2020/21,25,1325.0,65.0
10007852,2020/21,26,335.0,0.0
10007852,2021/22,01,1630.0,910.0
10007852,2021/22,02,2815.0,1040.0
10007852,2021/22,03,545.0,15.0
10007852,2021/22,04,635.0,20.0
10007852,2021/22,07,340.0,5.0
10007852,2021/22,09,175.0,0.0
10007852,2021/22,10,595.0,15.0
10007852,2021/22,11,395.0,70.0
10007852,2021/22,13,470.0,15.0
10007852,2021/22,15,680.0,25.0
10007852,2021/22,16,1015.0,85.0
10007852,2021/22,17,1835.0,30.0
10007852,2021/22,19,340.0,200.0
10007852,2021/22,20,360.0,70.0
10007852,2021/22,22,715.0,925.0
10007852,2021/22,23,80.0,100.0
10007852,2021/22,24,45.0,185.0
10007852,2021/22,25,1265.0,45.0
10007852,2021/22,26,380.0,5.0
10007852,2022/23,01,1670.0,625.0
10007852,2022/23,02,2510.0,875.0
10007852,2022/23,03,535.0,15.0
10007852,2022/23,04,585.0,40.0
10007852,2022/23,07,345.0,5.0
10007852,2022/23,09,140.0,5.0
10007852,2022/23,10,570.0,15.0
10007852,2022/23,11,375.0,135.0
10007852,2022/23,13,465.0,15.0
10007852,2022/23,15,705.0,30.0
10007852,2022/23,16,910.0,90.0
10007852,2022/23,17,2290.0,25.0
10007852,2022/23,19,310.0,250.0
10007852,2022/23,20,330.0,70.0
10007852,2022/23,22,715.0,735.0
10007852,2022/23,23,85.0,25.0
10007852,2022/23,24,45.0,195.0
10007852,2022/23,25,1225.0,35.0
10007852,2022/23,26,370.0,10.0
10007852,2023/24,01,1720.0,490.0
10007852,2023/24,02,2190.0,650.0
10007852,2023/24,03,570.0,15.0
10007852,2023/24,04,585.0,30.0
10007852,2023/24,07,320.0,10.0
10007852,2023/24,09,95.0,0.0
10007852,2023/24,10,545.0,5.0
10007852,2023/24,11,355.0,30.0
10007852,2023/24,13,415.0,10.0
10007852,2023/24,15,595.0,30.0
10007852,2023/24,16,775.0,60.0
10007852,2023/24,17,1555.0,10.0
10007852,2023/24,19,305.0,260.0
10007852,2023/24,20,320.0,65.0
10007852,2023/24,22,535.0,555.0
10007852,2023/24,23,60.0,5.0
10007852,2023/24,24,55.0,165.0
10007852,2023/24,25,1240.0,35.0
10007852,2023/24,26,330.0,10.0
10007852,2024/25,01,1775.0,465.0
10007852,2024/25,02,1960.0,505.0
10007852,2024/25,03,470.0,5.0
10007852,2024/25,04,545.0,20.0
10007852,2024/25,07,295.0,10.0
10007852,2024/25,09,80.0,0.0
10007852,2024/25,10,480.0,10.0
10007852,2024/25,11,340.0,30.0
10007852,2024/25,13,385.0,15.0
10007852,2024/25,15,575.0,15.0
10007852,2024/25,16,760.0,50.0
10007852,2024/25,17,1080.0,20.0
10007852,2024/25,19,295.0,90.0
10007852,2024/25,20,290.0,60.0
10007852,2024/25,22,460.0,450.0
10007852,2024/25,23,45.0,20.0
10007852,2024/25,24,55.0,160.0
10007852,2024/25,25,1295.0,30.0
10007852,2024/25,26,285.0,10.0
10007854,2014/15,02,680.0,130.0
10007854,2014/15,03,2040.0,210.0
10007854,2014/15,04,385.0,35.0
10007854,2014/15,06,125.0,60.0
10007854,2014/15,07,5.0,5.0
10007854,2014/15,10,120.0,70.0
10007854,2014/15,11,545.0,20.0
10007854,2014/15,13,165.0,65.0
10007854,2014/15,15,580.0,60.0
10007854,2014/15,17,5160.0,490.0
10007854,2014/15,19,235.0,20.0
10007854,2014/15,22,1045.0,285.0
10007854,2014/15,25,925.0,205.0
10007854,2015/16,02,735.0,165.0
10007854,2015/16,03,2180.0,175.0
10007854,2015/16,04,455.0,35.0
10007854,2015/16,06,115.0,40.0
10007854,2015/16,07,0.0,10.0
10007854,2015/16,10,45.0,80.0
10007854,2015/16,11,430.0,5.0
10007854,2015/16,13,145.0,75.0
10007854,2015/16,15,580.0,60.0
10007854,2015/16,17,4030.0,565.0
10007854,2015/16,19,185.0,15.0
10007854,2015/16,22,1050.0,290.0
10007854,2015/16,25,965.0,145.0
10007854,2016/17,02,650.0,190.0
10007854,2016/17,03,2260.0,150.0
10007854,2016/17,04,530.0,35.0
10007854,2016/17,06,70.0,30.0
10007854,2016/17,07,0.0,5.0
10007854,2016/17,10,115.0,65.0
10007854,2016/17,11,310.0,5.0
10007854,2016/17,13,115.0,75.0
10007854,2016/17,15,580.0,95.0
10007854,2016/17,17,2580.0,520.0
10007854,2016/17,19,145.0,20.0
10007854,2016/17,22,1035.0,305.0
10007854,2016/17,25,925.0,185.0
10007854,2017/18,02,610.0,215.0
10007854,2017/18,03,2245.0,165.0
10007854,2017/18,04,565.0,35.0
10007854,2017/18,06,80.0,30.0
10007854,2017/18,10,125.0,70.0
10007854,2017/18,11,315.0,10.0
10007854,2017/18,13,110.0,50.0
10007854,2017/18,15,515.0,175.0
10007854,2017/18,17,2145.0,285.0
10007854,2017/18,19,175.0,10.0
10007854,2017/18,22,1025.0,255.0
10007854,2017/18,24,20.0,0.0
10007854,2017/18,25,1070.0,130.0
10007854,2018/19,02,635.0,290.0
10007854,2018/19,03,2290.0,160.0
10007854,2018/19,04,545.0,30.0
10007854,2018/19,06,70.0,30.0
10007854,2018/19,10,135.0,70.0
10007854,2018/19,11,390.0,10.0
10007854,2018/19,13,100.0,30.0
10007854,2018/19,15,510.0,170.0
10007854,2018/19,17,2140.0,305.0
10007854,2018/19,19,160.0,10.0
10007854,2018/19,22,1040.0,290.0
10007854,2018/19,24,30.0,5.0
10007854,2018/19,25,1070.0,160.0
10007854,2019/20,02,715.0,225.0
10007854,2019/20,03,2130.0,145.0
10007854,2019/20,04,570.0,15.0
10007854,2019/20,06,95.0,25.0
10007854,2019/20,10,65.0,50.0
10007854,2019/20,11,730.0,10.0
10007854,2019/20,13,120.0,30.0
10007854,2019/20,15,690.0,130.0
10007854,2019/20,16,5.0,0.0
10007854,2019/20,17,2420.0,275.0
10007854,2019/20,19,130.0,10.0
10007854,2019/20,22,885.0,190.0
10007854,2019/20,23,5.0,0.0
10007854,2019/20,24,20.0,5.0
10007854,2019/20,25,1145.0,95.0
10007854,2020/21,02,785.0,145.0
10007854,2020/21,03,2245.0,140.0
10007854,2020/21,04,570.0,25.0
10007854,2020/21,06,120.0,20.0
10007854,2020/21,10,145.0,40.0
10007854,2020/21,11,840.0,15.0
10007854,2020/21,13,130.0,25.0
10007854,2020/21,15,665.0,170.0
10007854,2020/21,16,80.0,0.0
10007854,2020/21,17,2330.0,350.0
10007854,2020/21,19,115.0,5.0
10007854,2020/21,22,1065.0,245.0
10007854,2020/21,23,20.0,0.0
10007854,2020/21,24,45.0,5.0
10007854,2020/21,25,1055.0,40.0
10007854,2021/22,02,890.0,120.0
10007854,2021/22,03,2325.0,115.0
10007854,2021/22,04,590.0,30.0
10007854,2021/22,06,125.0,15.0
10007854,2021/22,10,160.0,45.0
10007854,2021/22,11,975.0,15.0
10007854,2021/22,13,145.0,20.0
10007854,2021/22,15,640.0,115.0
10007854,2021/22,16,200.0,0.0
10007854,2021/22,17,3065.0,265.0
10007854,2021/22,19,80.0,5.0
10007854,2021/22,22,1140.0,285.0
10007854,2021/22,23,30.0,5.0
10007854,2021/22,24,65.0,5.0
10007854,2021/22,25,1100.0,50.0
10007854,2022/23,02,1155.0,155.0
10007854,2022/23,03,2135.0,105.0
10007854,2022/23,04,645.0,35.0
10007854,2022/23,06,260.0,10.0
10007854,2022/23,10,195.0,65.0
10007854,2022/23,11,980.0,40.0
10007854,2022/23,13,145.0,20.0
10007854,2022/23,15,555.0,140.0
10007854,2022/23,16,295.0,0.0
10007854,2022/23,17,3630.0,265.0
10007854,2022/23,19,70.0,10.0
10007854,2022/23,22,985.0,385.0
10007854,2022/23,23,45.0,0.0
10007854,2022/23,24,70.0,0.0
10007854,2022/23,25,1100.0,40.0
10007854,2023/24,02,1015.0,80.0
10007854,2023/24,03,2030.0,105.0
10007854,2023/24,04,620.0,40.0
10007854,2023/24,06,115.0,5.0
10007854,2023/24,10,210.0,70.0
10007854,2023/24,11,735.0,25.0
10007854,2023/24,13,145.0,10.0
10007854,2023/24,15,625.0,215.0
10007854,2023/24,16,320.0,0.0
10007854,2023/24,17,2495.0,125.0
10007854,2023/24,19,45.0,10.0
10007854,2023/24,22,925.0,245.0
10007854,2023/24,23,30.0,0.0
10007854,2023/24,24,80.0,0.0
10007854,2023/24,25,1085.0,35.0
10007854,2023/24,26,5.0,0.0
10007854,2024/25,02,950.0,90.0
10007854,2024/25,03,1905.0,65.0
10007854,2024/25,04,650.0,35.0
10007854,2024/25,06,95.0,0.0
10007854,2024/25,10,265.0,70.0
10007854,2024/25,11,975.0,100.0
10007854,2024/25,13,165.0,5.0
10007854,2024/25,15,745.0,165.0
10007854,2024/25,16,335.0,0.0
10007854,2024/25,17,2930.0,105.0
10007854,2024/25,19,50.0,5.0
10007854,2024/25,22,925.0,270.0
10007854,2024/25,23,40.0,0.0
10007854,2024/25,24,75.0,0.0
10007854,2024/25,25,1150.0,70.0
10007854,2024/25,26,10.0,10.0
10007855,2014/15,01,290.0,25.0
10007855,2014/15,02,1380.0,1040.0
10007855,2014/15,03,950.0,10.0
10007855,2014/15,04,530.0,110.0
10007855,2014/15,07,470.0,10.0
10007855,2014/15,09,335.0,0.0
10007855,2014/15,10,2525.0,435.0
10007855,2014/15,11,405.0,235.0
10007855,2014/15,15,1330.0,85.0
10007855,2014/15,16,835.0,25.0
10007855,2014/15,17,1385.0,5.0
10007855,2014/15,19,990.0,270.0
10007855,2014/15,20,850.0,75.0
10007855,2014/15,22,25.0,110.0
10007855,2014/15,23,10.0,510.0
10007855,2014/15,24,185.0,15.0
10007855,2014/15,26,555.0,10.0
10007855,2015/16,01,295.0,30.0
10007855,2015/16,02,1600.0,1115.0
10007855,2015/16,03,1110.0,15.0
10007855,2015/16,04,690.0,90.0
10007855,2015/16,07,465.0,10.0
10007855,2015/16,09,360.0,0.0
10007855,2015/16,10,2895.0,270.0
10007855,2015/16,11,500.0,175.0
10007855,2015/16,15,1420.0,100.0
10007855,2015/16,16,1005.0,35.0
10007855,2015/16,17,1635.0,5.0
10007855,2015/16,19,1020.0,205.0
10007855,2015/16,20,935.0,45.0
10007855,2015/16,22,30.0,45.0
10007855,2015/16,23,15.0,460.0
10007855,2015/16,24,215.0,5.0
10007855,2015/16,26,645.0,5.0
10007855,2016/17,01,295.0,30.0
10007855,2016/17,02,1710.0,1055.0
10007855,2016/17,03,1285.0,20.0
10007855,2016/17,04,785.0,30.0
10007855,2016/17,07,450.0,15.0
10007855,2016/17,09,385.0,0.0
10007855,2016/17,10,3325.0,160.0
10007855,2016/17,11,675.0,85.0
10007855,2016/17,15,1610.0,115.0
10007855,2016/17,16,1110.0,30.0
10007855,2016/17,17,1885.0,15.0
10007855,2016/17,19,1085.0,60.0
10007855,2016/17,20,960.0,30.0
10007855,2016/17,22,35.0,125.0
10007855,2016/17,23,15.0,780.0
10007855,2016/17,24,250.0,20.0
10007855,2016/17,26,730.0,10.0
10007855,2017/18,01,300.0,15.0
10007855,2017/18,02,1980.0,975.0
10007855,2017/18,03,1360.0,25.0
10007855,2017/18,04,890.0,25.0
10007855,2017/18,07,455.0,15.0
10007855,2017/18,09,390.0,0.0
10007855,2017/18,10,3485.0,290.0
10007855,2017/18,11,890.0,60.0
10007855,2017/18,15,1625.0,100.0
10007855,2017/18,16,1130.0,35.0
10007855,2017/18,17,2265.0,25.0
10007855,2017/18,19,1060.0,45.0
10007855,2017/18,20,910.0,30.0
10007855,2017/18,22,65.0,130.0
10007855,2017/18,23,10.0,790.0
10007855,2017/18,24,285.0,20.0
10007855,2017/18,26,735.0,10.0
10007855,2018/19,01,330.0,15.0
10007855,2018/19,02,2255.0,1210.0
10007855,2018/19,03,1425.0,45.0
10007855,2018/19,04,955.0,30.0
10007855,2018/19,07,470.0,15.0
10007855,2018/19,09,335.0,0.0
10007855,2018/19,10,3480.0,190.0
10007855,2018/19,11,1105.0,20.0
10007855,2018/19,15,1655.0,105.0
10007855,2018/19,16,1190.0,50.0
10007855,2018/19,17,2370.0,20.0
10007855,2018/19,19,915.0,55.0
10007855,2018/19,20,795.0,55.0
10007855,2018/19,22,95.0,95.0
10007855,2018/19,23,15.0,430.0
10007855,2018/19,24,280.0,25.0
10007855,2018/19,26,565.0,15.0
10007855,2019/20,01,420.0,85.0
10007855,2019/20,02,2365.0,335.0
10007855,2019/20,03,1410.0,45.0
10007855,2019/20,04,1015.0,30.0
10007855,2019/20,07,470.0,15.0
10007855,2019/20,09,320.0,0.0
10007855,2019/20,10,3410.0,25.0
10007855,2019/20,11,1330.0,20.0
10007855,2019/20,15,1695.0,640.0
10007855,2019/20,16,1195.0,55.0
10007855,2019/20,17,2455.0,30.0
10007855,2019/20,19,835.0,60.0
10007855,2019/20,20,670.0,55.0
10007855,2019/20,22,140.0,100.0
10007855,2019/20,23,35.0,355.0
10007855,2019/20,24,290.0,20.0
10007855,2019/20,26,455.0,5.0
10007855,2020/21,01,455.0,145.0
10007855,2020/21,02,2685.0,385.0
10007855,2020/21,03,1485.0,200.0
10007855,2020/21,04,1165.0,30.0
10007855,2020/21,07,490.0,25.0
10007855,2020/21,09,255.0,0.0
10007855,2020/21,10,3520.0,20.0
10007855,2020/21,11,1545.0,25.0
10007855,2020/21,15,1905.0,850.0
10007855,2020/21,16,1155.0,75.0
10007855,2020/21,17,2410.0,30.0
10007855,2020/21,19,705.0,70.0
10007855,2020/21,20,600.0,40.0
10007855,2020/21,22,265.0,100.0
10007855,2020/21,23,45.0,80.0
10007855,2020/21,24,310.0,10.0
10007855,2020/21,26,390.0,10.0
10007855,2021/22,01,490.0,155.0
10007855,2021/22,02,3025.0,420.0
10007855,2021/22,03,1445.0,185.0
10007855,2021/22,04,1215.0,25.0
10007855,2021/22,07,485.0,25.0
10007855,2021/22,09,230.0,0.0
10007855,2021/22,10,3305.0,25.0
10007855,2021/22,11,1710.0,45.0
10007855,2021/22,15,2105.0,840.0
10007855,2021/22,16,1190.0,80.0
10007855,2021/22,17,2595.0,55.0
10007855,2021/22,19,585.0,65.0
10007855,2021/22,20,575.0,35.0
10007855,2021/22,22,265.0,140.0
10007855,2021/22,23,40.0,170.0
10007855,2021/22,24,350.0,10.0
10007855,2021/22,26,395.0,10.0
10007855,2022/23,01,480.0,85.0
10007855,2022/23,02,3040.0,340.0
10007855,2022/23,03,1415.0,25.0
10007855,2022/23,04,1010.0,15.0
10007855,2022/23,07,420.0,20.0
10007855,2022/23,09,190.0,0.0
10007855,2022/23,10,2870.0,125.0
10007855,2022/23,11,1400.0,125.0
10007855,2022/23,15,1935.0,700.0
10007855,2022/23,16,1150.0,65.0
10007855,2022/23,17,2810.0,75.0
10007855,2022/23,19,470.0,15.0
10007855,2022/23,20,525.0,10.0
10007855,2022/23,22,280.0,140.0
10007855,2022/23,23,760.0,230.0
10007855,2022/23,24,375.0,5.0
10007855,2022/23,26,390.0,5.0
10007855,2023/24,01,625.0,120.0
10007855,2023/24,02,2990.0,405.0
10007855,2023/24,03,1495.0,30.0
10007855,2023/24,04,970.0,15.0
10007855,2023/24,07,450.0,25.0
10007855,2023/24,09,245.0,0.0
10007855,2023/24,10,2775.0,55.0
10007855,2023/24,11,1610.0,60.0
10007855,2023/24,15,1845.0,445.0
10007855,2023/24,16,1185.0,70.0
10007855,2023/24,17,3335.0,130.0
10007855,2023/24,19,490.0,45.0
10007855,2023/24,20,545.0,25.0
10007855,2023/24,22,285.0,130.0
10007855,2023/24,23,40.0,25.0
10007855,2023/24,24,335.0,10.0
10007855,2023/24,26,410.0,0.0
10007855,2024/25,01,615.0,120.0
10007855,2024/25,02,2835.0,425.0
10007855,2024/25,03,1430.0,35.0
10007855,2024/25,04,875.0,15.0
10007855,2024/25,07,440.0,25.0
10007855,2024/25,09,230.0,0.0
10007855,2024/25,10,2440.0,135.0
10007855,2024/25,11,1225.0,85.0
10007855,2024/25,13,15.0,0.0
10007855,2024/25,15,1575.0,700.0
10007855,2024/25,16,1120.0,50.0
10007855,2024/25,17,2125.0,115.0
10007855,2024/25,19,415.0,40.0
10007855,2024/25,20,540.0,20.0
10007855,2024/25,22,285.0,205.0
10007855,2024/25,23,60.0,95.0
10007855,2024/25,24,330.0,10.0
10007855,2024/25,26,365.0,0.0
10007856,2014/15,03,1070.0,50.0
10007856,2014/15,04,270.0,10.0
10007856,2014/15,06,400.0,55.0
10007856,2014/15,07,365.0,0.0
10007856,2014/15,09,225.0,5.0
10007856,2014/15,10,35.0,0.0
10007856,2014/15,11,625.0,5.0
10007856,2014/15,15,850.0,10.0
10007856,2014/15,16,310.0,45.0
10007856,2014/15,17,715.0,25.0
10007856,2014/15,19,695.0,510.0
10007856,2014/15,20,515.0,35.0
10007856,2014/15,22,305.0,925.0
10007856,2014/15,24,220.0,305.0
10007856,2014/15,25,545.0,75.0
10007856,2014/15,26,620.0,5.0
10007856,2015/16,03,1015.0,60.0
10007856,2015/16,04,290.0,10.0
10007856,2015/16,06,415.0,45.0
10007856,2015/16,07,355.0,5.0
10007856,2015/16,09,210.0,0.0
10007856,2015/16,10,35.0,0.0
10007856,2015/16,11,640.0,10.0
10007856,2015/16,15,740.0,15.0
10007856,2015/16,16,265.0,30.0
10007856,2015/16,17,540.0,20.0
10007856,2015/16,19,575.0,515.0
10007856,2015/16,20,440.0,25.0
10007856,2015/16,22,265.0,690.0
10007856,2015/16,24,190.0,275.0
10007856,2015/16,25,465.0,60.0
10007856,2015/16,26,560.0,5.0
10007856,2016/17,03,900.0,70.0
10007856,2016/17,04,340.0,10.0
10007856,2016/17,06,400.0,60.0
10007856,2016/17,07,330.0,5.0
10007856,2016/17,09,200.0,5.0
10007856,2016/17,10,40.0,5.0
10007856,2016/17,11,665.0,5.0
10007856,2016/17,15,695.0,5.0
10007856,2016/17,16,245.0,40.0
10007856,2016/17,17,490.0,20.0
10007856,2016/17,19,510.0,435.0
10007856,2016/17,20,435.0,25.0
10007856,2016/17,22,265.0,705.0
10007856,2016/17,24,175.0,325.0
10007856,2016/17,25,410.0,65.0
10007856,2016/17,26,560.0,5.0
10007856,2017/18,03,880.0,70.0
10007856,2017/18,04,360.0,10.0
10007856,2017/18,05,55.0,0.0
10007856,2017/18,06,360.0,50.0
10007856,2017/18,07,370.0,0.0
10007856,2017/18,09,175.0,5.0
10007856,2017/18,10,60.0,5.0
10007856,2017/18,11,665.0,0.0
10007856,2017/18,15,630.0,10.0
10007856,2017/18,16,335.0,30.0
10007856,2017/18,17,445.0,45.0
10007856,2017/18,19,505.0,320.0
10007856,2017/18,20,405.0,20.0
10007856,2017/18,22,265.0,615.0
10007856,2017/18,24,200.0,290.0
10007856,2017/18,25,395.0,65.0
10007856,2017/18,26,550.0,5.0
10007856,2018/19,03,790.0,60.0
10007856,2018/19,04,395.0,5.0
10007856,2018/19,05,70.0,0.0
10007856,2018/19,06,325.0,55.0
10007856,2018/19,07,360.0,10.0
10007856,2018/19,09,185.0,10.0
10007856,2018/19,10,65.0,0.0
10007856,2018/19,11,675.0,10.0
10007856,2018/19,15,570.0,15.0
10007856,2018/19,16,305.0,30.0
10007856,2018/19,17,405.0,45.0
10007856,2018/19,19,440.0,290.0
10007856,2018/19,20,375.0,25.0
10007856,2018/19,22,255.0,650.0
10007856,2018/19,24,225.0,270.0
10007856,2018/19,25,370.0,65.0
10007856,2018/19,26,495.0,10.0
10007856,2019/20,02,15.0,0.0
10007856,2019/20,03,780.0,65.0
10007856,2019/20,04,405.0,10.0
10007856,2019/20,05,65.0,0.0
10007856,2019/20,06,285.0,80.0
10007856,2019/20,07,315.0,10.0
10007856,2019/20,09,185.0,5.0
10007856,2019/20,10,70.0,20.0
10007856,2019/20,11,675.0,30.0
10007856,2019/20,15,495.0,15.0
10007856,2019/20,16,280.0,25.0
10007856,2019/20,17,350.0,20.0
10007856,2019/20,19,450.0,330.0
10007856,2019/20,20,350.0,30.0
10007856,2019/20,22,285.0,700.0
10007856,2019/20,24,160.0,235.0
10007856,2019/20,25,450.0,65.0
10007856,2019/20,26,445.0,15.0
10007856,2020/21,02,40.0,0.0
10007856,2020/21,03,765.0,75.0
10007856,2020/21,04,435.0,10.0
10007856,2020/21,06,360.0,110.0
10007856,2020/21,07,300.0,5.0
10007856,2020/21,09,165.0,5.0
10007856,2020/21,10,65.0,50.0
10007856,2020/21,11,655.0,100.0
10007856,2020/21,15,545.0,20.0
10007856,2020/21,16,235.0,25.0
10007856,2020/21,17,365.0,60.0
10007856,2020/21,19,500.0,335.0
10007856,2020/21,20,320.0,30.0
10007856,2020/21,22,315.0,765.0
10007856,2020/21,24,160.0,305.0
10007856,2020/21,25,450.0,60.0
10007856,2020/21,26,400.0,15.0
10007856,2021/22,02,60.0,0.0
10007856,2021/22,03,700.0,80.0
10007856,2021/22,04,415.0,5.0
10007856,2021/22,06,345.0,85.0
10007856,2021/22,07,260.0,5.0
10007856,2021/22,09,145.0,5.0
10007856,2021/22,10,65.0,40.0
10007856,2021/22,11,645.0,65.0
10007856,2021/22,15,615.0,10.0
10007856,2021/22,16,280.0,30.0
10007856,2021/22,17,485.0,50.0
10007856,2021/22,19,515.0,325.0
10007856,2021/22,20,310.0,30.0
10007856,2021/22,22,275.0,745.0
10007856,2021/22,24,155.0,265.0
10007856,2021/22,25,410.0,45.0
10007856,2021/22,26,380.0,15.0
10007856,2022/23,02,120.0,5.0
10007856,2022/23,03,700.0,85.0
10007856,2022/23,04,460.0,10.0
10007856,2022/23,06,355.0,135.0
10007856,2022/23,07,230.0,15.0
10007856,2022/23,09,130.0,10.0
10007856,2022/23,10,65.0,50.0
10007856,2022/23,11,600.0,80.0
10007856,2022/23,15,685.0,35.0
10007856,2022/23,16,280.0,45.0
10007856,2022/23,17,555.0,80.0
10007856,2022/23,19,565.0,310.0
10007856,2022/23,20,340.0,55.0
10007856,2022/23,22,255.0,685.0
10007856,2022/23,24,190.0,350.0
10007856,2022/23,25,455.0,65.0
10007856,2022/23,26,370.0,30.0
10007856,2023/24,02,190.0,35.0
10007856,2023/24,03,690.0,80.0
10007856,2023/24,04,475.0,15.0
10007856,2023/24,06,350.0,130.0
10007856,2023/24,07,215.0,10.0
10007856,2023/24,09,130.0,5.0
10007856,2023/24,10,65.0,25.0
10007856,2023/24,11,620.0,30.0
10007856,2023/24,15,740.0,30.0
10007856,2023/24,16,260.0,30.0
10007856,2023/24,17,555.0,40.0
10007856,2023/24,19,530.0,390.0
10007856,2023/24,20,370.0,45.0
10007856,2023/24,22,235.0,630.0
10007856,2023/24,24,185.0,310.0
10007856,2023/24,25,425.0,55.0
10007856,2023/24,26,420.0,20.0
10007856,2024/25,02,235.0,55.0
10007856,2024/25,03,760.0,95.0
10007856,2024/25,04,520.0,15.0
10007856,2024/25,05,30.0,0.0
10007856,2024/25,06,330.0,105.0
10007856,2024/25,07,230.0,5.0
10007856,2024/25,09,140.0,5.0
10007856,2024/25,10,65.0,30.0
10007856,2024/25,11,620.0,30.0
10007856,2024/25,15,760.0,30.0
10007856,2024/25,16,295.0,30.0
10007856,2024/25,17,485.0,45.0
10007856,2024/25,19,515.0,445.0
10007856,2024/25,20,400.0,45.0
10007856,2024/25,22,165.0,1050.0
10007856,2024/25,24,185.0,305.0
10007856,2024/25,25,415.0,50.0
10007856,2024/25,26,465.0,20.0
10007857,2014/15,02,650.0,320.0
10007857,2014/15,03,1535.0,60.0
10007857,2014/15,04,1125.0,240.0
10007857,2014/15,05,5.0,0.0
10007857,2014/15,06,205.0,115.0
10007857,2014/15,07,225.0,15.0
10007857,2014/15,10,195.0,10.0
10007857,2014/15,11,220.0,20.0
10007857,2014/15,15,525.0,45.0
10007857,2014/15,16,305.0,10.0
10007857,2014/15,17,1245.0,285.0
10007857,2014/15,19,720.0,80.0
10007857,2014/15,20,355.0,30.0
10007857,2014/15,22,730.0,275.0
10007857,2014/15,23,0.0,260.0
10007857,2014/15,24,160.0,5.0
10007857,2014/15,25,255.0,70.0
10007857,2014/15,26,465.0,15.0
10007857,2015/16,02,900.0,410.0
10007857,2015/16,03,1490.0,35.0
10007857,2015/16,04,1115.0,225.0
10007857,2015/16,05,15.0,0.0
10007857,2015/16,06,200.0,130.0
10007857,2015/16,07,220.0,15.0
10007857,2015/16,10,230.0,10.0
10007857,2015/16,11,235.0,10.0
10007857,2015/16,15,540.0,40.0
10007857,2015/16,16,305.0,10.0
10007857,2015/16,17,1075.0,300.0
10007857,2015/16,19,725.0,60.0
10007857,2015/16,20,375.0,35.0
10007857,2015/16,22,690.0,270.0
10007857,2015/16,23,0.0,5.0
10007857,2015/16,24,170.0,5.0
10007857,2015/16,25,240.0,45.0
10007857,2015/16,26,480.0,15.0
10007857,2016/17,01,10.0,0.0
10007857,2016/17,02,1115.0,420.0
10007857,2016/17,03,1535.0,30.0
10007857,2016/17,04,1195.0,250.0
10007857,2016/17,05,20.0,0.0
10007857,2016/17,06,195.0,145.0
10007857,2016/17,07,210.0,10.0
10007857,2016/17,10,285.0,10.0
10007857,2016/17,11,255.0,10.0
10007857,2016/17,15,580.0,45.0
10007857,2016/17,16,305.0,10.0
10007857,2016/17,17,1050.0,380.0
10007857,2016/17,19,775.0,50.0
10007857,2016/17,20,415.0,45.0
10007857,2016/17,22,635.0,255.0
10007857,2016/17,23,5.0,0.0
10007857,2016/17,24,190.0,5.0
10007857,2016/17,25,270.0,50.0
10007857,2016/17,26,490.0,15.0
10007857,2017/18,01,25.0,0.0
10007857,2017/18,02,1325.0,430.0
10007857,2017/18,03,1550.0,20.0
10007857,2017/18,04,1105.0,240.0
10007857,2017/18,05,30.0,0.0
10007857,2017/18,06,185.0,150.0
10007857,2017/18,07,185.0,5.0
10007857,2017/18,10,260.0,5.0
10007857,2017/18,11,250.0,5.0
10007857,2017/18,15,555.0,35.0
10007857,2017/18,16,305.0,15.0
10007857,2017/18,17,1100.0,325.0
10007857,2017/18,19,775.0,125.0
10007857,2017/18,20,410.0,55.0
10007857,2017/18,22,580.0,120.0
10007857,2017/18,24,175.0,5.0
10007857,2017/18,25,280.0,45.0
10007857,2017/18,26,470.0,10.0
10007857,2018/19,01,25.0,0.0
10007857,2018/19,02,1405.0,260.0
10007857,2018/19,03,1495.0,25.0
10007857,2018/19,04,1000.0,215.0
10007857,2018/19,05,25.0,5.0
10007857,2018/19,06,200.0,95.0
10007857,2018/19,07,140.0,10.0
10007857,2018/19,10,190.0,15.0
10007857,2018/19,11,275.0,10.0
10007857,2018/19,15,525.0,30.0
10007857,2018/19,16,335.0,5.0
10007857,2018/19,17,905.0,135.0
10007857,2018/19,19,735.0,110.0
10007857,2018/19,20,410.0,55.0
10007857,2018/19,22,490.0,115.0
10007857,2018/19,23,5.0,0.0
10007857,2018/19,24,155.0,5.0
10007857,2018/19,25,275.0,30.0
10007857,2018/19,26,470.0,20.0
10007857,2019/20,01,135.0,20.0
10007857,2019/20,02,1395.0,255.0
10007857,2019/20,03,1365.0,15.0
10007857,2019/20,04,915.0,170.0
10007857,2019/20,06,290.0,75.0
10007857,2019/20,07,95.0,5.0
10007857,2019/20,10,180.0,10.0
10007857,2019/20,11,315.0,10.0
10007857,2019/20,15,705.0,30.0
10007857,2019/20,16,305.0,10.0
10007857,2019/20,17,1035.0,55.0
10007857,2019/20,19,640.0,105.0
10007857,2019/20,20,380.0,35.0
10007857,2019/20,22,360.0,110.0
10007857,2019/20,24,150.0,5.0
10007857,2019/20,25,285.0,30.0
10007857,2019/20,26,445.0,10.0
10007857,2020/21,01,120.0,20.0
10007857,2020/21,02,1510.0,295.0
10007857,2020/21,03,1365.0,15.0
10007857,2020/21,04,855.0,360.0
10007857,2020/21,06,260.0,105.0
10007857,2020/21,07,30.0,0.0
10007857,2020/21,10,190.0,5.0
10007857,2020/21,11,295.0,0.0
10007857,2020/21,15,630.0,25.0
10007857,2020/21,16,380.0,45.0
10007857,2020/21,17,835.0,30.0
10007857,2020/21,19,560.0,50.0
10007857,2020/21,20,340.0,35.0
10007857,2020/21,22,410.0,80.0
10007857,2020/21,24,145.0,5.0
10007857,2020/21,25,240.0,20.0
10007857,2020/21,26,425.0,15.0
10007857,2021/22,01,135.0,10.0
10007857,2021/22,02,1465.0,405.0
10007857,2021/22,03,1470.0,20.0
10007857,2021/22,04,825.0,550.0
10007857,2021/22,06,220.0,105.0
10007857,2021/22,07,10.0,0.0
10007857,2021/22,10,220.0,0.0
10007857,2021/22,11,260.0,5.0
10007857,2021/22,15,675.0,85.0
10007857,2021/22,16,430.0,110.0
10007857,2021/22,17,1185.0,45.0
10007857,2021/22,19,505.0,80.0
10007857,2021/22,20,305.0,45.0
10007857,2021/22,22,345.0,155.0
10007857,2021/22,24,165.0,5.0
10007857,2021/22,25,210.0,15.0
10007857,2021/22,26,440.0,10.0
10007857,2022/23,01,155.0,15.0
10007857,2022/23,02,1265.0,435.0
10007857,2022/23,03,1635.0,75.0
10007857,2022/23,04,745.0,465.0
10007857,2022/23,06,195.0,100.0
10007857,2022/23,10,195.0,20.0
10007857,2022/23,11,335.0,10.0
10007857,2022/23,15,660.0,70.0
10007857,2022/23,16,435.0,70.0
10007857,2022/23,17,1730.0,35.0
10007857,2022/23,19,445.0,60.0
10007857,2022/23,20,285.0,55.0
10007857,2022/23,22,295.0,180.0
10007857,2022/23,24,145.0,20.0
10007857,2022/23,25,190.0,5.0
10007857,2022/23,26,480.0,25.0
10007857,2023/24,01,145.0,20.0
10007857,2023/24,02,1145.0,505.0
10007857,2023/24,03,1785.0,65.0
10007857,2023/24,04,755.0,470.0
10007857,2023/24,06,185.0,105.0
10007857,2023/24,10,160.0,5.0
10007857,2023/24,11,425.0,20.0
10007857,2023/24,15,550.0,95.0
10007857,2023/24,16,500.0,115.0
10007857,2023/24,17,1470.0,50.0
10007857,2023/24,19,420.0,65.0
10007857,2023/24,20,280.0,55.0
10007857,2023/24,22,385.0,200.0
10007857,2023/24,24,130.0,10.0
10007857,2023/24,25,195.0,10.0
10007857,2023/24,26,490.0,20.0
10007857,2024/25,01,215.0,40.0
10007857,2024/25,02,1080.0,520.0
10007857,2024/25,03,1860.0,60.0
10007857,2024/25,04,660.0,515.0
10007857,2024/25,06,155.0,95.0
10007857,2024/25,10,155.0,10.0
10007857,2024/25,11,395.0,20.0
10007857,2024/25,15,440.0,120.0
10007857,2024/25,16,405.0,95.0
10007857,2024/25,17,1055.0,40.0
10007857,2024/25,19,365.0,40.0
10007857,2024/25,20,235.0,40.0
10007857,2024/25,22,335.0,210.0
10007857,2024/25,24,105.0,10.0
10007857,2024/25,25,180.0,10.0
10007857,2024/25,26,470.0,15.0
10007858,2014/15,02,115.0,115.0
10007858,2014/15,03,125.0,5.0
10007858,2014/15,04,175.0,5.0
10007858,2014/15,06,40.0,120.0
10007858,2014/15,07,75.0,5.0
10007858,2014/15,09,10.0,0.0
10007858,2014/15,10,615.0,350.0
10007858,2014/15,11,380.0,65.0
10007858,2014/15,13,60.0,155.0
10007858,2014/15,15,540.0,50.0
10007858,2014/15,17,1200.0,470.0
10007858,2014/15,19,120.0,85.0
10007858,2014/15,20,390.0,230.0
10007858,2014/15,22,1815.0,565.0
10007858,2014/15,23,20.0,1025.0
10007858,2014/15,24,40.0,0.0
10007858,2014/15,25,1320.0,135.0
10007858,2014/15,26,5.0,5.0
10007858,2015/16,02,165.0,110.0
10007858,2015/16,03,300.0,10.0
10007858,2015/16,04,170.0,0.0
10007858,2015/16,05,5.0,0.0
10007858,2015/16,06,25.0,110.0
10007858,2015/16,07,50.0,5.0
10007858,2015/16,10,450.0,310.0
10007858,2015/16,11,270.0,40.0
10007858,2015/16,13,110.0,175.0
10007858,2015/16,15,650.0,335.0
10007858,2015/16,16,5.0,0.0
10007858,2015/16,17,1040.0,305.0
10007858,2015/16,19,105.0,375.0
10007858,2015/16,20,435.0,190.0
10007858,2015/16,22,1395.0,960.0
10007858,2015/16,23,0.0,155.0
10007858,2015/16,24,40.0,0.0
10007858,2015/16,25,1450.0,140.0
10007858,2015/16,26,25.0,10.0
10007858,2016/17,02,175.0,90.0
10007858,2016/17,03,230.0,5.0
10007858,2016/17,04,220.0,0.0
10007858,2016/17,05,20.0,0.0
10007858,2016/17,06,35.0,90.0
10007858,2016/17,07,55.0,5.0
10007858,2016/17,10,390.0,385.0
10007858,2016/17,11,225.0,40.0
10007858,2016/17,13,115.0,170.0
10007858,2016/17,15,670.0,200.0
10007858,2016/17,16,10.0,0.0
10007858,2016/17,17,1475.0,515.0
10007858,2016/17,19,100.0,305.0
10007858,2016/17,20,460.0,245.0
10007858,2016/17,22,1290.0,545.0
10007858,2016/17,23,0.0,125.0
10007858,2016/17,24,30.0,0.0
10007858,2016/17,25,1410.0,105.0
10007858,2016/17,26,15.0,10.0
10007858,2017/18,02,80.0,100.0
10007858,2017/18,03,255.0,10.0
10007858,2017/18,04,195.0,5.0
10007858,2017/18,05,15.0,0.0
10007858,2017/18,06,35.0,70.0
10007858,2017/18,10,385.0,315.0
10007858,2017/18,11,270.0,45.0
10007858,2017/18,13,110.0,140.0
10007858,2017/18,15,800.0,345.0
10007858,2017/18,16,10.0,0.0
10007858,2017/18,17,1010.0,445.0
10007858,2017/18,19,100.0,240.0
10007858,2017/18,20,415.0,210.0
10007858,2017/18,22,1075.0,405.0
10007858,2017/18,23,1670.0,35.0
10007858,2017/18,24,25.0,0.0
10007858,2017/18,25,1310.0,100.0
10007858,2017/18,26,25.0,15.0
10007858,2018/19,02,90.0,105.0
10007858,2018/19,03,235.0,20.0
10007858,2018/19,04,205.0,0.0
10007858,2018/19,05,25.0,0.0
10007858,2018/19,06,35.0,55.0
10007858,2018/19,10,330.0,330.0
10007858,2018/19,11,330.0,105.0
10007858,2018/19,13,90.0,120.0
10007858,2018/19,15,1040.0,380.0
10007858,2018/19,16,10.0,0.0
10007858,2018/19,17,1815.0,400.0
10007858,2018/19,19,80.0,110.0
10007858,2018/19,20,285.0,190.0
10007858,2018/19,22,985.0,355.0
10007858,2018/19,23,1820.0,130.0
10007858,2018/19,24,35.0,0.0
10007858,2018/19,25,1280.0,100.0
10007858,2018/19,26,25.0,15.0
10007858,2019/20,02,100.0,120.0
10007858,2019/20,03,225.0,30.0
10007858,2019/20,04,210.0,5.0
10007858,2019/20,05,20.0,0.0
10007858,2019/20,06,55.0,55.0
10007858,2019/20,10,305.0,400.0
10007858,2019/20,11,375.0,125.0
10007858,2019/20,13,105.0,140.0
10007858,2019/20,15,2055.0,405.0
10007858,2019/20,17,4175.0,305.0
10007858,2019/20,19,145.0,100.0
10007858,2019/20,20,255.0,180.0
10007858,2019/20,22,915.0,355.0
10007858,2019/20,23,0.0,110.0
10007858,2019/20,24,5.0,0.0
10007858,2019/20,25,1285.0,110.0
10007858,2019/20,26,20.0,15.0
10007858,2020/21,02,100.0,135.0
10007858,2020/21,03,195.0,70.0
10007858,2020/21,04,210.0,5.0
10007858,2020/21,05,10.0,0.0
10007858,2020/21,06,55.0,45.0
10007858,2020/21,10,305.0,540.0
10007858,2020/21,11,530.0,145.0
10007858,2020/21,13,115.0,140.0
10007858,2020/21,15,2840.0,380.0
10007858,2020/21,16,5.0,0.0
10007858,2020/21,17,5170.0,395.0
10007858,2020/21,19,185.0,140.0
10007858,2020/21,20,225.0,160.0
10007858,2020/21,22,1005.0,275.0
10007858,2020/21,25,1270.0,100.0
10007858,2020/21,26,20.0,15.0
10007858,2021/22,02,85.0,135.0
10007858,2021/22,03,175.0,195.0
10007858,2021/22,04,195.0,10.0
10007858,2021/22,05,5.0,0.0
10007858,2021/22,06,45.0,40.0
10007858,2021/22,10,285.0,715.0
10007858,2021/22,11,560.0,145.0
10007858,2021/22,13,100.0,145.0
10007858,2021/22,15,1575.0,435.0
10007858,2021/22,16,1175.0,40.0
10007858,2021/22,17,5260.0,435.0
10007858,2021/22,19,190.0,125.0
10007858,2021/22,20,195.0,210.0
10007858,2021/22,22,920.0,305.0
10007858,2021/22,25,1190.0,125.0
10007858,2021/22,26,20.0,10.0
10007858,2022/23,02,80.0,140.0
10007858,2022/23,03,160.0,175.0
10007858,2022/23,04,150.0,10.0
10007858,2022/23,06,25.0,30.0
10007858,2022/23,10,325.0,755.0
10007858,2022/23,11,850.0,155.0
10007858,2022/23,13,110.0,140.0
10007858,2022/23,15,1915.0,455.0
10007858,2022/23,16,1360.0,50.0
10007858,2022/23,17,6050.0,520.0
10007858,2022/23,19,190.0,110.0
10007858,2022/23,20,210.0,250.0
10007858,2022/23,22,845.0,340.0
10007858,2022/23,25,1120.0,160.0
10007858,2022/23,26,25.0,15.0
10007858,2023/24,02,80.0,120.0
10007858,2023/24,03,150.0,200.0
10007858,2023/24,04,95.0,10.0
10007858,2023/24,06,30.0,35.0
10007858,2023/24,10,225.0,645.0
10007858,2023/24,11,915.0,165.0
10007858,2023/24,13,70.0,130.0
10007858,2023/24,15,2535.0,400.0
10007858,2023/24,16,885.0,30.0
10007858,2023/24,17,5680.0,370.0
10007858,2023/24,19,150.0,80.0
10007858,2023/24,20,160.0,165.0
10007858,2023/24,22,765.0,315.0
10007858,2023/24,25,1020.0,200.0
10007858,2023/24,26,20.0,10.0
10007858,2024/25,02,75.0,115.0
10007858,2024/25,03,145.0,135.0
10007858,2024/25,04,85.0,15.0
10007858,2024/25,06,35.0,25.0
10007858,2024/25,10,255.0,535.0
10007858,2024/25,11,1115.0,175.0
10007858,2024/25,13,60.0,135.0
10007858,2024/25,15,3160.0,385.0
10007858,2024/25,16,465.0,30.0
10007858,2024/25,17,5715.0,260.0
10007858,2024/25,19,110.0,55.0
10007858,2024/25,20,135.0,120.0
10007858,2024/25,22,740.0,240.0
10007858,2024/25,25,875.0,190.0
10007858,2024/25,26,15.0,10.0
10007912,2015/16,20,35.0,50.0
10007912,2016/17,20,25.0,40.0
10007912,2017/18,20,35.0,100.0
10007912,2018/19,20,40.0,105.0
10007912,2019/20,20,40.0,105.0
10007912,2020/21,20,40.0,105.0
10007912,2021/22,20,40.0,85.0
10007912,2022/23,20,25.0,95.0
10007912,2023/24,20,20.0,95.0
10007912,2024/25,20,20.0,120.0
10007937,2014/15,11,700.0,5.0
10007937,2014/15,15,185.0,0.0
10007937,2014/15,16,330.0,0.0
10007937,2014/15,17,5935.0,60.0
10007937,2015/16,11,335.0,0.0
10007937,2015/16,15,140.0,0.0
10007937,2015/16,16,290.0,0.0
10007937,2015/16,17,6080.0,20.0
10007937,2016/17,11,240.0,0.0
10007937,2016/17,15,95.0,0.0
10007937,2016/17,16,360.0,0.0
10007937,2016/17,17,6070.0,15.0
10007937,2017/18,11,145.0,0.0
10007937,2017/18,15,75.0,0.0
10007937,2017/18,16,310.0,0.0
10007937,2017/18,17,4910.0,145.0
10007937,2017/18,22,0.0,35.0
10007937,2018/19,11,60.0,0.0
10007937,2018/19,15,50.0,0.0
10007937,2018/19,16,345.0,0.0
10007937,2018/19,17,4090.0,100.0
10007937,2018/19,22,0.0,35.0
10008010,2014/15,03,150.0,0.0
10008010,2014/15,22,805.0,595.0
10008010,2015/16,03,135.0,0.0
10008010,2015/16,17,25.0,0.0
10008010,2015/16,22,840.0,440.0
10008010,2016/17,03,130.0,0.0
10008010,2016/17,17,35.0,0.0
10008010,2016/17,22,850.0,465.0
10008010,2017/18,03,120.0,0.0
10008010,2017/18,17,35.0,0.0
10008010,2017/18,22,940.0,415.0
10008010,2017/18,23,0.0,5.0
10008010,2018/19,03,120.0,0.0
10008010,2018/19,17,30.0,0.0
10008010,2018/19,22,970.0,415.0
10008010,2019/20,03,60.0,0.0
10008010,2019/20,07,10.0,0.0
10008010,2019/20,09,10.0,0.0
10008010,2019/20,15,230.0,260.0
10008010,2019/20,17,20.0,0.0
10008010,2019/20,20,25.0,0.0
10008010,2019/20,22,480.0,95.0
10008010,2019/20,25,25.0,0.0
10008010,2020/21,03,55.0,0.0
10008010,2020/21,07,5.0,0.0
10008010,2020/21,09,5.0,0.0
10008010,2020/21,15,230.0,280.0
10008010,2020/21,17,30.0,0.0
10008010,2020/21,20,30.0,0.0
10008010,2020/21,22,510.0,145.0
10008010,2020/21,25,25.0,0.0
10008010,2021/22,03,50.0,0.0
10008010,2021/22,07,5.0,0.0
10008010,2021/22,09,5.0,0.0
10008010,2021/22,15,240.0,280.0
10008010,2021/22,17,25.0,0.0
10008010,2021/22,20,30.0,0.0
10008010,2021/22,22,525.0,150.0
10008010,2021/22,25,20.0,0.0
10008010,2022/23,03,50.0,0.0
10008010,2022/23,09,10.0,0.0
10008010,2022/23,15,215.0,270.0
10008010,2022/23,17,25.0,0.0
10008010,2022/23,20,30.0,0.0
10008010,2022/23,22,565.0,205.0
10008010,2022/23,25,20.0,0.0
10008010,2023/24,03,50.0,0.0
10008010,2023/24,09,10.0,0.0
10008010,2023/24,15,225.0,240.0
10008010,2023/24,17,30.0,0.0
10008010,2023/24,20,30.0,0.0
10008010,2023/24,22,515.0,310.0
10008010,2023/24,25,15.0,0.0
10008010,2024/25,03,65.0,0.0
10008010,2024/25,09,15.0,0.0
10008010,2024/25,15,245.0,240.0
10008010,2024/25,17,25.0,0.0
10008010,2024/25,20,30.0,0.0
10008010,2024/25,22,480.0,325.0
10008010,2024/25,25,15.0,0.0
10008017,2014/15,25,825.0,140.0
10008017,2015/16,25,850.0,135.0
10008017,2016/17,25,885.0,130.0
10008017,2017/18,25,980.0,100.0
10008017,2018/19,25,1085.0,105.0
10008017,2019/20,25,1145.0,100.0
10008017,2020/21,25,1115.0,130.0
10008017,2021/22,25,1205.0,135.0
10008017,2022/23,25,1085.0,140.0
10008017,2023/24,25,1150.0,150.0
10008017,2024/25,25,1170.0,145.0
10008026,2014/15,15,290.0,5.0
10008026,2014/15,22,580.0,280.0
10008026,2015/16,15,295.0,10.0
10008026,2015/16,22,585.0,150.0
10008026,2016/17,15,295.0,5.0
10008026,2016/17,22,580.0,110.0
10008026,2017/18,15,295.0,0.0
10008026,2017/18,22,580.0,125.0
10008026,2018/19,15,295.0,0.0
10008026,2018/19,22,590.0,160.0
10008026,2019/20,22,575.0,180.0
10008026,2019/20,23,290.0,0.0
10008026,2020/21,22,610.0,185.0
10008026,2020/21,23,290.0,0.0
10008026,2021/22,22,610.0,135.0
10008026,2021/22,23,290.0,0.0
10008026,2022/23,03,10.0,0.0
10008026,2022/23,22,580.0,135.0
10008026,2022/23,23,275.0,0.0
10008026,2023/24,03,15.0,10.0
10008026,2023/24,22,595.0,125.0
10008026,2023/24,23,270.0,5.0
10008026,2024/25,03,35.0,0.0
10008026,2024/25,22,585.0,155.0
10008026,2024/25,23,285.0,5.0
10008071,2015/16,13,470.0,0.0
10008071,2016/17,13,450.0,0.0
10008071,2017/18,13,710.0,0.0
10008071,2018/19,13,775.0,0.0
10008071,2019/20,13,830.0,0.0
10008071,2020/21,13,965.0,0.0
10008071,2021/22,13,1010.0,0.0
10008071,2022/23,13,1000.0,0.0
10008071,2023/24,13,925.0,0.0
10008071,2024/25,13,880.0,0.0
10008098,2019/20,01,5.0,0.0
10008098,2019/20,03,25.0,0.0
10008098,2019/20,07,95.0,0.0
10008098,2019/20,09,5.0,0.0
10008098,2019/20,10,245.0,15.0
10008098,2019/20,11,165.0,0.0
10008098,2019/20,15,670.0,30.0
10008098,2019/20,16,45.0,5.0
10008098,2019/20,17,940.0,115.0
10008098,2019/20,23,485.0,0.0
10008098,2019/20,24,125.0,0.0
10008098,2020/21,03,30.0,0.0
10008098,2020/21,07,20.0,5.0
10008098,2020/21,09,5.0,0.0
10008098,2020/21,10,135.0,40.0
10008098,2020/21,11,110.0,5.0
10008098,2020/21,15,470.0,100.0
10008098,2020/21,16,25.0,15.0
10008098,2020/21,17,660.0,500.0
10008098,2020/21,23,310.0,60.0
10008098,2020/21,24,65.0,5.0
10008098,2021/22,03,35.0,0.0
10008098,2021/22,07,10.0,10.0
10008098,2021/22,09,5.0,0.0
10008098,2021/22,10,175.0,40.0
10008098,2021/22,11,185.0,5.0
10008098,2021/22,15,500.0,45.0
10008098,2021/22,16,35.0,25.0
10008098,2021/22,17,1400.0,185.0
10008098,2021/22,23,325.0,5.0
10008098,2021/22,24,50.0,10.0
10008098,2022/23,03,25.0,20.0
10008098,2022/23,07,20.0,15.0
10008098,2022/23,10,135.0,60.0
10008098,2022/23,11,120.0,25.0
10008098,2022/23,15,425.0,115.0
10008098,2022/23,16,40.0,25.0
10008098,2022/23,17,480.0,295.0
10008098,2022/23,23,255.0,50.0
10008098,2022/23,24,40.0,20.0
10008098,2023/24,03,0.0,45.0
10008098,2023/24,07,35.0,10.0
10008098,2023/24,10,75.0,115.0
10008098,2023/24,11,50.0,95.0
10008098,2023/24,15,340.0,155.0
10008098,2023/24,16,40.0,35.0
10008098,2023/24,17,185.0,420.0
10008098,2023/24,23,235.0,5.0
10008098,2023/24,24,15.0,35.0
10008098,2024/25,03,0.0,45.0
10008098,2024/25,07,0.0,45.0
10008098,2024/25,10,0.0,245.0
10008098,2024/25,11,50.0,125.0
10008098,2024/25,15,15.0,285.0
10008098,2024/25,16,55.0,40.0
10008098,2024/25,17,145.0,780.0
10008098,2024/25,23,0.0,95.0
10008098,2024/25,24,0.0,20.0
10008173,2015/16,10,15.0,105.0
10008173,2015/16,13,355.0,515.0
10008173,2015/16,17,15.0,105.0
10008173,2016/17,10,15.0,130.0
10008173,2016/17,13,520.0,1080.0
10008173,2016/17,17,20.0,515.0
10008173,2017/18,10,15.0,170.0
10008173,2017/18,13,500.0,1445.0
10008173,2017/18,17,15.0,605.0
10008173,2018/19,10,20.0,185.0
10008173,2018/19,13,170.0,1730.0
10008173,2018/19,17,20.0,590.0
10008173,2019/20,13,170.0,1780.0
10008173,2019/20,17,100.0,760.0
10008173,2020/21,13,275.0,1830.0
10008173,2020/21,17,90.0,820.0
10008173,2021/22,13,445.0,1590.0
10008173,2021/22,17,240.0,730.0
10008173,2022/23,13,400.0,1645.0
10008173,2022/23,17,290.0,765.0
10008173,2023/24,13,0.0,2120.0
10008173,2023/24,17,0.0,1070.0
10008173,2024/25,13,510.0,1970.0
10008173,2024/25,17,330.0,770.0
10008229,2014/15,15,190.0,0.0
10008229,2014/15,17,215.0,185.0
10008229,2015/16,15,295.0,0.0
10008229,2015/16,17,225.0,35.0
10008229,2016/17,15,145.0,0.0
10008229,2016/17,17,105.0,0.0
10008289,2014/15,17,155.0,850.0
10008289,2014/15,22,0.0,20.0
10008289,2015/16,17,145.0,385.0
10008289,2016/17,17,110.0,175.0
10008289,2017/18,17,120.0,70.0
10008289,2018/19,17,165.0,60.0
10008289,2019/20,17,180.0,65.0
10008289,2020/21,17,210.0,60.0
10008289,2021/22,17,240.0,55.0
10008325,2015/16,25,65.0,85.0
10008325,2016/17,25,65.0,110.0
10008325,2017/18,25,75.0,120.0
10008325,2018/19,25,65.0,125.0
10008325,2019/20,25,80.0,110.0
10008325,2020/21,25,80.0,105.0
10008362,2014/15,11,135.0,0.0
10008362,2014/15,17,1405.0,0.0
10008362,2015/16,11,150.0,0.0
10008362,2015/16,17,1520.0,0.0
10008362,2016/17,11,155.0,0.0
10008362,2016/17,15,50.0,0.0
10008362,2016/17,17,1665.0,0.0
10008362,2017/18,11,130.0,0.0
10008362,2017/18,15,225.0,0.0
10008362,2017/18,17,1585.0,0.0
10008362,2018/19,11,90.0,0.0
10008362,2018/19,15,205.0,0.0
10008362,2018/19,17,1175.0,0.0
10008362,2019/20,11,35.0,0.0
10008362,2019/20,15,115.0,0.0
10008362,2019/20,17,660.0,0.0
10008362,2020/21,11,40.0,0.0
10008362,2020/21,15,80.0,0.0
10008362,2020/21,17,440.0,0.0
10008362,2021/22,11,20.0,0.0
10008362,2021/22,15,10.0,0.0
10008362,2021/22,17,185.0,0.0
10008362,2022/23,11,5.0,0.0
10008362,2022/23,15,5.0,0.0
10008362,2022/23,17,40.0,0.0
10008362,2023/24,17,5.0,0.0
10008362,2023/24,22,155.0,0.0
10008397,2014/15,15,135.0,0.0
10008397,2015/16,15,215.0,0.0
10008397,2016/17,15,240.0,0.0
10008397,2017/18,22,270.0,0.0
10008397,2018/19,22,280.0,0.0
10008397,2019/20,22,290.0,0.0
10008397,2020/21,22,275.0,0.0
10008397,2021/22,22,270.0,0.0
10008397,2022/23,22,275.0,0.0
10008397,2023/24,22,285.0,0.0
10008397,2024/25,22,320.0,0.0
10008455,2014/15,16,5.0,0.0
10008455,2014/15,17,590.0,0.0
10008455,2015/16,16,5.0,0.0
10008455,2015/16,17,890.0,0.0
10008455,2016/17,16,5.0,0.0
10008455,2016/17,17,1190.0,0.0
10008455,2017/18,17,1190.0,0.0
10008455,2018/19,17,1025.0,0.0
10008455,2019/20,17,1445.0,0.0
10008455,2020/21,11,85.0,0.0
10008455,2020/21,15,235.0,0.0
10008455,2020/21,17,2670.0,0.0
10008455,2021/22,11,215.0,0.0
10008455,2021/22,15,405.0,0.0
10008455,2021/22,17,2540.0,0.0
10008455,2022/23,11,400.0,0.0
10008455,2022/23,15,575.0,0.0
10008455,2022/23,17,3050.0,0.0
10008455,2023/24,11,555.0,0.0
10008455,2023/24,15,750.0,0.0
10008455,2023/24,17,3610.0,0.0
10008455,2024/25,11,720.0,455.0
10008455,2024/25,15,930.0,0.0
10008455,2024/25,17,7035.0,0.0
10008574,2015/16,19,5.0,0.0
10008574,2016/17,19,5.0,0.0
10008574,2017/18,19,0.0,5.0
10008640,2014/15,11,50.0,0.0
10008640,2014/15,13,20.0,0.0
10008640,2014/15,17,300.0,10.0
10008640,2014/15,19,315.0,25.0
10008640,2014/15,22,0.0,30.0
10008640,2014/15,24,480.0,40.0
10008640,2014/15,25,2910.0,95.0
10008640,2015/16,11,140.0,0.0
10008640,2015/16,13,45.0,0.0
10008640,2015/16,17,390.0,5.0
10008640,2015/16,19,330.0,20.0
10008640,2015/16,22,0.0,30.0
10008640,2015/16,24,520.0,0.0
10008640,2015/16,25,3080.0,95.0
10008640,2016/17,11,265.0,10.0
10008640,2016/17,13,65.0,0.0
10008640,2016/17,17,430.0,40.0
10008640,2016/17,19,365.0,5.0
10008640,2016/17,22,0.0,25.0
10008640,2016/17,24,610.0,0.0
10008640,2016/17,25,3455.0,115.0
10008640,2017/18,11,360.0,15.0
10008640,2017/18,13,65.0,0.0
10008640,2017/18,17,435.0,65.0
10008640,2017/18,19,340.0,35.0
10008640,2017/18,22,0.0,35.0
10008640,2017/18,24,665.0,0.0
10008640,2017/18,25,3825.0,160.0
10008640,2018/19,11,425.0,20.0
10008640,2018/19,13,55.0,0.0
10008640,2018/19,17,590.0,70.0
10008640,2018/19,19,255.0,65.0
10008640,2018/19,22,0.0,55.0
10008640,2018/19,24,690.0,0.0
10008640,2018/19,25,3955.0,245.0
10008640,2019/20,11,530.0,10.0
10008640,2019/20,13,65.0,0.0
10008640,2019/20,17,580.0,60.0
10008640,2019/20,19,190.0,100.0
10008640,2019/20,22,0.0,40.0
10008640,2019/20,23,100.0,0.0
10008640,2019/20,24,425.0,10.0
10008640,2019/20,25,3760.0,370.0
10008640,2020/21,11,595.0,75.0
10008640,2020/21,13,95.0,0.0
10008640,2020/21,17,595.0,105.0
10008640,2020/21,19,160.0,155.0
10008640,2020/21,22,0.0,65.0
10008640,2020/21,23,70.0,0.0
10008640,2020/21,24,390.0,25.0
10008640,2020/21,25,3335.0,505.0
10008640,2021/22,10,10.0,0.0
10008640,2021/22,11,675.0,110.0
10008640,2021/22,13,120.0,0.0
10008640,2021/22,17,625.0,100.0
10008640,2021/22,19,160.0,195.0
10008640,2021/22,22,0.0,90.0
10008640,2021/22,23,65.0,0.0
10008640,2021/22,24,375.0,20.0
10008640,2021/22,25,3565.0,525.0
10008640,2022/23,10,15.0,0.0
10008640,2022/23,11,800.0,105.0
10008640,2022/23,13,120.0,0.0
10008640,2022/23,17,610.0,120.0
10008640,2022/23,19,180.0,200.0
10008640,2022/23,22,0.0,110.0
10008640,2022/23,23,80.0,0.0
10008640,2022/23,24,365.0,0.0
10008640,2022/23,25,3945.0,725.0
10008640,2023/24,10,25.0,0.0
10008640,2023/24,11,905.0,135.0
10008640,2023/24,13,105.0,0.0
10008640,2023/24,17,585.0,160.0
10008640,2023/24,19,170.0,290.0
10008640,2023/24,22,0.0,105.0
10008640,2023/24,23,35.0,5.0
10008640,2023/24,24,335.0,0.0
10008640,2023/24,25,4150.0,915.0
10008640,2024/25,10,30.0,0.0
10008640,2024/25,11,890.0,145.0
10008640,2024/25,13,90.0,0.0
10008640,2024/25,17,690.0,150.0
10008640,2024/25,19,215.0,250.0
10008640,2024/25,22,0.0,55.0
10008640,2024/25,23,30.0,0.0
10008640,2024/25,24,320.0,0.0
10008640,2024/25,25,4605.0,730.0
10008816,2022/23,25,255.0,10.0
10008816,2023/24,25,250.0,10.0
10008816,2024/25,25,260.0,10.0
10008899,2020/21,04,0.0,140.0
10008899,2020/21,17,0.0,935.0
10008899,2021/22,04,0.0,145.0
10008899,2021/22,17,0.0,850.0
10008899,2022/23,04,0.0,120.0
10008899,2022/23,17,0.0,635.0
10008899,2023/24,04,0.0,85.0
10008899,2023/24,17,0.0,605.0
10008899,2024/25,04,0.0,100.0
10008899,2024/25,17,0.0,435.0
10008912,2023/24,10,10.0,60.0
10008912,2023/24,11,0.0,5.0
10008912,2023/24,13,0.0,25.0
10008912,2023/24,25,10.0,0.0
10008912,2024/25,10,0.0,35.0
10008912,2024/25,13,0.0,25.0
10008912,2024/25,25,5.0,0.0
10009285,2015/16,25,30.0,0.0
10009285,2016/17,25,35.0,0.0
10009285,2017/18,25,15.0,0.0
10009285,2018/19,25,5.0,0.0
10009292,2019/20,25,200.0,15.0
10009292,2020/21,25,165.0,20.0
10009292,2021/22,25,190.0,0.0
10009292,2022/23,25,175.0,0.0
10009292,2023/24,25,180.0,0.0
10009292,2024/25,25,190.0,5.0
10009527,2015/16,17,190.0,0.0
10009527,2015/16,25,320.0,0.0
10009527,2016/17,17,220.0,0.0
10009527,2016/17,25,325.0,0.0
10009527,2017/18,17,420.0,0.0
10009527,2017/18,25,360.0,0.0
10009527,2018/19,17,460.0,0.0
10009527,2018/19,25,365.0,0.0
10009527,2019/20,17,390.0,0.0
10009527,2019/20,24,155.0,0.0
10009527,2019/20,25,445.0,0.0
10009527,2020/21,17,415.0,0.0
10009527,2020/21,24,170.0,0.0
10009527,2020/21,25,480.0,0.0
10009527,2021/22,17,435.0,0.0
10009527,2021/22,24,175.0,0.0
10009527,2021/22,25,620.0,0.0
10009527,2022/23,17,470.0,0.0
10009527,2022/23,24,195.0,0.0
10009527,2022/23,25,695.0,0.0
10009527,2023/24,17,495.0,0.0
10009527,2023/24,24,185.0,0.0
10009527,2023/24,25,725.0,0.0
10009527,2024/25,17,495.0,0.0
10009527,2024/25,24,165.0,0.0
10009527,2024/25,25,695.0,0.0
10009612,2015/16,20,35.0,25.0
10009612,2016/17,20,40.0,35.0
10009612,2017/18,20,35.0,80.0
10009612,2018/19,20,30.0,80.0
10009612,2019/20,20,25.0,80.0
10009612,2020/21,20,20.0,70.0
10009612,2021/22,20,10.0,75.0
10009612,2022/23,20,15.0,55.0
10009612,2023/24,20,15.0,45.0
10009612,2024/25,20,20.0,55.0
10009614,2016/17,10,5.0,0.0
10009614,2016/17,11,30.0,15.0
10009614,2016/17,13,10.0,40.0
10009614,2016/17,15,5.0,0.0
10009614,2017/18,03,10.0,0.0
10009614,2017/18,10,5.0,40.0
10009614,2017/18,11,25.0,10.0
10009614,2017/18,13,5.0,25.0
10009614,2017/18,15,15.0,0.0
10009614,2018/19,03,20.0,0.0
10009614,2018/19,06,5.0,0.0
10009614,2018/19,10,0.0,50.0
10009614,2018/19,11,25.0,10.0
10009614,2018/19,13,0.0,30.0
10009614,2018/19,15,20.0,0.0
10009614,2018/19,25,10.0,0.0
10009614,2019/20,03,10.0,0.0
10009614,2019/20,06,0.0,5.0
10009614,2019/20,10,0.0,55.0
10009614,2019/20,11,25.0,5.0
10009614,2019/20,13,0.0,35.0
10009614,2019/20,15,20.0,0.0
10009614,2019/20,25,10.0,0.0
10009614,2020/21,03,5.0,0.0
10009614,2020/21,06,0.0,10.0
10009614,2020/21,10,0.0,60.0
10009614,2020/21,11,20.0,10.0
10009614,2020/21,13,5.0,40.0
10009614,2020/21,15,30.0,0.0
10009614,2020/21,25,10.0,0.0
10009614,2021/22,03,10.0,0.0
10009614,2021/22,06,0.0,5.0
10009614,2021/22,10,0.0,45.0
10009614,2021/22,11,20.0,10.0
10009614,2021/22,13,5.0,40.0
10009614,2021/22,15,30.0,0.0
10009614,2021/22,25,15.0,0.0
10009614,2022/23,03,15.0,0.0
10009614,2022/23,06,5.0,0.0
10009614,2022/23,10,0.0,45.0
10009614,2022/23,11,15.0,10.0
10009614,2022/23,13,5.0,50.0
10009614,2022/23,15,30.0,0.0
10009614,2022/23,25,10.0,0.0
10009614,2023/24,03,15.0,0.0
10009614,2023/24,06,5.0,0.0
10009614,2023/24,10,0.0,50.0
10009614,2023/24,11,15.0,10.0
10009614,2023/24,13,0.0,45.0
10009614,2023/24,15,30.0,0.0
10009614,2023/24,25,10.0,0.0
10009614,2024/25,03,5.0,0.0
10009614,2024/25,06,5.0,0.0
10009614,2024/25,10,0.0,40.0
10009614,2024/25,11,10.0,5.0
10009614,2024/25,13,5.0,35.0
10009614,2024/25,25,5.0,0.0
10010213,2014/15,11,10.0,0.0
10010213,2014/15,15,115.0,0.0
10010213,2014/15,17,135.0,0.0
10010213,2015/16,02,10.0,0.0
10010213,2015/16,11,10.0,0.0
10010213,2015/16,15,115.0,0.0
10010213,2015/16,17,185.0,0.0
10010213,2015/16,22,0.0,5.0
10010213,2016/17,02,20.0,5.0
10010213,2016/17,15,95.0,0.0
10010213,2016/17,17,195.0,0.0
10010213,2016/17,22,0.0,5.0
10010213,2017/18,02,35.0,5.0
10010213,2017/18,15,95.0,0.0
10010213,2017/18,17,240.0,0.0
10010213,2017/18,22,0.0,10.0
10010213,2018/19,02,40.0,0.0
10010213,2018/19,15,50.0,0.0
10010213,2018/19,17,145.0,0.0
10010213,2018/19,22,45.0,5.0
10010213,2019/20,02,60.0,0.0
10010213,2019/20,15,20.0,0.0
10010213,2019/20,17,45.0,0.0
10010213,2019/20,22,10.0,0.0
10010213,2020/21,02,65.0,0.0
10010213,2020/21,17,5.0,0.0
10010213,2020/21,22,5.0,0.0
10010213,2021/22,02,70.0,0.0
10010213,2021/22,17,45.0,0.0
10010213,2021/22,22,100.0,0.0
10010213,2022/23,02,60.0,0.0
10010213,2022/23,17,140.0,0.0
10010213,2022/23,22,85.0,0.0
10010213,2023/24,02,65.0,0.0
10010213,2023/24,17,215.0,0.0
10010213,2023/24,22,15.0,0.0
10010213,2024/25,02,60.0,0.0
10010213,2024/25,17,360.0,0.0
10010227,2015/16,20,120.0,35.0
10010227,2016/17,20,95.0,30.0
10010227,2017/18,20,105.0,35.0
10010227,2018/19,20,95.0,35.0
10010227,2019/20,20,100.0,40.0
10010308,2015/16,25,75.0,0.0
10010308,2016/17,25,85.0,0.0
10010308,2017/18,25,200.0,0.0
10010308,2018/19,25,235.0,0.0
10010308,2019/20,17,10.0,0.0
10010308,2019/20,25,185.0,0.0
10010308,2020/21,17,15.0,0.0
10010308,2020/21,25,115.0,0.0
10010308,2021/22,17,20.0,0.0
10010308,2021/22,25,100.0,0.0
10010308,2022/23,17,20.0,0.0
10010308,2022/23,25,115.0,0.0
10010308,2023/24,17,20.0,0.0
10010308,2023/24,25,100.0,0.0
10010308,2024/25,17,20.0,0.0
10010308,2024/25,25,95.0,0.0
10013109,2014/15,17,115.0,0.0
10013109,2015/16,17,140.0,0.0
10013109,2016/17,17,140.0,0.0
10013109,2017/18,17,135.0,0.0
10013109,2018/19,17,185.0,0.0
10013109,2019/20,17,225.0,0.0
10013109,2020/21,17,255.0,0.0
10013109,2021/22,17,200.0,0.0
10013109,2022/23,17,155.0,0.0
10013109,2023/24,17,145.0,0.0
10013109,2024/25,17,160.0,0.0
10013220,2019/20,10,5.0,0.0
10013220,2019/20,17,45.0,65.0
10013220,2019/20,19,5.0,0.0
10013220,2019/20,20,95.0,95.0
10013220,2019/20,24,0.0,10.0
10013220,2020/21,10,5.0,0.0
10013220,2020/21,17,85.0,55.0
10013220,2020/21,19,5.0,0.0
10013220,2020/21,20,150.0,65.0
10013220,2020/21,24,25.0,10.0
10013220,2021/22,17,55.0,35.0
10013220,2021/22,19,5.0,0.0
10013220,2021/22,20,85.0,40.0
10013220,2021/22,24,15.0,10.0
10013220,2022/23,17,95.0,25.0
10013220,2022/23,19,5.0,0.0
10013220,2022/23,20,135.0,65.0
10013220,2022/23,24,10.0,15.0
10013220,2023/24,17,50.0,10.0
10013220,2023/24,20,80.0,10.0
10013220,2023/24,24,15.0,5.0
10013220,2024/25,17,95.0,10.0
10013220,2024/25,20,95.0,5.0
10013220,2024/25,23,5.0,0.0
10013220,2024/25,24,40.0,5.0
10013220,2024/25,25,55.0,5.0
10013357,2014/15,25,765.0,0.0
10013357,2015/16,25,870.0,0.0
10013357,2016/17,25,1190.0,0.0
10013357,2017/18,25,1085.0,0.0
10014001,2014/15,02,1060.0,615.0
10014001,2014/15,03,235.0,15.0
10014001,2014/15,04,95.0,10.0
10014001,2014/15,06,25.0,0.0
10014001,2014/15,10,20.0,235.0
10014001,2014/15,11,130.0,115.0
10014001,2014/15,13,15.0,50.0
10014001,2014/15,15,840.0,155.0
10014001,2014/15,16,5.0,0.0
10014001,2014/15,17,375.0,140.0
10014001,2014/15,19,95.0,10.0
10014001,2014/15,20,85.0,20.0
10014001,2014/15,22,100.0,100.0
10014001,2014/15,23,0.0,20.0
10014001,2014/15,24,45.0,5.0
10014001,2014/15,25,410.0,35.0
10014001,2015/16,02,1185.0,390.0
10014001,2015/16,03,210.0,30.0
10014001,2015/16,04,110.0,10.0
10014001,2015/16,10,35.0,240.0
10014001,2015/16,11,150.0,125.0
10014001,2015/16,13,5.0,55.0
10014001,2015/16,15,880.0,155.0
10014001,2015/16,16,5.0,0.0
10014001,2015/16,17,350.0,140.0
10014001,2015/16,19,90.0,15.0
10014001,2015/16,20,90.0,15.0
10014001,2015/16,22,110.0,95.0
10014001,2015/16,23,0.0,25.0
10014001,2015/16,24,60.0,5.0
10014001,2015/16,25,395.0,45.0
10014001,2016/17,02,1290.0,345.0
10014001,2016/17,03,195.0,25.0
10014001,2016/17,04,110.0,10.0
10014001,2016/17,10,35.0,255.0
10014001,2016/17,11,175.0,150.0
10014001,2016/17,13,5.0,65.0
10014001,2016/17,15,805.0,135.0
10014001,2016/17,16,20.0,0.0
10014001,2016/17,17,390.0,180.0
10014001,2016/17,19,85.0,10.0
10014001,2016/17,20,90.0,20.0
10014001,2016/17,22,120.0,95.0
10014001,2016/17,23,0.0,15.0
10014001,2016/17,24,65.0,0.0
10014001,2016/17,25,340.0,45.0
10014001,2017/18,02,1305.0,330.0
10014001,2017/18,03,215.0,25.0
10014001,2017/18,04,130.0,10.0
10014001,2017/18,06,10.0,0.0
10014001,2017/18,10,25.0,215.0
10014001,2017/18,11,240.0,125.0
10014001,2017/18,13,5.0,60.0
10014001,2017/18,15,755.0,115.0
10014001,2017/18,16,30.0,0.0
10014001,2017/18,17,760.0,170.0
10014001,2017/18,19,95.0,10.0
10014001,2017/18,20,80.0,15.0
10014001,2017/18,22,130.0,95.0
10014001,2017/18,23,0.0,10.0
10014001,2017/18,24,65.0,0.0
10014001,2017/18,25,300.0,40.0
10014001,2018/19,02,1190.0,310.0
10014001,2018/19,03,225.0,20.0
10014001,2018/19,04,215.0,15.0
10014001,2018/19,06,25.0,5.0
10014001,2018/19,10,20.0,160.0
10014001,2018/19,11,345.0,75.0
10014001,2018/19,13,15.0,40.0
10014001,2018/19,15,770.0,75.0
10014001,2018/19,16,45.0,5.0
10014001,2018/19,17,3095.0,190.0
10014001,2018/19,19,100.0,15.0
10014001,2018/19,20,80.0,15.0
10014001,2018/19,22,140.0,125.0
10014001,2018/19,23,0.0,5.0
10014001,2018/19,24,65.0,0.0
10014001,2018/19,25,280.0,30.0
10014001,2019/20,02,1185.0,195.0
10014001,2019/20,03,260.0,20.0
10014001,2019/20,04,200.0,40.0
10014001,2019/20,06,20.0,0.0
10014001,2019/20,10,20.0,125.0
10014001,2019/20,11,365.0,65.0
10014001,2019/20,13,25.0,20.0
10014001,2019/20,15,1325.0,110.0
10014001,2019/20,16,50.0,185.0
10014001,2019/20,17,4335.0,165.0
10014001,2019/20,19,90.0,10.0
10014001,2019/20,20,70.0,15.0
10014001,2019/20,22,160.0,135.0
10014001,2019/20,23,0.0,15.0
10014001,2019/20,24,35.0,0.0
10014001,2019/20,25,310.0,15.0
10014001,2020/21,02,1250.0,235.0
10014001,2020/21,03,245.0,25.0
10014001,2020/21,04,200.0,65.0
10014001,2020/21,06,30.0,0.0
10014001,2020/21,10,10.0,85.0
10014001,2020/21,11,260.0,110.0
10014001,2020/21,13,30.0,20.0
10014001,2020/21,15,1375.0,155.0
10014001,2020/21,16,55.0,95.0
10014001,2020/21,17,7405.0,160.0
10014001,2020/21,19,100.0,15.0
10014001,2020/21,20,65.0,10.0
10014001,2020/21,22,165.0,110.0
10014001,2020/21,24,30.0,0.0
10014001,2020/21,25,290.0,25.0
10014001,2020/21,26,10.0,0.0
10014001,2021/22,01,0.0,5.0
10014001,2021/22,02,1250.0,250.0
10014001,2021/22,03,200.0,25.0
10014001,2021/22,04,205.0,60.0
10014001,2021/22,06,15.0,0.0
10014001,2021/22,07,0.0,5.0
10014001,2021/22,10,5.0,30.0
10014001,2021/22,11,175.0,120.0
10014001,2021/22,13,20.0,10.0
10014001,2021/22,15,1050.0,90.0
10014001,2021/22,16,45.0,5.0
10014001,2021/22,17,10095.0,200.0
10014001,2021/22,19,75.0,10.0
10014001,2021/22,20,70.0,15.0
10014001,2021/22,22,100.0,90.0
10014001,2021/22,23,0.0,5.0
10014001,2021/22,24,25.0,0.0
10014001,2021/22,25,225.0,25.0
10014001,2021/22,26,45.0,0.0
10014001,2022/23,01,0.0,5.0
10014001,2022/23,02,1195.0,215.0
10014001,2022/23,03,170.0,20.0
10014001,2022/23,04,115.0,25.0
10014001,2022/23,06,15.0,0.0
10014001,2022/23,07,5.0,10.0
10014001,2022/23,10,5.0,20.0
10014001,2022/23,11,270.0,30.0
10014001,2022/23,13,25.0,5.0
10014001,2022/23,15,830.0,95.0
10014001,2022/23,16,45.0,5.0
10014001,2022/23,17,9590.0,305.0
10014001,2022/23,19,60.0,20.0
10014001,2022/23,20,65.0,20.0
10014001,2022/23,22,80.0,110.0
10014001,2022/23,23,0.0,45.0
10014001,2022/23,24,20.0,0.0
10014001,2022/23,25,195.0,15.0
10014001,2022/23,26,75.0,0.0
10014001,2023/24,01,10.0,10.0
10014001,2023/24,02,1195.0,200.0
10014001,2023/24,03,160.0,20.0
10014001,2023/24,04,135.0,20.0
10014001,2023/24,06,10.0,0.0
10014001,2023/24,07,15.0,30.0
10014001,2023/24,10,0.0,25.0
10014001,2023/24,11,250.0,35.0
10014001,2023/24,13,25.0,0.0
10014001,2023/24,15,660.0,65.0
10014001,2023/24,16,45.0,5.0
10014001,2023/24,17,10140.0,280.0
10014001,2023/24,19,50.0,20.0
10014001,2023/24,20,55.0,20.0
10014001,2023/24,22,80.0,90.0
10014001,2023/24,24,5.0,0.0
10014001,2023/24,25,145.0,10.0
10014001,2023/24,26,105.0,0.0
10014001,2024/25,01,25.0,10.0
10014001,2024/25,02,1085.0,285.0
10014001,2024/25,03,165.0,115.0
10014001,2024/25,04,140.0,25.0
10014001,2024/25,06,15.0,0.0
10014001,2024/25,07,15.0,10.0
10014001,2024/25,10,15.0,20.0
10014001,2024/25,11,290.0,40.0
10014001,2024/25,13,40.0,0.0
10014001,2024/25,15,860.0,50.0
10014001,2024/25,16,55.0,5.0
10014001,2024/25,17,9600.0,245.0
10014001,2024/25,19,40.0,20.0
10014001,2024/25,20,50.0,15.0
10014001,2024/25,22,75.0,110.0
10014001,2024/25,25,140.0,15.0
10014001,2024/25,26,25.0,0.0
10015506,2014/15,03,30.0,0.0
10015506,2014/15,10,115.0,65.0
10015506,2014/15,11,35.0,0.0
10015506,2014/15,15,175.0,5.0
10015506,2014/15,16,15.0,0.0
10015506,2014/15,17,300.0,10.0
10015506,2014/15,25,50.0,0.0
10015506,2015/16,10,135.0,50.0
10015506,2015/16,11,30.0,0.0
10015506,2015/16,15,210.0,5.0
10015506,2015/16,17,275.0,10.0
10015506,2015/16,25,30.0,0.0
10015506,2016/17,10,170.0,25.0
10015506,2016/17,11,25.0,0.0
10015506,2016/17,15,200.0,0.0
10015506,2016/17,17,375.0,5.0
10015506,2016/17,25,10.0,0.0
10015506,2017/18,10,230.0,10.0
10015506,2017/18,11,20.0,0.0
10015506,2017/18,15,150.0,0.0
10015506,2017/18,17,470.0,0.0
10015506,2018/19,10,360.0,5.0
10015506,2018/19,11,20.0,0.0
10015506,2018/19,15,100.0,0.0
10015506,2018/19,17,505.0,0.0
10015506,2019/20,10,590.0,0.0
10015506,2019/20,11,35.0,0.0
10015506,2019/20,15,90.0,0.0
10015506,2019/20,17,480.0,0.0
10015506,2020/21,10,735.0,5.0
10015506,2020/21,11,55.0,0.0
10015506,2020/21,15,90.0,0.0
10015506,2020/21,17,580.0,0.0
10015506,2021/22,03,10.0,0.0
10015506,2021/22,10,605.0,0.0
10015506,2021/22,11,35.0,0.0
10015506,2021/22,15,30.0,0.0
10015506,2021/22,17,505.0,0.0
10015506,2022/23,03,15.0,0.0
10015506,2022/23,10,465.0,0.0
10015506,2022/23,11,30.0,0.0
10015506,2022/23,17,400.0,0.0
10015506,2023/24,03,20.0,0.0
10015506,2023/24,10,430.0,0.0
10015506,2023/24,11,30.0,0.0
10015506,2023/24,17,335.0,0.0
10015506,2024/25,03,10.0,0.0
10015506,2024/25,10,390.0,0.0
10015506,2024/25,11,10.0,0.0
10015506,2024/25,17,315.0,0.0
10015688,2020/21,15,95.0,0.0
10015688,2020/21,17,80.0,0.0
10015688,2020/21,25,25.0,0.0
10015688,2021/22,15,210.0,0.0
10015688,2021/22,17,140.0,0.0
10015688,2021/22,25,55.0,0.0
10015688,2022/23,15,230.0,0.0
10015688,2022/23,17,90.0,0.0
10015688,2022/23,25,30.0,0.0
10015688,2023/24,15,180.0,0.0
10015688,2023/24,16,20.0,0.0
10015688,2023/24,17,135.0,0.0
10015688,2023/24,25,15.0,0.0
10015688,2024/25,11,30.0,0.0
10015688,2024/25,15,130.0,0.0
10015688,2024/25,16,20.0,0.0
10015688,2024/25,17,225.0,0.0
10018361,2014/15,11,10.0,0.0
10018361,2014/15,15,210.0,0.0
10018361,2014/15,17,605.0,0.0
10018361,2015/16,17,195.0,0.0
10018361,2016/17,17,45.0,0.0
10019178,2015/16,25,30.0,0.0
10019178,2016/17,25,110.0,0.0
10019178,2017/18,24,10.0,0.0
10019178,2017/18,25,300.0,0.0
10019178,2018/19,24,10.0,0.0
10019178,2018/19,25,400.0,0.0
10019178,2019/20,10,105.0,0.0
10019178,2019/20,17,5.0,0.0
10019178,2019/20,24,5.0,0.0
10019178,2019/20,25,410.0,0.0
10019178,2020/21,10,135.0,0.0
10019178,2020/21,17,20.0,0.0
10019178,2020/21,24,10.0,0.0
10019178,2020/21,25,555.0,0.0
10019178,2021/22,10,455.0,0.0
10019178,2021/22,23,10.0,0.0
10019178,2021/22,25,310.0,0.0
10019178,2022/23,10,470.0,55.0
10019178,2022/23,25,320.0,30.0
10019178,2023/24,10,455.0,45.0
10019178,2023/24,25,330.0,30.0
10019178,2024/25,10,510.0,0.0
10019178,2024/25,25,345.0,0.0
10019368,2014/15,17,510.0,0.0
10019368,2018/19,17,90.0,0.0
10019368,2019/20,17,85.0,0.0
10019368,2022/23,17,95.0,0.0
10019368,2022/23,22,155.0,0.0
10019368,2023/24,17,95.0,0.0
10019368,2023/24,22,125.0,0.0
10019368,2024/25,11,20.0,0.0
10019368,2024/25,13,70.0,0.0
10019368,2024/25,17,190.0,0.0
10019746,2014/15,15,55.0,0.0
10019746,2014/15,17,55.0,0.0
10019746,2015/16,15,55.0,0.0
10019746,2015/16,17,15.0,0.0
10019746,2016/17,15,50.0,0.0
10019746,2016/17,17,20.0,0.0
10019746,2017/18,15,50.0,0.0
10019746,2017/18,17,55.0,0.0
10020038,2022/23,17,10.0,0.0
10020038,2023/24,11,30.0,0.0
10020038,2023/24,17,75.0,0.0
10020038,2024/25,11,70.0,0.0
10020038,2024/25,17,210.0,0.0
10020118,2024/25,25,5.0,0.0
10020381,2024/25,02,10.0,195.0
10020381,2024/25,04,85.0,315.0
10020381,2024/25,15,145.0,255.0
10020416,2014/15,20,100.0,10.0
10020416,2015/16,20,85.0,15.0
10020416,2016/17,20,70.0,15.0
10020416,2017/18,20,70.0,20.0
10020416,2018/19,20,55.0,30.0
10020416,2019/20,20,30.0,35.0
10020416,2020/21,20,10.0,45.0
10020416,2021/22,20,25.0,50.0
10020416,2022/23,20,40.0,40.0
10020416,2023/24,20,55.0,40.0
10020416,2024/25,20,60.0,40.0
10020439,2015/16,17,50.0,0.0
10020439,2016/17,17,90.0,0.0
10020439,2017/18,17,75.0,0.0
10020439,2018/19,17,50.0,0.0
10020439,2018/19,23,25.0,0.0
10020439,2019/20,17,65.0,0.0
10020439,2020/21,17,20.0,0.0
10021100,2014/15,20,110.0,40.0
10021100,2014/15,25,15.0,0.0
10021100,2015/16,20,90.0,35.0
10021100,2015/16,25,10.0,0.0
10021100,2016/17,20,75.0,45.0
10021100,2016/17,25,10.0,0.0
10021100,2017/18,20,105.0,130.0
10021100,2017/18,25,10.0,0.0
10021100,2018/19,20,110.0,110.0
10021100,2018/19,25,5.0,0.0
10021100,2019/20,20,115.0,85.0
10021100,2019/20,25,10.0,0.0
10021100,2020/21,20,100.0,90.0
10021100,2020/21,25,10.0,0.0
10021100,2021/22,20,75.0,80.0
10021100,2021/22,25,10.0,0.0
10021100,2022/23,20,60.0,70.0
10021100,2022/23,25,5.0,0.0
10021100,2023/24,20,70.0,60.0
10021100,2023/24,25,5.0,0.0
10021100,2024/25,20,95.0,65.0
10021100,2024/25,25,5.0,0.0
10021256,2015/16,20,50.0,5.0
10021256,2016/17,20,50.0,5.0
10021256,2017/18,20,40.0,5.0
10021256,2018/19,20,30.0,5.0
10021256,2019/20,20,35.0,5.0
10021256,2020/21,20,30.0,0.0
10021256,2021/22,20,25.0,10.0
10021256,2022/23,20,25.0,20.0
10021256,2023/24,20,15.0,35.0
10021256,2024/25,20,10.0,30.0
10021550,2023/24,03,30.0,85.0
10021550,2023/24,10,10.0,10.0
10021550,2023/24,13,65.0,40.0
10021550,2023/24,15,15.0,35.0
10021550,2023/24,26,75.0,165.0
10021550,2024/25,03,25.0,60.0
10021550,2024/25,10,5.0,15.0
10021550,2024/25,13,60.0,30.0
10021550,2024/25,15,10.0,25.0
10021550,2024/25,26,55.0,125.0
10021682,2015/16,15,0.0,40.0
10021682,2015/16,16,0.0,140.0
10021682,2015/16,17,0.0,335.0
10021682,2016/17,15,0.0,45.0
10021682,2016/17,16,0.0,200.0
10021682,2016/17,17,0.0,355.0
10021682,2017/18,02,0.0,35.0
10021682,2017/18,03,0.0,25.0
10021682,2017/18,04,0.0,40.0
10021682,2017/18,15,0.0,80.0
10021682,2017/18,16,0.0,265.0
10021682,2017/18,17,0.0,430.0
10021682,2018/19,02,0.0,45.0
10021682,2018/19,03,0.0,30.0
10021682,2018/19,04,0.0,70.0
10021682,2018/19,15,0.0,130.0
10021682,2018/19,16,0.0,290.0
10021682,2018/19,17,0.0,520.0
10021682,2018/19,22,0.0,30.0
10021682,2019/20,02,0.0,5.0
10021682,2019/20,03,0.0,30.0
10021682,2019/20,04,0.0,100.0
10021682,2019/20,15,0.0,275.0
10021682,2019/20,16,0.0,335.0
10021682,2019/20,17,0.0,525.0
10021682,2019/20,22,0.0,50.0
10021682,2020/21,02,0.0,35.0
10021682,2020/21,04,0.0,230.0
10021682,2020/21,11,0.0,30.0
10021682,2020/21,15,0.0,410.0
10021682,2020/21,16,0.0,420.0
10021682,2020/21,17,0.0,580.0
10021682,2020/21,22,0.0,50.0
10021682,2021/22,02,0.0,35.0
10021682,2021/22,04,0.0,385.0
10021682,2021/22,11,0.0,65.0
10021682,2021/22,15,0.0,280.0
10021682,2021/22,16,0.0,410.0
10021682,2021/22,17,0.0,595.0
10021682,2021/22,22,0.0,65.0
10021682,2022/23,02,0.0,50.0
10021682,2022/23,04,0.0,350.0
10021682,2022/23,11,0.0,100.0
10021682,2022/23,15,0.0,320.0
10021682,2022/23,16,0.0,415.0
10021682,2022/23,17,0.0,530.0
10021682,2022/23,22,0.0,60.0
10021682,2023/24,02,0.0,45.0
10021682,2023/24,04,0.0,365.0
10021682,2023/24,11,0.0,145.0
10021682,2023/24,15,0.0,320.0
10021682,2023/24,16,0.0,370.0
10021682,2023/24,17,0.0,470.0
10021682,2023/24,22,0.0,60.0
10021682,2024/25,02,0.0,45.0
10021682,2024/25,04,0.0,365.0
10021682,2024/25,11,0.0,220.0
10021682,2024/25,15,0.0,285.0
10021682,2024/25,16,0.0,375.0
10021682,2024/25,17,0.0,470.0
10021682,2024/25,22,0.0,50.0
10022021,2014/15,11,250.0,0.0
10022021,2014/15,17,1460.0,0.0
10022021,2015/16,11,80.0,0.0
10022021,2015/16,17,865.0,0.0
10022021,2016/17,11,20.0,0.0
10022021,2016/17,17,935.0,0.0
10022021,2017/18,15,30.0,0.0
10022021,2017/18,17,710.0,10.0
10022021,2018/19,02,15.0,0.0
10022021,2018/19,15,60.0,0.0
10022021,2018/19,17,480.0,15.0
10022021,2019/20,17,15.0,0.0
10022047,2014/15,17,120.0,0.0
10022047,2015/16,17,110.0,0.0
10022047,2015/16,22,25.0,0.0
10022047,2016/17,17,115.0,0.0
10022047,2016/17,22,30.0,0.0
10022047,2017/18,17,120.0,0.0
10022047,2017/18,22,25.0,0.0
10022047,2018/19,17,125.0,0.0
10022047,2018/19,22,25.0,0.0
10022047,2019/20,17,150.0,0.0
10022047,2019/20,22,25.0,0.0
10022047,2019/20,23,5.0,0.0
10022047,2020/21,17,145.0,0.0
10022047,2020/21,22,25.0,0.0
10022047,2020/21,23,5.0,0.0
10022047,2021/22,17,115.0,0.0
10022047,2021/22,22,55.0,0.0
10022047,2021/22,23,10.0,0.0
10022047,2022/23,17,135.0,0.0
10022047,2022/23,22,50.0,0.0
10022047,2022/23,23,10.0,0.0
10022047,2023/24,17,165.0,0.0
10022047,2023/24,22,85.0,0.0
10022047,2023/24,23,15.0,0.0
10022047,2024/25,17,270.0,0.0
10022087,2014/15,25,180.0,0.0
10022087,2015/16,25,315.0,0.0
10022087,2016/17,11,10.0,0.0
10022087,2016/17,25,370.0,0.0
10022087,2017/18,24,50.0,0.0
10022087,2017/18,25,440.0,0.0
10022087,2018/19,24,70.0,0.0
10022087,2018/19,25,415.0,0.0
10022087,2019/20,10,45.0,0.0
10022087,2019/20,11,135.0,0.0
10022087,2019/20,25,235.0,0.0
10022087,2020/21,10,45.0,0.0
10022087,2020/21,11,135.0,0.0
10022087,2020/21,25,235.0,0.0
10022087,2021/22,10,50.0,0.0
10022087,2021/22,11,125.0,0.0
10022087,2021/22,25,230.0,0.0
10022087,2022/23,10,95.0,0.0
10022087,2022/23,11,140.0,0.0
10022087,2022/23,19,10.0,0.0
10022087,2022/23,25,190.0,0.0
10022087,2023/24,10,85.0,0.0
10022087,2023/24,11,150.0,0.0
10022087,2023/24,19,10.0,0.0
10022087,2023/24,25,190.0,0.0
10022087,2024/25,10,75.0,0.0
10022087,2024/25,11,150.0,0.0
10022087,2024/25,19,10.0,0.0
10022087,2024/25,25,180.0,0.0
10022285,2014/15,15,30.0,0.0
10022285,2014/15,17,45.0,0.0
10022285,2014/15,22,55.0,0.0
10022285,2015/16,15,45.0,0.0
10022285,2015/16,17,80.0,0.0
10022285,2015/16,22,130.0,0.0
10022285,2016/17,15,40.0,0.0
10022285,2016/17,17,60.0,0.0
10022285,2016/17,22,120.0,0.0
10022285,2017/18,02,35.0,0.0
10022285,2017/18,15,15.0,0.0
10022285,2017/18,17,110.0,0.0
10022285,2017/18,22,150.0,0.0
10022285,2018/19,02,35.0,0.0
10022285,2018/19,15,20.0,0.0
10022285,2018/19,17,185.0,0.0
10022285,2018/19,22,140.0,0.0
10022285,2019/20,15,70.0,0.0
10022285,2019/20,17,305.0,0.0
10022285,2019/20,22,105.0,0.0
10022285,2020/21,15,55.0,0.0
10022285,2020/21,17,475.0,0.0
10022285,2020/21,22,120.0,0.0
10022285,2021/22,15,55.0,0.0
10022285,2021/22,17,565.0,0.0
10022285,2021/22,22,110.0,0.0
10022285,2022/23,15,120.0,0.0
10022285,2022/23,17,510.0,0.0
10022285,2022/23,22,85.0,0.0
10022285,2023/24,15,150.0,0.0
10022285,2023/24,17,555.0,0.0
10022285,2023/24,22,90.0,0.0
10022285,2024/25,15,190.0,0.0
10022285,2024/25,17,720.0,0.0
10022285,2024/25,22,50.0,0.0
10022944,2014/15,17,245.0,0.0
10022944,2015/16,17,385.0,0.0
10022944,2016/17,17,410.0,0.0
10022944,2017/18,17,395.0,0.0
10022944,2023/24,17,20.0,0.0
10022944,2023/24,22,20.0,0.0
10022944,2024/25,17,85.0,0.0
10023130,2015/16,17,190.0,0.0
10023290,2014/15,11,30.0,0.0
10023290,2014/15,15,120.0,0.0
10023290,2014/15,17,535.0,375.0
10023290,2015/16,11,15.0,0.0
10023290,2015/16,15,195.0,0.0
10023290,2015/16,17,325.0,380.0
10023290,2016/17,11,15.0,0.0
10023290,2016/17,15,230.0,0.0
10023290,2016/17,17,300.0,415.0
10023290,2017/18,11,5.0,0.0
10023290,2017/18,15,175.0,0.0
10023290,2017/18,17,335.0,95.0
10023290,2018/19,15,45.0,0.0
10023290,2018/19,17,120.0,15.0
10023434,2017/18,22,50.0,0.0
10023434,2018/19,22,50.0,0.0
10023434,2019/20,17,95.0,0.0
10023434,2019/20,22,190.0,0.0
10023434,2020/21,17,125.0,0.0
10023434,2020/21,22,260.0,0.0
10023434,2021/22,17,90.0,0.0
10023434,2021/22,22,205.0,0.0
10023434,2022/23,17,15.0,0.0
10023434,2022/23,22,90.0,0.0
10023442,2020/21,02,0.0,40.0
10023442,2021/22,02,0.0,80.0
10023442,2022/23,02,0.0,100.0
10023442,2023/24,02,0.0,105.0
10023442,2024/25,02,0.0,85.0
10023445,2015/16,02,40.0,10.0
10023445,2016/17,02,45.0,5.0
10023445,2017/18,02,45.0,15.0
10023445,2018/19,02,30.0,20.0
10023445,2019/20,02,30.0,15.0
10023445,2020/21,02,35.0,15.0
10023445,2021/22,02,20.0,10.0
10023452,2015/16,20,25.0,0.0
10023452,2016/17,20,40.0,0.0
10023452,2017/18,17,10.0,0.0
10023452,2017/18,20,55.0,5.0
10023452,2017/18,22,5.0,0.0
10023452,2018/19,17,5.0,0.0
10023452,2018/19,20,65.0,10.0
10023452,2018/19,22,5.0,0.0
10023452,2019/20,15,5.0,0.0
10023452,2019/20,19,5.0,0.0
10023452,2019/20,20,75.0,15.0
10023452,2019/20,22,5.0,0.0
10023452,2020/21,19,15.0,0.0
10023452,2020/21,20,90.0,5.0
10023452,2020/21,22,10.0,0.0
10023452,2021/22,19,15.0,0.0
10023452,2021/22,20,85.0,10.0
10023452,2021/22,22,20.0,0.0
10023452,2022/23,17,5.0,0.0
10023452,2022/23,19,5.0,0.0
10023452,2022/23,20,60.0,10.0
10023452,2022/23,22,20.0,0.0
10023452,2023/24,17,5.0,0.0
10023452,2023/24,19,5.0,0.0
10023452,2023/24,20,65.0,10.0
10023452,2023/24,22,15.0,0.0
10023452,2024/25,19,5.0,0.0
10023452,2024/25,20,75.0,5.0
10023452,2024/25,22,20.0,0.0
10023453,2015/16,02,65.0,0.0
10023453,2016/17,02,60.0,0.0
10023453,2017/18,02,65.0,0.0
10023453,2018/19,02,80.0,0.0
10023453,2019/20,02,80.0,0.0
10023453,2020/21,02,90.0,0.0
10023453,2021/22,02,0.0,130.0
10023453,2022/23,02,0.0,105.0
10023453,2023/24,02,0.0,105.0
10023453,2024/25,02,110.0,0.0
10023454,2014/15,20,195.0,0.0
10023454,2015/16,20,195.0,0.0
10023454,2016/17,20,205.0,0.0
10023454,2017/18,20,185.0,80.0
10023454,2018/19,15,20.0,0.0
10023454,2018/19,20,160.0,95.0
10023454,2019/20,15,20.0,0.0
10023454,2019/20,19,5.0,10.0
10023454,2019/20,20,145.0,90.0
10023454,2020/21,15,20.0,0.0
10023454,2020/21,19,5.0,10.0
10023454,2020/21,20,135.0,100.0
10023454,2020/21,22,0.0,5.0
10023454,2021/22,15,15.0,0.0
10023454,2021/22,19,0.0,10.0
10023454,2021/22,20,115.0,55.0
10023454,2021/22,22,0.0,5.0
10023454,2022/23,15,15.0,0.0
10023454,2022/23,19,0.0,25.0
10023454,2022/23,20,85.0,60.0
10023454,2022/23,22,0.0,5.0
10023454,2023/24,15,10.0,0.0
10023454,2023/24,19,0.0,20.0
10023454,2023/24,20,80.0,60.0
10023454,2023/24,22,0.0,5.0
10023454,2024/25,15,10.0,0.0
10023454,2024/25,19,0.0,15.0
10023454,2024/25,20,85.0,60.0
10023454,2024/25,22,0.0,5.0
10023456,2018/19,17,15.0,0.0
10023456,2018/19,20,55.0,30.0
10023456,2019/20,17,10.0,0.0
10023456,2019/20,20,50.0,25.0
10023456,2019/20,23,5.0,0.0
10023456,2020/21,17,10.0,0.0
10023456,2020/21,20,80.0,20.0
10023456,2021/22,20,45.0,20.0
10023456,2022/23,20,55.0,20.0
10023456,2023/24,20,60.0,30.0
10023456,2024/25,20,65.0,40.0
10023458,2018/19,02,0.0,230.0
10023458,2019/20,02,0.0,230.0
10023458,2020/21,02,35.0,205.0
10023458,2021/22,02,65.0,150.0
10023458,2022/23,02,100.0,140.0
10023458,2023/24,02,95.0,145.0
10023458,2024/25,02,90.0,175.0
10023464,2015/16,20,45.0,35.0
10023464,2016/17,20,75.0,40.0
10023464,2017/18,20,115.0,55.0
10023464,2018/19,20,85.0,75.0
10023464,2019/20,20,80.0,75.0
10023464,2020/21,20,95.0,70.0
10023464,2021/22,20,90.0,70.0
10023464,2022/23,20,60.0,90.0
10023464,2023/24,20,40.0,85.0
10023464,2024/25,20,30.0,75.0
10023777,2014/15,17,655.0,0.0
10023777,2015/16,17,790.0,0.0
10023777,2016/17,15,20.0,0.0
10023777,2016/17,17,1030.0,0.0
10023777,2016/17,22,120.0,0.0
10023777,2017/18,15,105.0,0.0
10023777,2017/18,17,815.0,0.0
10023777,2017/18,22,310.0,0.0
10023777,2018/19,15,140.0,0.0
10023777,2018/19,17,605.0,0.0
10023777,2018/19,22,265.0,0.0
10023777,2019/20,15,95.0,0.0
10023777,2019/20,17,570.0,5.0
10023777,2019/20,22,150.0,0.0
10023777,2020/21,15,80.0,0.0
10023777,2020/21,17,545.0,0.0
10023777,2020/21,22,195.0,0.0
10023777,2021/22,15,90.0,0.0
10023777,2021/22,17,475.0,0.0
10023777,2021/22,22,175.0,0.0
10023777,2022/23,15,110.0,0.0
10023777,2022/23,17,445.0,0.0
10023777,2022/23,22,130.0,0.0
10023777,2023/24,15,125.0,0.0
10023777,2023/24,17,745.0,0.0
10023777,2023/24,22,20.0,0.0
10023777,2024/25,11,10.0,0.0
10023777,2024/25,15,120.0,0.0
10023777,2024/25,17,940.0,0.0
10023871,2020/21,17,20.0,0.0
10023871,2021/22,17,105.0,0.0
10023871,2022/23,17,355.0,0.0
10023871,2022/23,22,85.0,0.0
10023871,2023/24,17,580.0,0.0
10023871,2023/24,22,55.0,0.0
10023871,2024/25,17,795.0,0.0
10024024,2019/20,24,75.0,0.0
10024024,2020/21,24,70.0,0.0
10024024,2021/22,24,120.0,0.0
10024024,2022/23,24,130.0,5.0
10024024,2023/24,24,145.0,5.0
10024024,2024/25,24,185.0,10.0
10024766,2023/24,20,5.0,90.0
10025197,2019/20,17,75.0,0.0
10025197,2020/21,17,130.0,0.0
10025197,2021/22,17,150.0,0.0
10025197,2022/23,17,155.0,0.0
10025197,2023/24,17,165.0,0.0
10025197,2024/25,17,155.0,0.0
10026767,2020/21,15,15.0,5.0
10026767,2020/21,19,10.0,5.0
10026767,2020/21,23,30.0,15.0
10026767,2020/21,25,25.0,15.0
10026767,2021/22,06,10.0,5.0
10026767,2021/22,15,10.0,5.0
10026767,2021/22,19,5.0,5.0
10026767,2021/22,23,25.0,15.0
10026767,2021/22,24,5.0,0.0
10026767,2021/22,25,20.0,15.0
10026767,2022/23,06,35.0,10.0
10026767,2022/23,15,20.0,5.0
10026767,2022/23,19,5.0,5.0
10026767,2022/23,23,40.0,15.0
10026767,2022/23,25,25.0,10.0
10026767,2023/24,06,25.0,0.0
10026767,2023/24,15,10.0,5.0
10026767,2023/24,19,5.0,5.0
10026767,2023/24,23,10.0,5.0
10026767,2023/24,25,20.0,0.0
10026921,2017/18,20,20.0,0.0
10026921,2018/19,20,45.0,0.0
10026921,2019/20,17,25.0,0.0
10026921,2019/20,20,45.0,0.0
10026921,2019/20,24,5.0,0.0
10026921,2020/21,02,5.0,0.0
10026921,2020/21,17,65.0,0.0
10026921,2020/21,20,115.0,0.0
10026921,2020/21,23,25.0,0.0
10026921,2020/21,24,5.0,0.0
10026921,2021/22,02,10.0,0.0
10026921,2021/22,17,85.0,0.0
10026921,2021/22,20,80.0,0.0
10026921,2021/22,22,15.0,0.0
10026921,2021/22,23,20.0,0.0
10026921,2021/22,24,5.0,0.0
10026921,2022/23,02,5.0,0.0
10026921,2022/23,17,170.0,0.0
10026921,2022/23,20,15.0,5.0
10026921,2022/23,22,50.0,0.0
10026921,2023/24,02,5.0,0.0
10026921,2023/24,17,290.0,0.0
10026921,2023/24,20,10.0,5.0
10026921,2023/24,22,35.0,0.0
10026921,2024/25,17,485.0,0.0
10026921,2024/25,20,15.0,5.0
10027603,2022/23,25,15.0,0.0
10027603,2023/24,25,45.0,0.0
10027603,2024/25,25,50.0,0.0
10028216,2014/15,17,535.0,0.0
10028216,2015/16,17,565.0,0.0
10028216,2016/17,17,565.0,0.0
10028216,2017/18,17,560.0,0.0
10028216,2018/19,17,560.0,0.0
10028216,2020/21,17,25.0,0.0
10028216,2021/22,17,15.0,0.0
10028216,2022/23,17,105.0,0.0
10028216,2022/23,22,790.0,0.0
10028216,2023/24,17,175.0,0.0
10028216,2023/24,22,390.0,0.0
10029147,2024/25,22,0.0,30.0
10029682,2015/16,19,5.0,0.0
10029682,2015/16,20,25.0,0.0
10029682,2016/17,20,20.0,0.0
10029682,2017/18,20,25.0,35.0
10029682,2018/19,16,0.0,10.0
10029682,2018/19,20,25.0,25.0
10029682,2019/20,20,40.0,50.0
10029682,2020/21,20,40.0,60.0
10029682,2021/22,20,45.0,20.0
10029682,2022/23,20,35.0,70.0
10029682,2023/24,20,40.0,80.0
10029682,2024/25,20,20.0,60.0
10029843,2017/18,22,40.0,0.0
10029843,2018/19,22,45.0,0.0
10029843,2021/22,22,10.0,0.0
10029843,2022/23,22,35.0,0.0
10029843,2023/24,22,10.0,0.0
10029843,2024/25,15,5.0,0.0
10030129,2014/15,17,1005.0,0.0
10030129,2015/16,17,830.0,0.0
10030129,2016/17,17,1055.0,0.0
10030129,2017/18,17,1045.0,0.0
10030129,2018/19,17,1025.0,0.0
10030129,2019/20,17,1140.0,0.0
10030129,2020/21,17,1460.0,0.0
10030129,2021/22,17,1630.0,0.0
10030129,2022/23,17,1650.0,0.0
10030129,2023/24,17,1770.0,0.0
10030129,2024/25,17,1875.0,0.0
10030391,2014/15,02,190.0,0.0
10030391,2014/15,15,100.0,0.0
10030391,2014/15,17,475.0,0.0
10030391,2015/16,02,235.0,0.0
10030391,2015/16,15,125.0,0.0
10030391,2015/16,17,535.0,0.0
10030391,2016/17,02,205.0,0.0
10030391,2016/17,15,110.0,0.0
10030391,2016/17,17,660.0,0.0
10030391,2017/18,02,170.0,0.0
10030391,2017/18,15,90.0,0.0
10030391,2017/18,17,645.0,0.0
10030391,2018/19,02,95.0,0.0
10030391,2018/19,15,50.0,0.0
10030391,2018/19,17,740.0,0.0
10030391,2019/20,02,10.0,0.0
10030391,2019/20,15,5.0,0.0
10030391,2019/20,17,400.0,0.0
10030391,2020/21,17,20.0,0.0
10030391,2021/22,17,245.0,0.0
10030391,2022/23,17,835.0,0.0
10030391,2023/24,17,1325.0,0.0
10030391,2024/25,15,10.0,0.0
10030391,2024/25,17,1420.0,0.0
10030408,2016/17,17,0.0,110.0
10030408,2017/18,17,0.0,130.0
10030408,2018/19,15,0.0,5.0
10030408,2018/19,17,5.0,120.0
10030408,2019/20,15,0.0,5.0
10030408,2019/20,17,0.0,105.0
10030408,2020/21,17,0.0,65.0
10030408,2021/22,17,0.0,50.0
10030408,2022/23,17,0.0,40.0
10030408,2023/24,17,0.0,30.0
10030408,2024/25,17,0.0,30.0
10030497,2023/24,17,50.0,0.0
10030497,2024/25,17,160.0,0.0
10030776,2014/15,20,180.0,85.0
10030776,2015/16,15,15.0,0.0
10030776,2015/16,20,220.0,120.0
10030776,2016/17,15,15.0,0.0
10030776,2016/17,20,235.0,145.0
10030776,2017/18,15,15.0,0.0
10030776,2017/18,20,275.0,210.0
10030776,2018/19,15,15.0,0.0
10030776,2018/19,20,315.0,230.0
10030776,2019/20,15,10.0,0.0
10030776,2019/20,20,340.0,250.0
10030776,2020/21,15,15.0,0.0
10030776,2020/21,20,355.0,235.0
10030776,2021/22,15,5.0,0.0
10030776,2021/22,20,270.0,190.0
10030776,2022/23,20,205.0,140.0
10030776,2023/24,20,170.0,125.0
10030776,2024/25,20,195.0,130.0
10031239,2024/25,11,20.0,0.0
10031239,2024/25,25,1470.0,0.0
10031982,2014/15,02,200.0,5.0
10031982,2014/15,04,95.0,0.0
10031982,2014/15,15,55.0,0.0
10031982,2014/15,16,2705.0,715.0
10031982,2014/15,17,1060.0,0.0
10031982,2015/16,02,195.0,5.0
10031982,2015/16,03,0.0,15.0
10031982,2015/16,04,95.0,0.0
10031982,2015/16,15,150.0,0.0
10031982,2015/16,16,3035.0,870.0
10031982,2015/16,17,1575.0,0.0
10031982,2016/17,01,45.0,60.0
10031982,2016/17,02,180.0,0.0
10031982,2016/17,04,95.0,0.0
10031982,2016/17,10,0.0,50.0
10031982,2016/17,15,60.0,0.0
10031982,2016/17,16,2630.0,890.0
10031982,2016/17,17,2150.0,100.0
10031982,2017/18,01,30.0,70.0
10031982,2017/18,02,345.0,50.0
10031982,2017/18,04,85.0,10.0
10031982,2017/18,06,0.0,30.0
10031982,2017/18,10,0.0,135.0
10031982,2017/18,15,15.0,0.0
10031982,2017/18,16,5195.0,1965.0
10031982,2017/18,17,1955.0,120.0
10031982,2018/19,01,40.0,50.0
10031982,2018/19,02,205.0,200.0
10031982,2018/19,04,95.0,10.0
10031982,2018/19,06,0.0,25.0
10031982,2018/19,10,5.0,235.0
10031982,2018/19,16,4430.0,2535.0
10031982,2018/19,17,1600.0,135.0
10031982,2019/20,01,30.0,50.0
10031982,2019/20,02,255.0,235.0
10031982,2019/20,04,160.0,30.0
10031982,2019/20,06,0.0,25.0
10031982,2019/20,11,0.0,260.0
10031982,2019/20,15,95.0,0.0
10031982,2019/20,16,4640.0,2820.0
10031982,2019/20,17,3405.0,70.0
10031982,2019/20,22,0.0,20.0
10031982,2019/20,23,0.0,65.0
10031982,2020/21,01,10.0,15.0
10031982,2020/21,02,300.0,400.0
10031982,2020/21,04,275.0,90.0
10031982,2020/21,06,0.0,25.0
10031982,2020/21,11,55.0,255.0
10031982,2020/21,15,130.0,0.0
10031982,2020/21,16,5475.0,2525.0
10031982,2020/21,17,5340.0,65.0
10031982,2020/21,22,0.0,20.0
10031982,2020/21,23,5.0,50.0
10031982,2021/22,02,375.0,335.0
10031982,2021/22,04,180.0,110.0
10031982,2021/22,11,110.0,360.0
10031982,2021/22,15,360.0,0.0
10031982,2021/22,16,4855.0,2170.0
10031982,2021/22,17,6935.0,20.0
10031982,2021/22,22,0.0,45.0
10031982,2021/22,23,0.0,55.0
10031982,2022/23,02,620.0,300.0
10031982,2022/23,04,50.0,45.0
10031982,2022/23,11,350.0,605.0
10031982,2022/23,15,1430.0,0.0
10031982,2022/23,16,5960.0,2535.0
10031982,2022/23,17,15535.0,20.0
10031982,2022/23,22,0.0,50.0
10031982,2022/23,23,0.0,5.0
10031982,2023/24,02,890.0,260.0
10031982,2023/24,04,20.0,30.0
10031982,2023/24,11,540.0,800.0
10031982,2023/24,15,1815.0,0.0
10031982,2023/24,16,5710.0,4225.0
10031982,2023/24,17,19270.0,90.0
10031982,2023/24,22,0.0,100.0
10031982,2024/25,02,880.0,155.0
10031982,2024/25,11,715.0,960.0
10031982,2024/25,15,1810.0,5.0
10031982,2024/25,16,5465.0,3640.0
10031982,2024/25,17,17440.0,85.0
10031982,2024/25,22,0.0,45.0
10031982,2024/25,23,290.0,0.0
10032036,2018/19,17,75.0,0.0
10032036,2019/20,17,55.0,0.0
10032036,2020/21,17,80.0,0.0
10032036,2021/22,17,60.0,0.0
10032036,2022/23,17,105.0,0.0
10032036,2023/24,17,105.0,0.0
10032036,2024/25,17,170.0,0.0
10032072,2015/16,20,80.0,80.0
10032072,2016/17,20,100.0,85.0
10032072,2017/18,20,105.0,135.0
10032072,2018/19,20,95.0,50.0
10032072,2019/20,20,105.0,40.0
10032072,2020/21,20,105.0,45.0
10032072,2021/22,20,90.0,60.0
10032072,2022/23,20,70.0,60.0
10032072,2023/24,20,60.0,50.0
10032072,2024/25,20,55.0,65.0
10032277,2017/18,02,0.0,125.0
10032277,2018/19,02,0.0,140.0
10032277,2019/20,02,0.0,155.0
10032277,2020/21,02,0.0,170.0
10032277,2021/22,02,0.0,175.0
10032277,2022/23,02,0.0,180.0
10032277,2023/24,02,0.0,165.0
10032277,2024/25,02,0.0,160.0
10032282,2015/16,20,45.0,190.0
10032282,2016/17,20,45.0,200.0
10032282,2017/18,20,55.0,300.0
10032282,2018/19,20,50.0,290.0
10032282,2019/20,20,40.0,335.0
10032282,2020/21,20,45.0,320.0
10032282,2021/22,20,35.0,305.0
10032282,2022/23,20,20.0,270.0
10032282,2023/24,20,10.0,250.0
10032282,2024/25,20,20.0,245.0
10032288,2015/16,10,5.0,0.0
10032288,2015/16,25,25.0,0.0
10032288,2016/17,10,5.0,0.0
10032288,2016/17,25,25.0,0.0
10032288,2017/18,10,5.0,0.0
10032288,2017/18,19,0.0,10.0
10032288,2017/18,20,10.0,10.0
10032288,2017/18,25,35.0,0.0
10032288,2018/19,10,5.0,0.0
10032288,2018/19,19,0.0,10.0
10032288,2018/19,20,15.0,5.0
10032288,2018/19,25,50.0,0.0
10032288,2019/20,10,5.0,0.0
10032288,2019/20,19,0.0,10.0
10032288,2019/20,20,20.0,5.0
10032288,2019/20,25,20.0,0.0
10032288,2020/21,10,5.0,0.0
10032288,2020/21,19,0.0,10.0
10032288,2020/21,20,30.0,5.0
10032288,2020/21,25,30.0,0.0
10032288,2021/22,10,10.0,0.0
10032288,2021/22,19,0.0,10.0
10032288,2021/22,20,35.0,5.0
10032288,2021/22,25,115.0,105.0
10032288,2022/23,10,5.0,0.0
10032288,2022/23,19,0.0,15.0
10032288,2022/23,20,35.0,5.0
10032288,2022/23,25,115.0,95.0
10032288,2023/24,10,10.0,0.0
10032288,2023/24,19,0.0,10.0
10032288,2023/24,20,25.0,0.0
10032288,2023/24,25,110.0,85.0
10032288,2024/25,10,10.0,0.0
10032288,2024/25,19,0.0,15.0
10032288,2024/25,20,30.0,0.0
10032288,2024/25,25,120.0,80.0
10032295,2024/25,20,25.0,105.0
10032299,2014/15,25,1200.0,0.0
10032594,2014/15,22,80.0,0.0
10032594,2015/16,22,115.0,0.0
10032594,2016/17,22,110.0,0.0
10032594,2017/18,22,115.0,0.0
10032594,2018/19,22,120.0,0.0
10032594,2019/20,22,120.0,0.0
10032594,2020/21,22,190.0,0.0
10032594,2021/22,22,140.0,0.0
10032594,2022/23,22,145.0,0.0
10032594,2023/24,22,155.0,0.0
10032594,2024/25,17,120.0,0.0
10033187,2014/15,17,585.0,0.0
10033187,2015/16,17,585.0,0.0
10033187,2016/17,17,615.0,0.0
10033187,2017/18,17,725.0,0.0
10033187,2018/19,15,35.0,0.0
10033187,2018/19,17,850.0,0.0
10033187,2019/20,15,15.0,0.0
10033187,2019/20,17,380.0,0.0
10033187,2020/21,17,30.0,0.0
10034324,2015/16,25,30.0,0.0
10034324,2016/17,25,40.0,0.0
10034324,2017/18,25,45.0,0.0
10034324,2018/19,25,40.0,0.0
10034324,2019/20,25,45.0,0.0
10034324,2020/21,25,40.0,0.0
10034324,2021/22,25,35.0,0.0
10034324,2022/23,25,40.0,0.0
10034324,2023/24,25,35.0,0.0
10034324,2024/25,25,30.0,0.0
10034449,2018/19,25,1180.0,0.0
10034449,2019/20,25,1300.0,0.0
10034449,2020/21,25,1530.0,0.0
10034449,2021/22,25,1540.0,0.0
10034449,2022/23,25,1455.0,0.0
10034449,2023/24,25,1385.0,0.0
10034449,2024/25,25,1300.0,0.0
10034450,2023/24,10,15.0,20.0
10034450,2023/24,11,0.0,15.0
10034450,2023/24,17,5.0,0.0
10034450,2023/24,25,10.0,0.0
10034450,2024/25,10,5.0,25.0
10034450,2024/25,11,0.0,15.0
10034450,2024/25,25,5.0,0.0
10035638,2014/15,19,225.0,0.0
10035638,2014/15,25,500.0,0.0
10035638,2015/16,19,210.0,0.0
10035638,2015/16,25,485.0,0.0
10035638,2016/17,19,205.0,0.0
10035638,2016/17,25,630.0,0.0
10035638,2017/18,19,170.0,0.0
10035638,2017/18,25,755.0,10.0
10035638,2018/19,25,965.0,30.0
10035638,2019/20,25,995.0,40.0
10035638,2020/21,25,1030.0,50.0
10035638,2021/22,10,25.0,0.0
10035638,2021/22,17,30.0,0.0
10035638,2021/22,23,30.0,0.0
10035638,2021/22,25,935.0,55.0
10035638,2022/23,10,40.0,0.0
10035638,2022/23,17,65.0,10.0
10035638,2022/23,23,20.0,10.0
10035638,2022/23,24,15.0,0.0
10035638,2022/23,25,990.0,35.0
10035638,2023/24,10,180.0,55.0
10035638,2023/24,11,105.0,70.0
10035638,2023/24,17,55.0,10.0
10035638,2023/24,23,15.0,10.0
10035638,2023/24,24,45.0,5.0
10035638,2023/24,25,1180.0,115.0
10035638,2024/25,10,275.0,0.0
10035638,2024/25,11,235.0,0.0
10035638,2024/25,17,85.0,5.0
10035638,2024/25,23,30.0,5.0
10035638,2024/25,24,130.0,10.0
10035638,2024/25,25,1430.0,40.0
10036456,2021/22,11,20.0,0.0
10036456,2021/22,25,170.0,0.0
10036456,2022/23,11,15.0,0.0
10036456,2022/23,25,150.0,5.0
10036456,2023/24,11,20.0,5.0
10036456,2023/24,25,140.0,10.0
10036456,2024/25,24,25.0,0.0
10036456,2024/25,25,150.0,10.0
10037449,2014/15,02,155.0,30.0
10037449,2014/15,03,705.0,90.0
10037449,2014/15,15,120.0,40.0
10037449,2014/15,17,20.0,60.0
10037449,2014/15,19,65.0,10.0
10037449,2014/15,22,715.0,225.0
10037449,2014/15,24,75.0,0.0
10037449,2014/15,25,115.0,0.0
10037449,2015/16,02,160.0,30.0
10037449,2015/16,03,685.0,55.0
10037449,2015/16,15,105.0,15.0
10037449,2015/16,17,65.0,45.0
10037449,2015/16,19,70.0,5.0
10037449,2015/16,22,680.0,130.0
10037449,2015/16,24,85.0,0.0
10037449,2015/16,25,225.0,0.0
10037449,2016/17,02,175.0,40.0
10037449,2016/17,03,630.0,45.0
10037449,2016/17,04,15.0,0.0
10037449,2016/17,15,90.0,15.0
10037449,2016/17,17,45.0,65.0
10037449,2016/17,19,55.0,5.0
10037449,2016/17,20,10.0,5.0
10037449,2016/17,22,585.0,205.0
10037449,2016/17,24,90.0,0.0
10037449,2016/17,25,330.0,0.0
10037449,2017/18,02,165.0,40.0
10037449,2017/18,03,585.0,55.0
10037449,2017/18,04,40.0,0.0
10037449,2017/18,07,25.0,0.0
10037449,2017/18,15,95.0,25.0
10037449,2017/18,17,25.0,80.0
10037449,2017/18,19,30.0,5.0
10037449,2017/18,20,10.0,5.0
10037449,2017/18,22,640.0,140.0
10037449,2017/18,24,155.0,0.0
10037449,2017/18,25,505.0,0.0
10037449,2018/19,02,135.0,50.0
10037449,2018/19,03,555.0,55.0
10037449,2018/19,04,100.0,5.0
10037449,2018/19,07,25.0,0.0
10037449,2018/19,15,100.0,25.0
10037449,2018/19,17,95.0,30.0
10037449,2018/19,19,60.0,5.0
10037449,2018/19,20,10.0,5.0
10037449,2018/19,22,595.0,145.0
10037449,2018/19,24,220.0,0.0
10037449,2018/19,25,540.0,5.0
10037449,2019/20,02,150.0,50.0
10037449,2019/20,03,550.0,50.0
10037449,2019/20,04,125.0,5.0
10037449,2019/20,07,40.0,0.0
10037449,2019/20,15,120.0,30.0
10037449,2019/20,17,15.0,10.0
10037449,2019/20,19,15.0,10.0
10037449,2019/20,20,5.0,10.0
10037449,2019/20,22,615.0,150.0
10037449,2019/20,23,10.0,25.0
10037449,2019/20,24,220.0,0.0
10037449,2019/20,25,535.0,5.0
10037449,2020/21,02,245.0,25.0
10037449,2020/21,03,455.0,45.0
10037449,2020/21,04,80.0,15.0
10037449,2020/21,07,45.0,0.0
10037449,2020/21,10,10.0,15.0
10037449,2020/21,11,15.0,0.0
10037449,2020/21,15,185.0,65.0
10037449,2020/21,17,15.0,5.0
10037449,2020/21,19,25.0,10.0
10037449,2020/21,20,10.0,15.0
10037449,2020/21,22,790.0,230.0
10037449,2020/21,23,30.0,25.0
10037449,2020/21,24,175.0,0.0
10037449,2020/21,25,530.0,5.0
10037449,2021/22,02,305.0,45.0
10037449,2021/22,03,350.0,35.0
10037449,2021/22,04,120.0,20.0
10037449,2021/22,07,45.0,0.0
10037449,2021/22,10,10.0,20.0
10037449,2021/22,11,5.0,0.0
10037449,2021/22,15,140.0,65.0
10037449,2021/22,17,15.0,15.0
10037449,2021/22,19,20.0,5.0
10037449,2021/22,22,755.0,205.0
10037449,2021/22,23,25.0,20.0
10037449,2021/22,24,80.0,0.0
10037449,2021/22,25,575.0,15.0
10037449,2022/23,02,345.0,50.0
10037449,2022/23,03,375.0,25.0
10037449,2022/23,04,120.0,25.0
10037449,2022/23,07,45.0,0.0
10037449,2022/23,10,0.0,5.0
10037449,2022/23,15,140.0,55.0
10037449,2022/23,17,20.0,10.0
10037449,2022/23,19,20.0,5.0
10037449,2022/23,22,695.0,170.0
10037449,2022/23,23,100.0,10.0
10037449,2022/23,24,95.0,0.0
10037449,2022/23,25,355.0,5.0
10037449,2023/24,02,440.0,60.0
10037449,2023/24,03,360.0,25.0
10037449,2023/24,04,100.0,25.0
10037449,2023/24,07,45.0,0.0
10037449,2023/24,15,150.0,50.0
10037449,2023/24,17,35.0,10.0
10037449,2023/24,19,15.0,10.0
10037449,2023/24,22,685.0,150.0
10037449,2023/24,23,255.0,5.0
10037449,2023/24,24,85.0,0.0
10037449,2023/24,25,315.0,25.0
10037449,2024/25,02,440.0,65.0
10037449,2024/25,03,385.0,25.0
10037449,2024/25,04,110.0,30.0
10037449,2024/25,07,30.0,5.0
10037449,2024/25,09,5.0,0.0
10037449,2024/25,15,155.0,35.0
10037449,2024/25,17,2040.0,40.0
10037449,2024/25,19,15.0,5.0
10037449,2024/25,22,560.0,200.0
10037449,2024/25,23,320.0,5.0
10037449,2024/25,24,95.0,0.0
10037449,2024/25,25,265.0,25.0
10037544,2014/15,25,2225.0,0.0
10037544,2015/16,17,200.0,0.0
10037544,2015/16,24,35.0,0.0
10037544,2015/16,25,4130.0,0.0
10037544,2016/17,17,255.0,0.0
10037544,2016/17,24,100.0,0.0
10037544,2016/17,25,4640.0,0.0
10037544,2017/18,17,305.0,0.0
10037544,2017/18,24,160.0,0.0
10037544,2017/18,25,4810.0,0.0
10037544,2018/19,17,315.0,0.0
10037544,2018/19,24,195.0,0.0
10037544,2018/19,25,4610.0,0.0
10037544,2019/20,17,320.0,0.0
10037544,2019/20,24,170.0,0.0
10037544,2019/20,25,4685.0,115.0
10037544,2020/21,10,120.0,0.0
10037544,2020/21,17,435.0,0.0
10037544,2020/21,22,10.0,45.0
10037544,2020/21,24,20.0,0.0
10037544,2020/21,25,5500.0,110.0
10037544,2021/22,10,210.0,0.0
10037544,2021/22,17,410.0,0.0
10037544,2021/22,22,5.0,40.0
10037544,2021/22,24,35.0,0.0
10037544,2021/22,25,6250.0,95.0
10037544,2022/23,10,640.0,0.0
10037544,2022/23,17,325.0,0.0
10037544,2022/23,22,10.0,55.0
10037544,2022/23,24,115.0,0.0
10037544,2022/23,25,5875.0,40.0
10037544,2023/24,10,605.0,0.0
10037544,2023/24,17,280.0,0.0
10037544,2023/24,22,5.0,120.0
10037544,2023/24,24,100.0,0.0
10037544,2023/24,25,5965.0,35.0
10037544,2024/25,10,540.0,0.0
10037544,2024/25,11,15.0,0.0
10037544,2024/25,17,275.0,0.0
10037544,2024/25,22,25.0,90.0
10037544,2024/25,24,100.0,0.0
10037544,2024/25,25,5335.0,60.0
10037822,2014/15,03,95.0,0.0
10037822,2015/16,03,95.0,0.0
10037822,2016/17,03,85.0,5.0
10037822,2017/18,03,75.0,0.0
10037822,2018/19,03,30.0,0.0
10038763,2014/15,20,150.0,0.0
10038763,2015/16,20,175.0,0.0
10038763,2016/17,20,175.0,0.0
10038763,2017/18,20,140.0,45.0
10038763,2018/19,20,145.0,40.0
10038763,2019/20,20,90.0,30.0
10038763,2020/21,20,60.0,25.0
10038763,2021/22,20,25.0,20.0
10038772,2020/21,25,30.0,0.0
10038772,2021/22,17,205.0,0.0
10038772,2022/23,17,780.0,0.0
10038772,2023/24,17,1255.0,0.0
10039082,2015/16,20,20.0,0.0
10039082,2015/16,25,90.0,0.0
10039082,2016/17,20,20.0,0.0
10039082,2016/17,25,90.0,0.0
10039082,2017/18,20,20.0,0.0
10039082,2017/18,25,100.0,15.0
10039082,2018/19,20,20.0,5.0
10039082,2018/19,25,195.0,20.0
10039082,2019/20,20,25.0,5.0
10039082,2019/20,25,185.0,25.0
10039082,2020/21,20,35.0,5.0
10039082,2020/21,25,190.0,30.0
10039082,2021/22,20,40.0,5.0
10039082,2021/22,25,205.0,25.0
10039082,2022/23,20,45.0,5.0
10039082,2022/23,25,225.0,15.0
10039082,2023/24,20,45.0,0.0
10039082,2023/24,25,195.0,30.0
10039082,2024/25,20,50.0,0.0
10039082,2024/25,25,210.0,40.0
10039956,2014/15,16,485.0,0.0
10039956,2015/16,16,665.0,20.0
10039956,2016/17,16,2850.0,1975.0
10039956,2016/17,17,55.0,20.0
10039956,2017/18,16,4735.0,3445.0
10039956,2017/18,17,170.0,0.0
10039956,2018/19,15,20.0,0.0
10039956,2018/19,16,5640.0,3340.0
10039956,2018/19,17,100.0,20.0
10039956,2019/20,15,65.0,15.0
10039956,2019/20,16,6455.0,3760.0
10039956,2019/20,17,145.0,30.0
10039956,2019/20,20,5.0,5.0
10039956,2019/20,22,0.0,15.0
10039956,2020/21,11,30.0,10.0
10039956,2020/21,15,125.0,5.0
10039956,2020/21,16,8895.0,4115.0
10039956,2020/21,17,290.0,65.0
10039956,2020/21,20,15.0,10.0
10039956,2020/21,22,0.0,30.0
10039956,2021/22,11,100.0,20.0
10039956,2021/22,15,210.0,5.0
10039956,2021/22,16,9050.0,5005.0
10039956,2021/22,17,655.0,85.0
10039956,2021/22,20,10.0,15.0
10039956,2021/22,22,0.0,80.0
10039956,2021/22,24,5.0,0.0
10039956,2022/23,04,0.0,65.0
10039956,2022/23,11,305.0,55.0
10039956,2022/23,15,260.0,15.0
10039956,2022/23,16,7505.0,6520.0
10039956,2022/23,17,1220.0,195.0
10039956,2022/23,20,5.0,15.0
10039956,2022/23,22,0.0,130.0
10039956,2022/23,23,10.0,0.0
10039956,2022/23,26,0.0,5.0
10039956,2023/24,04,55.0,140.0
10039956,2023/24,11,475.0,65.0
10039956,2023/24,15,325.0,15.0
10039956,2023/24,16,8770.0,6530.0
10039956,2023/24,17,1590.0,180.0
10039956,2023/24,20,10.0,15.0
10039956,2023/24,22,0.0,115.0
10039956,2023/24,26,0.0,5.0
10039956,2024/25,04,100.0,50.0
10039956,2024/25,11,715.0,30.0
10039956,2024/25,15,285.0,0.0
10039956,2024/25,16,10800.0,5230.0
10039956,2024/25,17,2295.0,75.0
10039956,2024/25,20,20.0,10.0
10039956,2024/25,22,0.0,110.0
10039956,2024/25,26,0.0,5.0
10040812,2014/15,03,15.0,5.0
10040812,2014/15,05,200.0,375.0
10040812,2014/15,06,1745.0,2210.0
10040812,2014/15,10,280.0,5.0
10040812,2014/15,17,125.0,5.0
10040812,2014/15,22,0.0,15.0
10040812,2014/15,26,0.0,70.0
10040812,2015/16,03,15.0,15.0
10040812,2015/16,05,220.0,280.0
10040812,2015/16,06,1850.0,2680.0
10040812,2015/16,10,270.0,15.0
10040812,2015/16,16,0.0,5.0
10040812,2015/16,17,105.0,10.0
10040812,2015/16,22,0.0,10.0
10040812,2015/16,26,0.0,110.0
10040812,2016/17,02,10.0,0.0
10040812,2016/17,03,20.0,20.0
10040812,2016/17,05,255.0,190.0
10040812,2016/17,06,1840.0,2545.0
10040812,2016/17,10,275.0,15.0
10040812,2016/17,16,0.0,5.0
10040812,2016/17,17,130.0,5.0
10040812,2016/17,22,0.0,15.0
10040812,2016/17,26,10.0,85.0
10040812,2017/18,02,20.0,0.0
10040812,2017/18,03,25.0,15.0
10040812,2017/18,05,270.0,255.0
10040812,2017/18,06,1740.0,2475.0
10040812,2017/18,10,250.0,15.0
10040812,2017/18,17,110.0,5.0
10040812,2017/18,22,0.0,10.0
10040812,2017/18,26,15.0,105.0
10040812,2018/19,02,25.0,0.0
10040812,2018/19,03,50.0,30.0
10040812,2018/19,05,315.0,350.0
10040812,2018/19,06,1710.0,2385.0
10040812,2018/19,10,265.0,10.0
10040812,2018/19,17,130.0,5.0
10040812,2018/19,22,0.0,5.0
10040812,2018/19,26,20.0,80.0
10040812,2019/20,03,160.0,35.0
10040812,2019/20,05,130.0,15.0
10040812,2019/20,06,1800.0,2115.0
10040812,2019/20,10,190.0,10.0
10040812,2019/20,11,40.0,0.0
10040812,2019/20,13,35.0,15.0
10040812,2019/20,17,55.0,25.0
10040812,2019/20,22,0.0,5.0
10040812,2019/20,26,50.0,0.0
10040812,2020/21,03,180.0,55.0
10040812,2020/21,05,220.0,20.0
10040812,2020/21,06,1815.0,2535.0
10040812,2020/21,10,100.0,10.0
10040812,2020/21,11,35.0,0.0
10040812,2020/21,13,35.0,15.0
10040812,2020/21,17,55.0,25.0
10040812,2020/21,26,45.0,0.0
10040812,2021/22,03,200.0,35.0
10040812,2021/22,05,315.0,30.0
10040812,2021/22,06,1800.0,2610.0
10040812,2021/22,10,70.0,15.0
10040812,2021/22,11,25.0,0.0
10040812,2021/22,13,30.0,5.0
10040812,2021/22,17,55.0,30.0
10040812,2021/22,22,0.0,25.0
10040812,2021/22,26,35.0,0.0
10040812,2022/23,03,100.0,30.0
10040812,2022/23,05,395.0,70.0
10040812,2022/23,06,1875.0,2375.0
10040812,2022/23,10,60.0,20.0
10040812,2022/23,11,20.0,0.0
10040812,2022/23,13,0.0,10.0
10040812,2022/23,17,35.0,30.0
10040812,2022/23,22,0.0,15.0
10040812,2022/23,26,25.0,5.0
10040812,2023/24,03,95.0,25.0
10040812,2023/24,05,445.0,65.0
10040812,2023/24,06,1840.0,2625.0
10040812,2023/24,10,50.0,10.0
10040812,2023/24,11,15.0,0.0
10040812,2023/24,13,0.0,10.0
10040812,2023/24,17,60.0,35.0
10040812,2023/24,22,0.0,25.0
10040812,2023/24,26,15.0,45.0
10040812,2024/25,03,85.0,25.0
10040812,2024/25,05,520.0,60.0
10040812,2024/25,06,1840.0,2525.0
10040812,2024/25,10,45.0,5.0
10040812,2024/25,11,10.0,0.0
10040812,2024/25,13,0.0,15.0
10040812,2024/25,17,75.0,40.0
10040812,2024/25,22,0.0,20.0
10040812,2024/25,26,10.0,10.0
10041295,2023/24,10,10.0,0.0
10041295,2023/24,11,5.0,0.0
10041295,2023/24,13,10.0,0.0
10041295,2024/25,06,10.0,0.0
10041295,2024/25,10,10.0,0.0
10041295,2024/25,11,5.0,0.0
10041295,2024/25,13,15.0,0.0
10041898,2015/16,17,50.0,0.0
10041898,2016/17,17,50.0,0.0
10041898,2017/18,17,50.0,0.0
10041898,2018/19,17,50.0,0.0
10041898,2019/20,17,105.0,0.0
10041898,2020/21,17,170.0,0.0
10041898,2021/22,17,430.0,0.0
10041898,2022/23,17,630.0,0.0
10041898,2023/24,17,820.0,0.0
10041898,2024/25,17,985.0,0.0
10041974,2015/16,22,50.0,5.0
10041974,2016/17,22,20.0,20.0
10041974,2017/18,22,30.0,25.0
10042194,2014/15,16,145.0,0.0
10042194,2014/15,17,275.0,0.0
10042500,2019/20,15,765.0,0.0
10042500,2020/21,15,120.0,0.0
10042500,2020/21,17,1520.0,0.0
10042500,2021/22,13,20.0,0.0
10042500,2021/22,15,360.0,0.0
10042500,2021/22,17,1180.0,0.0
10042500,2021/22,22,215.0,0.0
10042500,2021/22,24,115.0,0.0
10042500,2022/23,13,60.0,0.0
10042500,2022/23,15,420.0,0.0
10042500,2022/23,17,905.0,0.0
10042500,2022/23,22,440.0,0.0
10042500,2022/23,24,365.0,0.0
10042500,2023/24,13,140.0,0.0
10042500,2023/24,15,325.0,0.0
10042500,2023/24,17,610.0,0.0
10042500,2023/24,22,135.0,0.0
10042500,2023/24,24,580.0,0.0
10042500,2024/25,13,235.0,0.0
10042500,2024/25,15,425.0,0.0
10042500,2024/25,17,495.0,0.0
10042500,2024/25,24,700.0,0.0
10042570,2014/15,17,130.0,20.0
10042570,2015/16,16,5.0,0.0
10042570,2015/16,17,200.0,30.0
10042570,2016/17,11,80.0,0.0
10042570,2016/17,16,20.0,0.0
10042570,2016/17,17,285.0,30.0
10042570,2017/18,11,205.0,0.0
10042570,2017/18,16,40.0,0.0
10042570,2017/18,17,525.0,25.0
10042570,2017/18,25,25.0,0.0
10042570,2018/19,11,360.0,0.0
10042570,2018/19,16,50.0,0.0
10042570,2018/19,17,685.0,30.0
10042570,2019/20,11,400.0,0.0
10042570,2019/20,16,60.0,0.0
10042570,2019/20,17,760.0,60.0
10042570,2019/20,23,15.0,0.0
10042570,2020/21,11,475.0,0.0
10042570,2020/21,16,60.0,0.0
10042570,2020/21,17,670.0,175.0
10042570,2020/21,23,15.0,0.0
10042570,2021/22,11,460.0,0.0
10042570,2021/22,16,50.0,0.0
10042570,2021/22,17,415.0,0.0
10042570,2021/22,23,20.0,0.0
10042570,2022/23,11,465.0,0.0
10042570,2022/23,16,30.0,0.0
10042570,2022/23,17,195.0,0.0
10042570,2022/23,23,10.0,0.0
10042570,2023/24,11,570.0,0.0
10042570,2023/24,16,10.0,0.0
10042570,2023/24,17,80.0,0.0
10042570,2023/24,23,5.0,0.0
10042570,2024/25,11,855.0,0.0
10042679,2022/23,17,20.0,5.0
10042679,2023/24,11,5.0,0.0
10042679,2023/24,17,10.0,0.0
10042679,2024/25,11,5.0,0.0
10042679,2024/25,17,45.0,0.0
10042737,2023/24,17,75.0,0.0
10042737,2024/25,17,170.0,0.0
10045289,2015/16,22,25.0,10.0
10045289,2016/17,22,25.0,10.0
10045289,2017/18,22,25.0,0.0
10045289,2018/19,22,35.0,15.0
10045289,2019/20,22,25.0,10.0
10045289,2020/21,22,0.0,5.0
10045476,2014/15,25,145.0,0.0
10045476,2015/16,25,175.0,0.0
10045476,2016/17,25,205.0,0.0
10045476,2017/18,25,285.0,0.0
10045476,2018/19,25,305.0,0.0
10045476,2019/20,19,60.0,0.0
10045476,2019/20,25,285.0,0.0
10045476,2020/21,19,45.0,0.0
10045476,2020/21,25,385.0,0.0
10045476,2021/22,19,45.0,0.0
10045476,2021/22,25,485.0,0.0
10045476,2022/23,19,75.0,0.0
10045476,2022/23,25,465.0,0.0
10045476,2023/24,19,80.0,0.0
10045476,2023/24,25,450.0,0.0
10045476,2024/25,19,60.0,0.0
10045476,2024/25,25,370.0,0.0
10048199,2015/16,15,50.0,0.0
10048199,2015/16,16,20.0,0.0
10048199,2015/16,19,25.0,0.0
10048199,2015/16,20,45.0,0.0
10048199,2016/17,15,60.0,0.0
10048199,2016/17,16,30.0,0.0
10048199,2016/17,19,25.0,0.0
10048199,2016/17,20,45.0,0.0
10048199,2017/18,15,65.0,0.0
10048199,2017/18,16,10.0,0.0
10048199,2017/18,19,20.0,0.0
10048199,2017/18,20,50.0,5.0
10048199,2018/19,15,80.0,0.0
10048199,2018/19,16,25.0,0.0
10048199,2018/19,19,20.0,0.0
10048199,2018/19,20,60.0,10.0
10048199,2019/20,15,70.0,0.0
10048199,2019/20,16,40.0,0.0
10048199,2019/20,19,25.0,0.0
10048199,2019/20,20,65.0,15.0
10048199,2020/21,09,0.0,5.0
10048199,2020/21,11,5.0,15.0
10048199,2020/21,15,95.0,0.0
10048199,2020/21,16,55.0,0.0
10048199,2020/21,17,0.0,5.0
10048199,2020/21,19,40.0,0.0
10048199,2020/21,20,80.0,10.0
10048199,2021/22,04,10.0,0.0
10048199,2021/22,09,0.0,20.0
10048199,2021/22,11,10.0,65.0
10048199,2021/22,15,90.0,0.0
10048199,2021/22,16,55.0,0.0
10048199,2021/22,17,0.0,65.0
10048199,2021/22,19,40.0,0.0
10048199,2021/22,20,100.0,10.0
10048199,2022/23,03,0.0,5.0
10048199,2022/23,04,20.0,0.0
10048199,2022/23,09,0.0,20.0
10048199,2022/23,11,20.0,225.0
10048199,2022/23,15,65.0,0.0
10048199,2022/23,16,75.0,0.0
10048199,2022/23,17,0.0,120.0
10048199,2022/23,19,40.0,0.0
10048199,2022/23,20,130.0,15.0
10048199,2022/23,23,5.0,0.0
10048199,2023/24,03,0.0,15.0
10048199,2023/24,04,30.0,0.0
10048199,2023/24,09,0.0,25.0
10048199,2023/24,11,50.0,190.0
10048199,2023/24,15,105.0,0.0
10048199,2023/24,16,65.0,0.0
10048199,2023/24,17,50.0,165.0
10048199,2023/24,19,30.0,0.0
10048199,2023/24,20,100.0,10.0
10048199,2023/24,23,5.0,0.0
10048199,2024/25,03,0.0,30.0
10048199,2024/25,04,35.0,0.0
10048199,2024/25,09,5.0,25.0
10048199,2024/25,11,100.0,230.0
10048199,2024/25,15,110.0,0.0
10048199,2024/25,16,60.0,0.0
10048199,2024/25,17,110.0,230.0
10048199,2024/25,19,20.0,20.0
10048199,2024/25,20,65.0,5.0
10048199,2024/25,23,10.0,5.0
10049370,2021/22,10,0.0,5.0
10049370,2021/22,17,0.0,5.0
10049370,2021/22,26,0.0,65.0
10049370,2022/23,10,0.0,10.0
10049370,2022/23,17,0.0,5.0
10049370,2022/23,26,0.0,90.0
10049370,2023/24,10,0.0,5.0
10049370,2023/24,17,0.0,5.0
10049370,2023/24,26,15.0,85.0
10049370,2024/25,10,0.0,10.0
10049370,2024/25,26,5.0,90.0
10053279,2015/16,02,0.0,95.0
10053279,2016/17,02,0.0,95.0
10053279,2017/18,02,0.0,220.0
10055902,2022/23,11,4015.0,0.0
10055902,2022/23,17,1155.0,0.0
10055902,2023/24,11,5435.0,10.0
10055902,2023/24,17,1180.0,0.0
10055902,2024/25,11,5510.0,30.0
10055902,2024/25,17,2995.0,25.0
10057213,2020/21,03,5.0,5.0
10057213,2020/21,04,5.0,0.0
10057213,2020/21,10,70.0,5.0
10057213,2020/21,15,10.0,5.0
10057213,2020/21,17,335.0,35.0
10057213,2020/21,25,5.0,0.0
10057213,2021/22,03,5.0,0.0
10057213,2021/22,10,130.0,10.0
10057213,2021/22,11,35.0,0.0
10057213,2021/22,15,10.0,5.0
10057213,2021/22,16,20.0,0.0
10057213,2021/22,17,510.0,80.0
10057213,2022/23,07,10.0,0.0
10057213,2022/23,10,160.0,10.0
10057213,2022/23,11,30.0,0.0
10057213,2022/23,15,25.0,5.0
10057213,2022/23,16,30.0,0.0
10057213,2022/23,17,715.0,55.0
10057213,2022/23,23,5.0,0.0
10057213,2022/23,25,5.0,0.0
10057213,2023/24,10,80.0,0.0
10057213,2023/24,11,45.0,0.0
10057213,2023/24,16,30.0,0.0
10057213,2023/24,17,335.0,10.0
10057213,2023/24,23,265.0,10.0
10057213,2024/25,10,70.0,0.0
10057213,2024/25,11,30.0,0.0
10057213,2024/25,16,25.0,0.0
10057213,2024/25,17,290.0,0.0
10057213,2024/25,23,180.0,20.0
10057622,2023/24,17,30.0,0.0
10057622,2023/24,22,10.0,0.0
10057622,2024/25,11,80.0,0.0
10057622,2024/25,13,30.0,0.0
10057622,2024/25,17,300.0,0.0
10057622,2024/25,22,10.0,0.0
10057622,2024/25,25,20.0,0.0
10057951,2016/17,25,220.0,20.0
10062759,2020/21,22,220.0,0.0
10062759,2021/22,22,920.0,0.0
10062759,2022/23,17,445.0,0.0
10062759,2022/23,22,1915.0,0.0
10062810,2018/19,13,75.0,0.0
10062810,2019/20,13,90.0,0.0
10062810,2020/21,13,105.0,0.0
10062810,2021/22,13,115.0,0.0
10062810,2022/23,13,115.0,0.0
10062810,2023/24,13,120.0,0.0
10062810,2024/25,13,125.0,0.0
10062833,2020/21,25,50.0,0.0
10062833,2021/22,25,40.0,0.0
10062833,2022/23,25,50.0,0.0
10062833,2023/24,25,55.0,0.0
10062833,2024/25,25,50.0,0.0
10065543,2024/25,17,30.0,0.0
10066143,2021/22,15,60.0,5.0
10066143,2021/22,17,110.0,5.0
10066143,2022/23,15,60.0,10.0
10066143,2022/23,17,110.0,20.0
10066143,2023/24,15,50.0,0.0
10066143,2023/24,17,95.0,0.0
10066143,2024/25,15,60.0,0.0
10066143,2024/25,17,115.0,0.0
10066502,2020/21,02,50.0,235.0
10066502,2021/22,02,80.0,265.0
10066502,2022/23,02,70.0,285.0
10066502,2023/24,02,65.0,240.0
10066502,2023/24,06,5.0,50.0
10066502,2024/25,02,60.0,235.0
10066502,2024/25,06,20.0,50.0
10066551,2017/18,17,15.0,5.0
10066551,2017/18,19,5.0,0.0
10066551,2017/18,25,210.0,15.0
10066551,2018/19,17,25.0,10.0
10066551,2018/19,19,10.0,0.0
10066551,2018/19,25,190.0,20.0
10066551,2019/20,17,5.0,0.0
10066551,2019/20,19,5.0,0.0
10066551,2019/20,25,125.0,10.0
10066551,2020/21,17,5.0,0.0
10066551,2020/21,19,5.0,0.0
10066551,2020/21,25,70.0,5.0
10066551,2021/22,25,30.0,0.0
10067355,2021/22,10,0.0,40.0
10067355,2022/23,10,0.0,80.0
10067355,2023/24,10,0.0,120.0
10067355,2024/25,10,0.0,165.0
10067355,2024/25,11,0.0,15.0
10067388,2019/20,19,5.0,0.0
10067388,2019/20,20,45.0,0.0
10067388,2020/21,19,5.0,0.0
10067388,2020/21,20,70.0,0.0
10067388,2021/22,19,5.0,0.0
10067388,2021/22,20,75.0,0.0
10067388,2022/23,19,5.0,0.0
10067388,2022/23,20,90.0,0.0
10067388,2023/24,19,5.0,0.0
10067388,2023/24,20,85.0,0.0
10067388,2024/25,19,5.0,0.0
10067388,2024/25,20,70.0,0.0
10067406,2021/22,10,35.0,0.0
10067406,2022/23,10,55.0,0.0
10067406,2023/24,10,100.0,0.0
10067406,2024/25,10,110.0,0.0
10067601,2021/22,25,20.0,0.0
10067601,2022/23,25,60.0,0.0
10067601,2023/24,25,105.0,0.0
10067601,2024/25,25,95.0,0.0
10067623,2021/22,07,15.0,0.0
10067623,2021/22,15,15.0,0.0
10067623,2021/22,23,15.0,0.0
10067623,2021/22,25,15.0,0.0
10067623,2021/22,26,15.0,0.0
10067623,2022/23,07,20.0,0.0
10067623,2022/23,15,20.0,0.0
10067623,2022/23,23,20.0,0.0
10067623,2022/23,25,20.0,0.0
10067623,2022/23,26,20.0,0.0
10067623,2023/24,07,25.0,5.0
10067623,2023/24,15,25.0,5.0
10067623,2023/24,23,25.0,5.0
10067623,2023/24,25,25.0,5.0
10067623,2023/24,26,25.0,5.0
10067623,2024/25,07,25.0,5.0
10067623,2024/25,15,25.0,5.0
10067623,2024/25,23,25.0,5.0
10067623,2024/25,25,25.0,5.0
10067623,2024/25,26,25.0,5.0
10067853,2018/19,25,1185.0,0.0
10067853,2019/20,25,1010.0,0.0
10067853,2020/21,11,10.0,0.0
10067853,2020/21,25,1170.0,0.0
10067853,2021/22,11,40.0,0.0
10067853,2021/22,25,920.0,5.0
10067853,2022/23,11,105.0,0.0
10067853,2022/23,25,910.0,10.0
10067853,2023/24,11,115.0,0.0
10067853,2023/24,25,825.0,5.0
10067853,2024/25,11,90.0,0.0
10067853,2024/25,25,750.0,20.0
10068157,2019/20,03,25.0,0.0
10068157,2019/20,04,10.0,0.0
10068157,2019/20,07,15.0,0.0
10068157,2019/20,11,20.0,0.0
10068157,2019/20,15,30.0,0.0
10068157,2019/20,17,35.0,0.0
10068157,2019/20,19,5.0,0.0
10068157,2019/20,22,35.0,0.0
10068157,2019/20,24,20.0,0.0
10068157,2020/21,03,50.0,5.0
10068157,2020/21,04,20.0,0.0
10068157,2020/21,06,10.0,0.0
10068157,2020/21,07,30.0,0.0
10068157,2020/21,10,0.0,30.0
10068157,2020/21,11,35.0,0.0
10068157,2020/21,13,0.0,20.0
10068157,2020/21,15,60.0,0.0
10068157,2020/21,17,60.0,0.0
10068157,2020/21,19,5.0,0.0
10068157,2020/21,20,10.0,0.0
10068157,2020/21,22,75.0,20.0
10068157,2020/21,24,25.0,0.0
10068157,2020/21,25,240.0,0.0
10068157,2021/22,02,15.0,0.0
10068157,2021/22,03,55.0,0.0
10068157,2021/22,04,15.0,0.0
10068157,2021/22,06,10.0,0.0
10068157,2021/22,07,30.0,0.0
10068157,2021/22,10,0.0,20.0
10068157,2021/22,11,40.0,0.0
10068157,2021/22,13,0.0,15.0
10068157,2021/22,15,65.0,0.0
10068157,2021/22,17,60.0,0.0
10068157,2021/22,19,10.0,0.0
10068157,2021/22,20,10.0,0.0
10068157,2021/22,22,70.0,20.0
10068157,2021/22,24,35.0,0.0
10068157,2021/22,25,275.0,0.0
10068157,2022/23,02,15.0,0.0
10068157,2022/23,03,45.0,0.0
10068157,2022/23,04,35.0,0.0
10068157,2022/23,06,10.0,5.0
10068157,2022/23,07,25.0,0.0
10068157,2022/23,10,5.0,25.0
10068157,2022/23,11,30.0,0.0
10068157,2022/23,15,25.0,0.0
10068157,2022/23,17,45.0,0.0
10068157,2022/23,19,10.0,0.0
10068157,2022/23,20,15.0,0.0
10068157,2022/23,22,50.0,20.0
10068157,2022/23,24,35.0,0.0
10068157,2022/23,25,320.0,0.0
10068157,2023/24,02,30.0,0.0
10068157,2023/24,03,40.0,0.0
10068157,2023/24,04,30.0,0.0
10068157,2023/24,06,15.0,5.0
10068157,2023/24,07,20.0,0.0
10068157,2023/24,10,5.0,25.0
10068157,2023/24,11,10.0,0.0
10068157,2023/24,15,20.0,0.0
10068157,2023/24,17,40.0,0.0
10068157,2023/24,19,15.0,0.0
10068157,2023/24,22,35.0,30.0
10068157,2023/24,24,45.0,0.0
10068157,2023/24,25,190.0,5.0
10068157,2024/25,02,65.0,0.0
10068157,2024/25,03,35.0,0.0
10068157,2024/25,04,15.0,0.0
10068157,2024/25,06,15.0,0.0
10068157,2024/25,07,25.0,0.0
10068157,2024/25,10,15.0,25.0
10068157,2024/25,11,5.0,0.0
10068157,2024/25,15,20.0,0.0
10068157,2024/25,17,30.0,0.0
10068157,2024/25,19,15.0,0.0
10068157,2024/25,20,5.0,0.0
10068157,2024/25,22,25.0,35.0
10068157,2024/25,24,40.0,0.0
10068157,2024/25,25,25.0,0.0
10080811,2018/19,02,15.0,0.0
10080811,2018/19,03,510.0,60.0
10080811,2018/19,05,200.0,0.0
10080811,2018/19,06,670.0,135.0
10080811,2018/19,17,180.0,15.0
10080811,2018/19,22,15.0,0.0
10080811,2018/19,23,10.0,10.0
10080811,2019/20,03,495.0,75.0
10080811,2019/20,05,255.0,5.0
10080811,2019/20,06,880.0,145.0
10080811,2019/20,17,135.0,5.0
10080811,2020/21,03,525.0,80.0
10080811,2020/21,05,260.0,5.0
10080811,2020/21,06,1050.0,145.0
10080811,2020/21,17,135.0,0.0
10080811,2021/22,03,540.0,90.0
10080811,2021/22,05,255.0,5.0
10080811,2021/22,06,1180.0,145.0
10080811,2021/22,17,130.0,10.0
10080811,2022/23,03,600.0,105.0
10080811,2022/23,05,290.0,15.0
10080811,2022/23,06,1195.0,160.0
10080811,2022/23,17,140.0,5.0
10080811,2023/24,03,635.0,100.0
10080811,2023/24,05,300.0,35.0
10080811,2023/24,06,1145.0,175.0
10080811,2023/24,17,150.0,5.0
10080811,2024/25,03,660.0,85.0
10080811,2024/25,05,335.0,20.0
10080811,2024/25,06,1115.0,150.0
10080811,2024/25,17,180.0,0.0
10081618,2020/21,16,85.0,0.0
10081618,2021/22,16,165.0,0.0
10081618,2022/23,16,215.0,0.0
10081618,2023/24,16,360.0,0.0
10081618,2024/25,16,475.0,0.0
10082570,2020/21,10,75.0,0.0
10082570,2020/21,11,70.0,0.0
10082570,2020/21,13,10.0,0.0
10082570,2020/21,15,20.0,0.0
10082570,2020/21,16,30.0,0.0
10082570,2020/21,17,325.0,0.0
10082570,2020/21,24,10.0,0.0
10082570,2021/22,03,10.0,0.0
10082570,2021/22,04,15.0,0.0
10082570,2021/22,10,120.0,0.0
10082570,2021/22,11,140.0,0.0
10082570,2021/22,13,20.0,0.0
10082570,2021/22,15,20.0,0.0
10082570,2021/22,16,30.0,0.0
10082570,2021/22,17,445.0,0.0
10082570,2021/22,24,10.0,0.0
10082570,2022/23,03,20.0,0.0
10082570,2022/23,04,20.0,0.0
10082570,2022/23,10,140.0,0.0
10082570,2022/23,11,235.0,0.0
10082570,2022/23,13,30.0,0.0
10082570,2022/23,15,25.0,0.0
10082570,2022/23,16,45.0,0.0
10082570,2022/23,17,530.0,0.0
10082570,2022/23,24,15.0,0.0
10082570,2023/24,03,20.0,0.0
10082570,2023/24,04,20.0,0.0
10082570,2023/24,10,130.0,0.0
10082570,2023/24,11,210.0,0.0
10082570,2023/24,13,25.0,0.0
10082570,2023/24,15,20.0,0.0
10082570,2023/24,16,25.0,0.0
10082570,2023/24,17,455.0,0.0
10082570,2023/24,24,10.0,0.0
10082570,2024/25,03,15.0,0.0
10082570,2024/25,04,15.0,0.0
10082570,2024/25,10,115.0,0.0
10082570,2024/25,11,195.0,0.0
10082570,2024/25,13,25.0,0.0
10082570,2024/25,15,10.0,0.0
10082570,2024/25,16,50.0,0.0
10082570,2024/25,17,460.0,0.0
10082570,2024/25,24,5.0,0.0
10082728,2020/21,17,50.0,5.0
10082728,2021/22,17,80.0,5.0
10082728,2021/22,19,10.0,0.0
10082728,2021/22,23,10.0,0.0
10082728,2022/23,17,110.0,0.0
10082728,2023/24,17,95.0,0.0
10082728,2024/25,17,105.0,5.0
10082743,2020/21,11,5.0,10.0
10082743,2020/21,25,10.0,30.0
10082743,2021/22,10,10.0,20.0
10082743,2021/22,11,0.0,5.0
10082743,2021/22,25,15.0,35.0
10082743,2022/23,10,10.0,35.0
10082743,2022/23,11,5.0,10.0
10082743,2022/23,17,0.0,5.0
10082743,2022/23,25,15.0,55.0
10082743,2023/24,10,0.0,40.0
10082743,2023/24,11,0.0,15.0
10082743,2023/24,25,0.0,65.0
10082743,2024/25,10,5.0,40.0
10082743,2024/25,11,0.0,15.0
10082743,2024/25,25,10.0,70.0
10082828,2021/22,16,10.0,110.0
10082828,2022/23,16,35.0,435.0
10082828,2023/24,16,85.0,705.0
10082828,2024/25,16,100.0,730.0
10083403,2021/22,10,25.0,0.0
10083403,2022/23,10,70.0,0.0
10083403,2023/24,10,120.0,0.0
10083403,2024/25,10,165.0,0.0
10083464,2022/23,17,25.0,0.0
10083464,2023/24,17,45.0,0.0
10083464,2024/25,17,45.0,0.0
10083476,2019/20,25,25.0,0.0
10083476,2020/21,25,20.0,0.0
10083476,2021/22,25,15.0,5.0
10083476,2022/23,25,20.0,5.0
10083476,2023/24,25,20.0,5.0
10083476,2024/25,25,20.0,5.0
10086359,2023/24,22,210.0,0.0
10086359,2024/25,11,280.0,0.0
10086359,2024/25,13,50.0,0.0
10086359,2024/25,17,170.0,0.0
10086591,2020/21,02,30.0,205.0
10086591,2020/21,04,85.0,0.0
10086591,2020/21,09,25.0,0.0
10086591,2020/21,15,30.0,0.0
10086591,2020/21,17,970.0,0.0
10086591,2020/21,19,10.0,0.0
10086591,2020/21,20,10.0,0.0
10086591,2020/21,22,0.0,5.0
10086591,2020/21,23,250.0,0.0
10086591,2020/21,24,65.0,0.0
10086591,2020/21,25,175.0,0.0
10086591,2021/22,02,20.0,225.0
10086591,2021/22,04,75.0,0.0
10086591,2021/22,09,25.0,0.0
10086591,2021/22,11,15.0,0.0
10086591,2021/22,15,30.0,0.0
10086591,2021/22,17,940.0,0.0
10086591,2021/22,19,10.0,0.0
10086591,2021/22,20,10.0,0.0
10086591,2021/22,22,0.0,15.0
10086591,2021/22,23,260.0,0.0
10086591,2021/22,24,60.0,0.0
10086591,2021/22,25,180.0,0.0
10086591,2022/23,02,20.0,240.0
10086591,2022/23,04,95.0,0.0
10086591,2022/23,09,25.0,0.0
10086591,2022/23,11,25.0,0.0
10086591,2022/23,15,30.0,0.0
10086591,2022/23,17,1135.0,0.0
10086591,2022/23,19,10.0,0.0
10086591,2022/23,20,5.0,0.0
10086591,2022/23,22,0.0,20.0
10086591,2022/23,23,230.0,0.0
10086591,2022/23,24,80.0,0.0
10086591,2022/23,25,225.0,0.0
10086591,2023/24,02,15.0,305.0
10086591,2023/24,04,105.0,0.0
10086591,2023/24,09,25.0,0.0
10086591,2023/24,11,35.0,0.0
10086591,2023/24,15,40.0,0.0
10086591,2023/24,17,1335.0,0.0
10086591,2023/24,19,10.0,0.0
10086591,2023/24,20,5.0,0.0
10086591,2023/24,22,0.0,20.0
10086591,2023/24,23,150.0,0.0
10086591,2023/24,24,95.0,0.0
10086591,2023/24,25,260.0,0.0
10086591,2024/25,02,10.0,305.0
10086591,2024/25,04,105.0,0.0
10086591,2024/25,09,15.0,0.0
10086591,2024/25,11,40.0,0.0
10086591,2024/25,15,60.0,0.0
10086591,2024/25,17,1540.0,0.0
10086591,2024/25,19,10.0,0.0
10086591,2024/25,20,5.0,0.0
10086591,2024/25,22,0.0,25.0
10086591,2024/25,23,145.0,0.0
10086591,2024/25,24,85.0,0.0
10086591,2024/25,25,280.0,0.0
10086591,2024/25,26,5.0,0.0
10088214,2023/24,17,35.0,10.0
10088214,2024/25,17,75.0,80.0
10089591,2022/23,17,290.0,40.0
10089591,2023/24,09,0.0,20.0
10089591,2023/24,11,0.0,135.0
10089591,2023/24,17,320.0,215.0
10089591,2023/24,24,0.0,10.0
10089591,2024/25,02,0.0,15.0
10089591,2024/25,04,0.0,5.0
10089591,2024/25,09,0.0,15.0
10089591,2024/25,11,5.0,160.0
10089591,2024/25,17,190.0,315.0
10089591,2024/25,24,0.0,10.0
10090767,2023/24,20,25.0,185.0
10090767,2024/25,20,10.0,195.0
10090839,2024/25,22,750.0,90.0
10091065,2024/25,25,35.0,0.0
10092025,2024/25,17,50.0,0.0
